opcode,lcs_source_command,vcs_target,vcs_target_function,vcs_descriptor,vcs_local_offset,vcs_selector,status
0,COMMAND_NOP,0x002b73e0,,0x00000000,0,0,NUMERIC_SLOT_PRESENT_BOTH_UNVERIFIED
1,COMMAND_WAIT,0x0029a5a8,FUN_0029a5a8,0x00000000,0,0,NUMERIC_SLOT_PRESENT_BOTH_UNVERIFIED
2,COMMAND_GOTO,0x002b73e8,FUN_002b73e8,0x00000000,0,0,NUMERIC_SLOT_PRESENT_BOTH_UNVERIFIED
3,COMMAND_SHAKE_CAM,0x0018b930,FUN_0018b930,0x00000000,0,0,NUMERIC_SLOT_PRESENT_BOTH_UNVERIFIED
4,COMMAND_SET_VAR_INT,0x002b7448,FUN_002b7448,0x00000000,0,0,NUMERIC_SLOT_PRESENT_BOTH_UNVERIFIED
5,COMMAND_SET_VAR_FLOAT,0x002b7448,FUN_002b7448,0x00000000,0,0,NUMERIC_SLOT_PRESENT_BOTH_UNVERIFIED
6,COMMAND_SET_LVAR_INT,0x002b74a8,FUN_002b74a8,0x00000000,0,0,NUMERIC_SLOT_PRESENT_BOTH_UNVERIFIED
7,COMMAND_SET_LVAR_FLOAT,0x002b7508,FUN_002b7508,0x00000000,0,0,NUMERIC_SLOT_PRESENT_BOTH_UNVERIFIED
8,COMMAND_ADD_VAL_TO_INT_VAR,0x002b7570,FUN_002b7570,0x00000000,0,0,NUMERIC_SLOT_PRESENT_BOTH_UNVERIFIED
9,COMMAND_ADD_VAL_TO_FLOAT_VAR,0x002b75d8,FUN_002b75d8,0x00000000,0,0,NUMERIC_SLOT_PRESENT_BOTH_UNVERIFIED
10,COMMAND_ADD_VAL_TO_INT_LVAR,0x002b7640,FUN_002b7640,0x00000000,0,0,NUMERIC_SLOT_PRESENT_BOTH_UNVERIFIED
11,COMMAND_ADD_VAL_TO_FLOAT_LVAR,0x002b76a8,FUN_002b76a8,0x00000000,0,0,NUMERIC_SLOT_PRESENT_BOTH_UNVERIFIED
12,COMMAND_SUB_VAL_FROM_INT_VAR,0x002b7714,FUN_002b7714,0x00000000,0,0,NUMERIC_SLOT_PRESENT_BOTH_UNVERIFIED
13,COMMAND_SUB_VAL_FROM_FLOAT_VAR,0x002b777c,FUN_002b777c,0x00000000,0,0,NUMERIC_SLOT_PRESENT_BOTH_UNVERIFIED
14,COMMAND_SUB_VAL_FROM_INT_LVAR,0x002b77e8,FUN_002b77e8,0x00000000,0,0,NUMERIC_SLOT_PRESENT_BOTH_UNVERIFIED
15,COMMAND_SUB_VAL_FROM_FLOAT_LVAR,0x002b7850,FUN_002b7850,0x00000000,0,0,NUMERIC_SLOT_PRESENT_BOTH_UNVERIFIED
16,COMMAND_MULT_INT_VAR_BY_VAL,0x002b7850,FUN_002b7850,0x00000000,0,0,NUMERIC_SLOT_PRESENT_BOTH_UNVERIFIED
17,COMMAND_MULT_FLOAT_VAR_BY_VAL,0x002b7850,FUN_002b7850,0x00000000,0,0,NUMERIC_SLOT_PRESENT_BOTH_UNVERIFIED
18,COMMAND_MULT_INT_LVAR_BY_VAL,0x002b7918,FUN_002b7918,0x00000000,0,0,NUMERIC_SLOT_PRESENT_BOTH_UNVERIFIED
19,COMMAND_MULT_FLOAT_LVAR_BY_VAL,0x002b7918,FUN_002b7918,0x00000000,0,0,NUMERIC_SLOT_PRESENT_BOTH_UNVERIFIED
20,COMMAND_DIV_INT_VAR_BY_VAL,0x002b7918,FUN_002b7918,0x00000000,0,0,NUMERIC_SLOT_PRESENT_BOTH_UNVERIFIED
21,COMMAND_DIV_FLOAT_VAR_BY_VAL,0x002b79f0,FUN_002b79f0,0x00000000,0,0,NUMERIC_SLOT_PRESENT_BOTH_UNVERIFIED
22,COMMAND_DIV_INT_LVAR_BY_VAL,0x002b79f0,FUN_002b79f0,0x00000000,0,0,NUMERIC_SLOT_PRESENT_BOTH_UNVERIFIED
23,COMMAND_DIV_FLOAT_LVAR_BY_VAL,0x002b79f0,FUN_002b79f0,0x00000000,0,0,NUMERIC_SLOT_PRESENT_BOTH_UNVERIFIED
24,COMMAND_IS_INT_VAR_GREATER_THAN_NUMBER,0x002b7abc,FUN_002b7abc,0x00000000,0,0,NUMERIC_SLOT_PRESENT_BOTH_UNVERIFIED
25,COMMAND_IS_INT_LVAR_GREATER_THAN_NUMBER,0x002b7abc,FUN_002b7abc,0x00000000,0,0,NUMERIC_SLOT_PRESENT_BOTH_UNVERIFIED
26,COMMAND_IS_NUMBER_GREATER_THAN_INT_VAR,0x002b7abc,FUN_002b7abc,0x00000000,0,0,NUMERIC_SLOT_PRESENT_BOTH_UNVERIFIED
27,COMMAND_IS_NUMBER_GREATER_THAN_INT_LVAR,0x002b7b94,FUN_002b7b94,0x00000000,0,0,NUMERIC_SLOT_PRESENT_BOTH_UNVERIFIED
28,COMMAND_IS_INT_VAR_GREATER_THAN_INT_VAR,0x002b7b94,FUN_002b7b94,0x00000000,0,0,NUMERIC_SLOT_PRESENT_BOTH_UNVERIFIED
29,COMMAND_IS_INT_LVAR_GREATER_THAN_INT_LVAR,0x002b7b94,FUN_002b7b94,0x00000000,0,0,NUMERIC_SLOT_PRESENT_BOTH_UNVERIFIED
30,COMMAND_IS_INT_VAR_GREATER_THAN_INT_LVAR,0x002b7b94,FUN_002b7b94,0x00000000,0,0,NUMERIC_SLOT_PRESENT_BOTH_UNVERIFIED
31,COMMAND_IS_INT_LVAR_GREATER_THAN_INT_VAR,0x002eb2c4,FUN_002eb2c4,0x00000000,0,0,NUMERIC_SLOT_PRESENT_BOTH_UNVERIFIED
32,COMMAND_IS_FLOAT_VAR_GREATER_THAN_NUMBER,0x002eb2c4,FUN_002eb2c4,0x00000000,0,0,NUMERIC_SLOT_PRESENT_BOTH_UNVERIFIED
33,COMMAND_IS_FLOAT_LVAR_GREATER_THAN_NUMBER,0x002b7c60,FUN_002b7c60,0x00000000,0,0,NUMERIC_SLOT_PRESENT_BOTH_UNVERIFIED
34,COMMAND_IS_NUMBER_GREATER_THAN_FLOAT_VAR,0x002b7ccc,FUN_002b7ccc,0x00000000,0,0,NUMERIC_SLOT_PRESENT_BOTH_UNVERIFIED
35,COMMAND_IS_NUMBER_GREATER_THAN_FLOAT_LVAR,0x002b7d38,FUN_002b7d38,0x00000000,0,0,NUMERIC_SLOT_PRESENT_BOTH_UNVERIFIED
36,COMMAND_IS_FLOAT_VAR_GREATER_THAN_FLOAT_VAR,0x002b7d84,FUN_002b7d84,0x00000000,0,0,NUMERIC_SLOT_PRESENT_BOTH_UNVERIFIED
37,COMMAND_IS_FLOAT_LVAR_GREATER_THAN_FLOAT_LVAR,0x002b7e08,FUN_002b7e08,0x00000000,0,0,NUMERIC_SLOT_PRESENT_BOTH_UNVERIFIED
38,COMMAND_IS_FLOAT_VAR_GREATER_THAN_FLOAT_LVAR,0x002b7e88,FUN_002b7e88,0x00000000,0,0,NUMERIC_SLOT_PRESENT_BOTH_UNVERIFIED
39,COMMAND_IS_FLOAT_LVAR_GREATER_THAN_FLOAT_VAR,0x00253e10,FUN_00253e10,0x00000000,0,0,NUMERIC_SLOT_PRESENT_BOTH_UNVERIFIED
40,COMMAND_IS_INT_VAR_GREATER_OR_EQUAL_TO_NUMBER,0x001da020,FUN_001da020,0x00000000,0,0,NUMERIC_SLOT_PRESENT_BOTH_UNVERIFIED
41,COMMAND_IS_INT_LVAR_GREATER_OR_EQUAL_TO_NUMBER,0x002b7508,FUN_002b7508,0x00000000,0,0,NUMERIC_SLOT_PRESENT_BOTH_UNVERIFIED
42,COMMAND_IS_NUMBER_GREATER_OR_EQUAL_TO_INT_VAR,0x002b7570,FUN_002b7570,0x00000000,0,0,NUMERIC_SLOT_PRESENT_BOTH_UNVERIFIED
43,COMMAND_IS_NUMBER_GREATER_OR_EQUAL_TO_INT_LVAR,0x002b75d8,FUN_002b75d8,0x00000000,0,0,NUMERIC_SLOT_PRESENT_BOTH_UNVERIFIED
44,COMMAND_IS_INT_VAR_GREATER_OR_EQUAL_TO_INT_VAR,0x002b7640,FUN_002b7640,0x00000000,0,0,NUMERIC_SLOT_PRESENT_BOTH_UNVERIFIED
45,COMMAND_IS_INT_LVAR_GREATER_OR_EQUAL_TO_INT_LVAR,0x002b76a8,FUN_002b76a8,0x00000000,0,0,NUMERIC_SLOT_PRESENT_BOTH_UNVERIFIED
46,COMMAND_IS_INT_VAR_GREATER_OR_EQUAL_TO_INT_LVAR,0x002b7714,FUN_002b7714,0x00000000,0,0,NUMERIC_SLOT_PRESENT_BOTH_UNVERIFIED
47,COMMAND_IS_INT_LVAR_GREATER_OR_EQUAL_TO_INT_VAR,0x002b777c,FUN_002b777c,0x00000000,0,0,NUMERIC_SLOT_PRESENT_BOTH_UNVERIFIED
48,COMMAND_IS_FLOAT_VAR_GREATER_OR_EQUAL_TO_NUMBER,0x002b77e8,FUN_002b77e8,0x00000000,0,0,NUMERIC_SLOT_PRESENT_BOTH_UNVERIFIED
49,COMMAND_IS_FLOAT_LVAR_GREATER_OR_EQUAL_TO_NUMBER,0x002b7ea8,FUN_002b7ea8,0x00000000,0,0,NUMERIC_SLOT_PRESENT_BOTH_UNVERIFIED
50,COMMAND_IS_NUMBER_GREATER_OR_EQUAL_TO_FLOAT_VAR,0x002b7ea8,FUN_002b7ea8,0x00000000,0,0,NUMERIC_SLOT_PRESENT_BOTH_UNVERIFIED
51,COMMAND_IS_NUMBER_GREATER_OR_EQUAL_TO_FLOAT_LVAR,0x002b7f18,FUN_002b7f18,0x00000000,0,0,NUMERIC_SLOT_PRESENT_BOTH_UNVERIFIED
52,COMMAND_IS_FLOAT_VAR_GREATER_OR_EQUAL_TO_FLOAT_VAR,0x002b7f18,FUN_002b7f18,0x00000000,0,0,NUMERIC_SLOT_PRESENT_BOTH_UNVERIFIED
53,COMMAND_IS_FLOAT_LVAR_GREATER_OR_EQUAL_TO_FLOAT_LVAR,0x002b7448,FUN_002b7448,0x00000000,0,0,NUMERIC_SLOT_PRESENT_BOTH_UNVERIFIED
54,COMMAND_IS_FLOAT_VAR_GREATER_OR_EQUAL_TO_FLOAT_LVAR,0x002b7448,FUN_002b7448,0x00000000,0,0,NUMERIC_SLOT_PRESENT_BOTH_UNVERIFIED
55,COMMAND_IS_FLOAT_LVAR_GREATER_OR_EQUAL_TO_FLOAT_VAR,0x002b74a8,FUN_002b74a8,0x00000000,0,0,NUMERIC_SLOT_PRESENT_BOTH_UNVERIFIED
56,COMMAND_IS_INT_VAR_EQUAL_TO_NUMBER,0x002b7f88,FUN_002b7f88,0x00000000,0,0,NUMERIC_SLOT_PRESENT_BOTH_UNVERIFIED
57,COMMAND_IS_INT_LVAR_EQUAL_TO_NUMBER,0x002b7fe8,FUN_002b7fe8,0x00000000,0,0,NUMERIC_SLOT_PRESENT_BOTH_UNVERIFIED
58,COMMAND_IS_INT_VAR_EQUAL_TO_INT_VAR,0x002b8048,FUN_002b8048,0x00000000,0,0,NUMERIC_SLOT_PRESENT_BOTH_UNVERIFIED
59,COMMAND_IS_INT_LVAR_EQUAL_TO_INT_LVAR,0x002b8088,FUN_002b8088,0x00000000,0,0,NUMERIC_SLOT_PRESENT_BOTH_UNVERIFIED
60,COMMAND_IS_INT_VAR_EQUAL_TO_INT_LVAR,0x00000158,FUN_00000158,0x00000000,0,0,NUMERIC_SLOT_PRESENT_BOTH_UNVERIFIED
61,COMMAND_IS_INT_VAR_NOT_EQUAL_TO_NUMBER,0x000001c0,FUN_000001c0,0x00000000,0,0,NUMERIC_SLOT_PRESENT_BOTH_UNVERIFIED
62,COMMAND_IS_INT_LVAR_NOT_EQUAL_TO_NUMBER,0x0032dc24,FUN_0032dc24,0x00000000,0,0,NUMERIC_SLOT_PRESENT_BOTH_UNVERIFIED
63,COMMAND_IS_INT_VAR_NOT_EQUAL_TO_INT_VAR,0x0032316c,FUN_0032316c,0x00000000,0,0,NUMERIC_SLOT_PRESENT_BOTH_UNVERIFIED
64,COMMAND_IS_INT_LVAR_NOT_EQUAL_TO_INT_LVAR,0x00003d14,FUN_00003d14,0x00000000,0,0,NUMERIC_SLOT_PRESENT_BOTH_UNVERIFIED
65,COMMAND_IS_INT_VAR_NOT_EQUAL_TO_INT_LVAR,0x00003dd0,FUN_00003dd0,0x00000000,0,0,NUMERIC_SLOT_PRESENT_BOTH_UNVERIFIED
66,COMMAND_IS_FLOAT_VAR_EQUAL_TO_NUMBER,0x00003f54,FUN_00003f54,0x00000000,0,0,NUMERIC_SLOT_PRESENT_BOTH_UNVERIFIED
67,COMMAND_IS_FLOAT_LVAR_EQUAL_TO_NUMBER,0x0032321c,FUN_0032321c,0x00000000,0,0,NUMERIC_SLOT_PRESENT_BOTH_UNVERIFIED
68,COMMAND_IS_FLOAT_VAR_EQUAL_TO_FLOAT_VAR,0x003232f8,FUN_003232f8,0x00000000,0,0,NUMERIC_SLOT_PRESENT_BOTH_UNVERIFIED
69,COMMAND_IS_FLOAT_LVAR_EQUAL_TO_FLOAT_LVAR,0x003233f0,FUN_003233f0,0x00000000,0,0,NUMERIC_SLOT_PRESENT_BOTH_UNVERIFIED
70,COMMAND_IS_FLOAT_VAR_EQUAL_TO_FLOAT_LVAR,0x00323538,FUN_00323538,0x00000000,0,0,NUMERIC_SLOT_PRESENT_BOTH_UNVERIFIED
71,COMMAND_IS_FLOAT_VAR_NOT_EQUAL_TO_NUMBER,0x00323708,FUN_00323708,0x00000000,0,0,NUMERIC_SLOT_PRESENT_BOTH_UNVERIFIED
72,COMMAND_IS_FLOAT_LVAR_NOT_EQUAL_TO_NUMBER,0x002e82c8,FUN_002e82c8,0x00000000,0,0,NUMERIC_SLOT_PRESENT_BOTH_UNVERIFIED
73,COMMAND_IS_FLOAT_VAR_NOT_EQUAL_TO_FLOAT_VAR,0x002e03c8,FUN_002e03c8,0x00000000,0,0,NUMERIC_SLOT_PRESENT_BOTH_UNVERIFIED
74,COMMAND_IS_FLOAT_LVAR_NOT_EQUAL_TO_FLOAT_LVAR,0x002e0484,FUN_002e0484,0x00000000,0,0,NUMERIC_SLOT_PRESENT_BOTH_UNVERIFIED
75,COMMAND_IS_FLOAT_VAR_NOT_EQUAL_TO_FLOAT_LVAR,0x002e064c,FUN_002e064c,0x00000000,0,0,NUMERIC_SLOT_PRESENT_BOTH_UNVERIFIED
76,COMMAND_GOTO_IF_TRUE,0x002e06d0,FUN_002e06d0,0x00000000,0,0,NUMERIC_SLOT_PRESENT_BOTH_UNVERIFIED
77,COMMAND_GOTO_IF_FALSE,0x002e0718,FUN_002e0718,0x00000000,0,0,NUMERIC_SLOT_PRESENT_BOTH_UNVERIFIED
78,COMMAND_TERMINATE_THIS_SCRIPT,0x002e07b0,FUN_002e07b0,0x00000000,0,0,NUMERIC_SLOT_PRESENT_BOTH_UNVERIFIED
79,COMMAND_START_NEW_SCRIPT,0x002e0880,FUN_002e0880,0x00000000,0,0,NUMERIC_SLOT_PRESENT_BOTH_UNVERIFIED
80,COMMAND_GOSUB,0x002e0970,FUN_002e0970,0x00000000,0,0,NUMERIC_SLOT_PRESENT_BOTH_UNVERIFIED
81,COMMAND_RETURN,0x002e0a1c,FUN_002e0a1c,0x00000000,0,0,NUMERIC_SLOT_PRESENT_BOTH_UNVERIFIED
82,COMMAND_LINE,0x002e0a78,FUN_002e0a78,0x00000000,0,0,NUMERIC_SLOT_PRESENT_BOTH_UNVERIFIED
83,COMMAND_CREATE_PLAYER,0x002e0b48,FUN_002e0b48,0x00000000,0,0,NUMERIC_SLOT_PRESENT_BOTH_UNVERIFIED
84,COMMAND_GET_PLAYER_COORDINATES,0x002e0c74,FUN_002e0c74,0x00000000,0,0,NUMERIC_SLOT_PRESENT_BOTH_UNVERIFIED
85,COMMAND_SET_PLAYER_COORDINATES,0x002eb3d0,FUN_002eb3d0,0x00000000,0,0,NUMERIC_SLOT_PRESENT_BOTH_UNVERIFIED
86,COMMAND_IS_PLAYER_IN_AREA_2D,0x002eb4bc,FUN_002eb4bc,0x00000000,0,0,NUMERIC_SLOT_PRESENT_BOTH_UNVERIFIED
87,COMMAND_IS_PLAYER_IN_AREA_3D,0x002eb5a4,FUN_002eb5a4,0x00000000,0,0,NUMERIC_SLOT_PRESENT_BOTH_UNVERIFIED
88,COMMAND_ADD_INT_VAR_TO_INT_VAR,0x002eb694,FUN_002eb694,0x00000000,0,0,NUMERIC_SLOT_PRESENT_BOTH_UNVERIFIED
89,COMMAND_ADD_FLOAT_VAR_TO_FLOAT_VAR,0x002eb77c,FUN_002eb77c,0x00000000,0,0,NUMERIC_SLOT_PRESENT_BOTH_UNVERIFIED
90,COMMAND_ADD_INT_LVAR_TO_INT_LVAR,0x00283b64,FUN_00283b64,0x00000000,0,0,NUMERIC_SLOT_PRESENT_BOTH_UNVERIFIED
91,COMMAND_ADD_FLOAT_LVAR_TO_FLOAT_LVAR,0x00283ba0,FUN_00283ba0,0x00000000,0,0,NUMERIC_SLOT_PRESENT_BOTH_UNVERIFIED
92,COMMAND_ADD_INT_VAR_TO_INT_LVAR,0x00283bf4,FUN_00283bf4,0x00000000,0,0,NUMERIC_SLOT_PRESENT_BOTH_UNVERIFIED
93,COMMAND_ADD_FLOAT_VAR_TO_FLOAT_LVAR,0x0029a608,FUN_0029a608,0x00000000,0,0,NUMERIC_SLOT_PRESENT_BOTH_UNVERIFIED
94,COMMAND_ADD_INT_LVAR_TO_INT_VAR,0x002b80d4,FUN_002b80d4,0x00000000,0,0,NUMERIC_SLOT_PRESENT_BOTH_UNVERIFIED
95,COMMAND_ADD_FLOAT_LVAR_TO_FLOAT_VAR,0x002b815c,FUN_002b815c,0x00000000,0,0,NUMERIC_SLOT_PRESENT_BOTH_UNVERIFIED
96,COMMAND_SUB_INT_VAR_FROM_INT_VAR,,,,,,LCS_SOURCE_ONLY
97,COMMAND_SUB_FLOAT_VAR_FROM_FLOAT_VAR,,,,,,LCS_SOURCE_ONLY
98,COMMAND_SUB_INT_LVAR_FROM_INT_LVAR,,,,,,LCS_SOURCE_ONLY
99,COMMAND_SUB_FLOAT_LVAR_FROM_FLOAT_LVAR,,,,,,LCS_SOURCE_ONLY
100,COMMAND_SUB_INT_VAR_FROM_INT_LVAR,,,,,,LCS_SOURCE_ONLY
101,COMMAND_SUB_FLOAT_VAR_FROM_FLOAT_LVAR,,,,,,LCS_SOURCE_ONLY
102,COMMAND_SUB_INT_LVAR_FROM_INT_VAR,,,,,,LCS_SOURCE_ONLY
103,COMMAND_SUB_FLOAT_LVAR_FROM_FLOAT_VAR,,,,,,LCS_SOURCE_ONLY
104,COMMAND_MULT_INT_VAR_BY_INT_VAR,,,,,,LCS_SOURCE_ONLY
105,COMMAND_MULT_FLOAT_VAR_BY_FLOAT_VAR,,,,,,LCS_SOURCE_ONLY
106,COMMAND_MULT_INT_LVAR_BY_INT_LVAR,,,,,,LCS_SOURCE_ONLY
107,COMMAND_MULT_FLOAT_LVAR_BY_FLOAT_LVAR,,,,,,LCS_SOURCE_ONLY
108,COMMAND_MULT_INT_VAR_BY_INT_LVAR,,,,,,LCS_SOURCE_ONLY
109,COMMAND_MULT_FLOAT_VAR_BY_FLOAT_LVAR,,,,,,LCS_SOURCE_ONLY
110,COMMAND_MULT_INT_LVAR_BY_INT_VAR,,,,,,LCS_SOURCE_ONLY
111,COMMAND_MULT_FLOAT_LVAR_BY_FLOAT_VAR,,,,,,LCS_SOURCE_ONLY
112,COMMAND_DIV_INT_VAR_BY_INT_VAR,,,,,,LCS_SOURCE_ONLY
113,COMMAND_DIV_FLOAT_VAR_BY_FLOAT_VAR,,,,,,LCS_SOURCE_ONLY
114,COMMAND_DIV_INT_LVAR_BY_INT_LVAR,,,,,,LCS_SOURCE_ONLY
115,COMMAND_DIV_FLOAT_LVAR_BY_FLOAT_LVAR,,,,,,LCS_SOURCE_ONLY
116,COMMAND_DIV_INT_VAR_BY_INT_LVAR,,,,,,LCS_SOURCE_ONLY
117,COMMAND_DIV_FLOAT_VAR_BY_FLOAT_LVAR,,,,,,LCS_SOURCE_ONLY
118,COMMAND_DIV_INT_LVAR_BY_INT_VAR,,,,,,LCS_SOURCE_ONLY
119,COMMAND_DIV_FLOAT_LVAR_BY_FLOAT_VAR,,,,,,LCS_SOURCE_ONLY
120,COMMAND_ADD_TIMED_VAL_TO_FLOAT_VAR,0x002b81e0,FUN_002b81e0,0x00000000,0,0,NUMERIC_SLOT_PRESENT_BOTH_UNVERIFIED
121,COMMAND_ADD_TIMED_VAL_TO_FLOAT_LVAR,0x002b8250,FUN_002b8250,0x00000000,0,0,NUMERIC_SLOT_PRESENT_BOTH_UNVERIFIED
122,COMMAND_ADD_TIMED_FLOAT_VAR_TO_FLOAT_VAR,0x002b8294,FUN_002b8294,0x00000000,0,0,NUMERIC_SLOT_PRESENT_BOTH_UNVERIFIED
123,COMMAND_ADD_TIMED_FLOAT_LVAR_TO_FLOAT_LVAR,0x00323910,FUN_00323910,0x00000000,0,0,NUMERIC_SLOT_PRESENT_BOTH_UNVERIFIED
124,COMMAND_ADD_TIMED_FLOAT_LVAR_TO_FLOAT_VAR,0x00323b38,FUN_00323b38,0x00000000,0,0,NUMERIC_SLOT_PRESENT_BOTH_UNVERIFIED
125,COMMAND_ADD_TIMED_FLOAT_VAR_TO_FLOAT_LVAR,0x00323c50,FUN_00323c50,0x00000000,0,0,NUMERIC_SLOT_PRESENT_BOTH_UNVERIFIED
126,COMMAND_SUB_TIMED_VAL_FROM_FLOAT_VAR,0x00323d58,FUN_00323d58,0x00000000,0,0,NUMERIC_SLOT_PRESENT_BOTH_UNVERIFIED
127,COMMAND_SUB_TIMED_VAL_FROM_FLOAT_LVAR,0x002acc1c,FUN_002acc1c,0x00000000,0,0,NUMERIC_SLOT_PRESENT_BOTH_UNVERIFIED
128,COMMAND_SUB_TIMED_FLOAT_VAR_FROM_FLOAT_VAR,0x0020daec,FUN_0020daec,0x00000000,0,0,NUMERIC_SLOT_PRESENT_BOTH_UNVERIFIED
129,COMMAND_SUB_TIMED_FLOAT_LVAR_FROM_FLOAT_LVAR,0x0020daec,FUN_0020daec,0x00000000,0,0,NUMERIC_SLOT_PRESENT_BOTH_UNVERIFIED
130,COMMAND_SUB_TIMED_FLOAT_LVAR_FROM_FLOAT_VAR,0x0020daec,FUN_0020daec,0x00000000,0,0,NUMERIC_SLOT_PRESENT_BOTH_UNVERIFIED
131,COMMAND_SUB_TIMED_FLOAT_VAR_FROM_FLOAT_LVAR,0x0020daec,FUN_0020daec,0x00000000,0,0,NUMERIC_SLOT_PRESENT_BOTH_UNVERIFIED
132,COMMAND_SET_VAR_INT_TO_VAR_INT,0x0020daec,FUN_0020daec,0x00000000,0,0,NUMERIC_SLOT_PRESENT_BOTH_UNVERIFIED
133,COMMAND_SET_LVAR_INT_TO_LVAR_INT,0x0020daec,FUN_0020daec,0x00000000,0,0,NUMERIC_SLOT_PRESENT_BOTH_UNVERIFIED
134,COMMAND_SET_VAR_FLOAT_TO_VAR_FLOAT,0x0020db0c,FUN_0020db0c,0x00000000,0,0,NUMERIC_SLOT_PRESENT_BOTH_UNVERIFIED
135,COMMAND_SET_LVAR_FLOAT_TO_LVAR_FLOAT,0x0020db0c,FUN_0020db0c,0x00000000,0,0,NUMERIC_SLOT_PRESENT_BOTH_UNVERIFIED
136,COMMAND_SET_VAR_FLOAT_TO_LVAR_FLOAT,0x0020db0c,FUN_0020db0c,0x00000000,0,0,NUMERIC_SLOT_PRESENT_BOTH_UNVERIFIED
137,COMMAND_SET_LVAR_FLOAT_TO_VAR_FLOAT,0x0020db2c,FUN_0020db2c,0x00000000,0,0,NUMERIC_SLOT_PRESENT_BOTH_UNVERIFIED
138,COMMAND_SET_VAR_INT_TO_LVAR_INT,0x0020db2c,FUN_0020db2c,0x00000000,0,0,NUMERIC_SLOT_PRESENT_BOTH_UNVERIFIED
139,COMMAND_SET_LVAR_INT_TO_VAR_INT,0x0020db2c,FUN_0020db2c,0x00000000,0,0,NUMERIC_SLOT_PRESENT_BOTH_UNVERIFIED
140,COMMAND_CSET_VAR_INT_TO_VAR_FLOAT,0x0020db2c,FUN_0020db2c,0x00000000,0,0,NUMERIC_SLOT_PRESENT_BOTH_UNVERIFIED
141,COMMAND_CSET_VAR_FLOAT_TO_VAR_INT,0x0020db2c,FUN_0020db2c,0x00000000,0,0,NUMERIC_SLOT_PRESENT_BOTH_UNVERIFIED
142,COMMAND_CSET_LVAR_INT_TO_VAR_FLOAT,0x0020db2c,FUN_0020db2c,0x00000000,0,0,NUMERIC_SLOT_PRESENT_BOTH_UNVERIFIED
143,COMMAND_CSET_LVAR_FLOAT_TO_VAR_INT,0x0020db4c,FUN_0020db4c,0x00000000,0,0,NUMERIC_SLOT_PRESENT_BOTH_UNVERIFIED
144,COMMAND_CSET_VAR_INT_TO_LVAR_FLOAT,0x0020db4c,FUN_0020db4c,0x00000000,0,0,NUMERIC_SLOT_PRESENT_BOTH_UNVERIFIED
145,COMMAND_CSET_VAR_FLOAT_TO_LVAR_INT,0x0020db4c,FUN_0020db4c,0x00000000,0,0,NUMERIC_SLOT_PRESENT_BOTH_UNVERIFIED
146,COMMAND_CSET_LVAR_INT_TO_LVAR_FLOAT,0x0020dc34,FUN_0020dc34,0x00000000,0,0,NUMERIC_SLOT_PRESENT_BOTH_UNVERIFIED
147,COMMAND_CSET_LVAR_FLOAT_TO_LVAR_INT,0x0020de2c,FUN_0020de2c,0x00000000,0,0,NUMERIC_SLOT_PRESENT_BOTH_UNVERIFIED
148,COMMAND_ABS_VAR_INT,0x001da1e8,FUN_001da1e8,0x00000000,0,0,NUMERIC_SLOT_PRESENT_BOTH_UNVERIFIED
149,COMMAND_ABS_LVAR_INT,0x001da258,FUN_001da258,0x00000000,0,0,NUMERIC_SLOT_PRESENT_BOTH_UNVERIFIED
150,COMMAND_ABS_VAR_FLOAT,0x001da348,FUN_001da348,0x00000000,0,0,NUMERIC_SLOT_PRESENT_BOTH_UNVERIFIED
151,COMMAND_ABS_LVAR_FLOAT,0x001da3c0,FUN_001da3c0,0x00000000,0,0,NUMERIC_SLOT_PRESENT_BOTH_UNVERIFIED
152,COMMAND_GENERATE_RANDOM_FLOAT,0x001da4d8,FUN_001da4d8,0x00000000,0,0,NUMERIC_SLOT_PRESENT_BOTH_UNVERIFIED
153,COMMAND_GENERATE_RANDOM_INT,0x001da538,FUN_001da538,0x00000000,0,0,NUMERIC_SLOT_PRESENT_BOTH_UNVERIFIED
154,COMMAND_CREATE_CHAR,0x001da598,FUN_001da598,0x00000000,0,0,NUMERIC_SLOT_PRESENT_BOTH_UNVERIFIED
155,COMMAND_DELETE_CHAR,0x001da688,FUN_001da688,0x00000000,0,0,NUMERIC_SLOT_PRESENT_BOTH_UNVERIFIED
156,COMMAND_CHAR_WANDER_DIR,0x001da6dc,FUN_001da6dc,0x00000000,0,0,NUMERIC_SLOT_PRESENT_BOTH_UNVERIFIED
157,COMMAND_CHAR_WANDER_RANGE,0x001da738,,0x00000000,0,0,NUMERIC_SLOT_PRESENT_BOTH_UNVERIFIED
158,COMMAND_CHAR_FOLLOW_PATH,0x00323e3c,FUN_00323e3c,0x00000000,0,0,NUMERIC_SLOT_PRESENT_BOTH_UNVERIFIED
159,COMMAND_CHAR_SET_IDLE,0x00323e98,FUN_00323e98,0x00000000,0,0,NUMERIC_SLOT_PRESENT_BOTH_UNVERIFIED
160,COMMAND_GET_CHAR_COORDINATES,0x002e0db8,FUN_002e0db8,0x00000000,0,0,NUMERIC_SLOT_PRESENT_BOTH_UNVERIFIED
161,COMMAND_SET_CHAR_COORDINATES,0x00323ff0,FUN_00323ff0,0x00000000,0,0,NUMERIC_SLOT_PRESENT_BOTH_UNVERIFIED
162,COMMAND_IS_CHAR_STILL_ALIVE,0x00003fb0,FUN_00003fb0,0x00000000,0,0,NUMERIC_SLOT_PRESENT_BOTH_UNVERIFIED
163,COMMAND_IS_CHAR_IN_AREA_2D,0x00004010,FUN_00004010,0x00000000,0,0,NUMERIC_SLOT_PRESENT_BOTH_UNVERIFIED
164,COMMAND_IS_CHAR_IN_AREA_3D,0x0032e004,FUN_0032e004,0x00000000,0,0,NUMERIC_SLOT_PRESENT_BOTH_UNVERIFIED
165,COMMAND_CREATE_CAR,0x001da7c4,FUN_001da7c4,0x00000000,0,0,NUMERIC_SLOT_PRESENT_BOTH_UNVERIFIED
166,COMMAND_DELETE_CAR,0x002e0ea8,FUN_002e0ea8,0x00000000,0,0,NUMERIC_SLOT_PRESENT_BOTH_UNVERIFIED
167,COMMAND_CAR_GOTO_COORDINATES,0x002e0f88,FUN_002e0f88,0x00000000,0,0,NUMERIC_SLOT_PRESENT_BOTH_UNVERIFIED
168,COMMAND_CAR_WANDER_RANDOMLY,0x002e0fd0,FUN_002e0fd0,0x00000000,0,0,NUMERIC_SLOT_PRESENT_BOTH_UNVERIFIED
169,COMMAND_CAR_SET_IDLE,0x002e109c,FUN_002e109c,0x00000000,0,0,NUMERIC_SLOT_PRESENT_BOTH_UNVERIFIED
170,COMMAND_GET_CAR_COORDINATES,0x002e1154,FUN_002e1154,0x00000000,0,0,NUMERIC_SLOT_PRESENT_BOTH_UNVERIFIED
171,COMMAND_SET_CAR_COORDINATES,0x002eff68,FUN_002eff68,0x00000000,0,0,NUMERIC_SLOT_PRESENT_BOTH_UNVERIFIED
172,COMMAND_IS_CAR_STILL_ALIVE,0x002f0010,FUN_002f0010,0x00000000,0,0,NUMERIC_SLOT_PRESENT_BOTH_UNVERIFIED
173,COMMAND_SET_CAR_CRUISE_SPEED,0x002f004c,FUN_002f004c,0x00000000,0,0,NUMERIC_SLOT_PRESENT_BOTH_UNVERIFIED
174,COMMAND_SET_CAR_DRIVING_STYLE,0x002f00dc,FUN_002f00dc,0x00000000,0,0,NUMERIC_SLOT_PRESENT_BOTH_UNVERIFIED
175,COMMAND_SET_CAR_MISSION,0x000d9494,FUN_000d9494,0x00000000,0,0,NUMERIC_SLOT_PRESENT_BOTH_UNVERIFIED
176,COMMAND_IS_CAR_IN_AREA_2D,0x0032404c,FUN_0032404c,0x00000000,0,0,NUMERIC_SLOT_PRESENT_BOTH_UNVERIFIED
177,COMMAND_IS_CAR_IN_AREA_3D,0x000d9670,FUN_000d9670,0x00000000,0,0,NUMERIC_SLOT_PRESENT_BOTH_UNVERIFIED
178,COMMAND_SPECIAL_0,0x000d9764,FUN_000d9764,0x00000000,0,0,NUMERIC_SLOT_PRESENT_BOTH_UNVERIFIED
179,COMMAND_SPECIAL_1,0x0018b98c,FUN_0018b98c,0x00000000,0,0,NUMERIC_SLOT_PRESENT_BOTH_UNVERIFIED
180,COMMAND_SPECIAL_2,0x0018b9f0,FUN_0018b9f0,0x00000000,0,0,NUMERIC_SLOT_PRESENT_BOTH_UNVERIFIED
181,COMMAND_SPECIAL_3,0x0018ba74,FUN_0018ba74,0x00000000,0,0,NUMERIC_SLOT_PRESENT_BOTH_UNVERIFIED
182,COMMAND_SPECIAL_4,0x0018baf8,FUN_0018baf8,0x00000000,0,0,NUMERIC_SLOT_PRESENT_BOTH_UNVERIFIED
183,COMMAND_SPECIAL_5,0x000d9858,FUN_000d9858,0x00000000,0,0,NUMERIC_SLOT_PRESENT_BOTH_UNVERIFIED
184,COMMAND_SPECIAL_6,0x0029a78c,FUN_0029a78c,0x00000000,0,0,NUMERIC_SLOT_PRESENT_BOTH_UNVERIFIED
185,COMMAND_SPECIAL_7,0x0018bb1c,FUN_0018bb1c,0x00000000,0,0,NUMERIC_SLOT_PRESENT_BOTH_UNVERIFIED
186,COMMAND_PRINT_BIG,0x0018bba0,FUN_0018bba0,0x00000000,0,0,NUMERIC_SLOT_PRESENT_BOTH_UNVERIFIED
187,COMMAND_PRINT,0x00274ed8,FUN_00274ed8,0x00000000,0,0,NUMERIC_SLOT_PRESENT_BOTH_UNVERIFIED
188,COMMAND_PRINT_NOW,0x00274f2c,FUN_00274f2c,0x00000000,0,0,NUMERIC_SLOT_PRESENT_BOTH_UNVERIFIED
189,COMMAND_PRINT_SOON,0x00274f90,FUN_00274f90,0x00000000,0,0,NUMERIC_SLOT_PRESENT_BOTH_UNVERIFIED
190,COMMAND_CLEAR_PRINTS,0x00274ff4,FUN_00274ff4,0x00000000,0,0,NUMERIC_SLOT_PRESENT_BOTH_UNVERIFIED
191,COMMAND_GET_TIME_OF_DAY,0x00275148,FUN_00275148,0x00000000,0,0,NUMERIC_SLOT_PRESENT_BOTH_UNVERIFIED
192,COMMAND_SET_TIME_OF_DAY,0x002751ac,FUN_002751ac,0x00000000,0,0,NUMERIC_SLOT_PRESENT_BOTH_UNVERIFIED
193,COMMAND_GET_MINUTES_TO_TIME_OF_DAY,0x002752b8,FUN_002752b8,0x00000000,0,0,NUMERIC_SLOT_PRESENT_BOTH_UNVERIFIED
194,COMMAND_IS_POINT_ON_SCREEN,0x002753c4,FUN_002753c4,0x00000000,0,0,NUMERIC_SLOT_PRESENT_BOTH_UNVERIFIED
195,COMMAND_DEBUG_ON,0x002754d0,FUN_002754d0,0x00000000,0,0,NUMERIC_SLOT_PRESENT_BOTH_UNVERIFIED
196,COMMAND_DEBUG_OFF,0x00275640,FUN_00275640,0x00000000,0,0,NUMERIC_SLOT_PRESENT_BOTH_UNVERIFIED
197,COMMAND_RETURN_TRUE,0x002756a4,FUN_002756a4,0x00000000,0,0,NUMERIC_SLOT_PRESENT_BOTH_UNVERIFIED
198,COMMAND_RETURN_FALSE,0x0027581c,FUN_0027581c,0x00000000,0,0,NUMERIC_SLOT_PRESENT_BOTH_UNVERIFIED
199,COMMAND_VAR_INT,0x00275994,FUN_00275994,0x00000000,0,0,NUMERIC_SLOT_PRESENT_BOTH_UNVERIFIED
200,COMMAND_VAR_FLOAT,0x0018bc64,FUN_0018bc64,0x00000000,0,0,NUMERIC_SLOT_PRESENT_BOTH_UNVERIFIED
201,COMMAND_LVAR_INT,0x0018bcc8,FUN_0018bcc8,0x00000000,0,0,NUMERIC_SLOT_PRESENT_BOTH_UNVERIFIED
202,COMMAND_LVAR_FLOAT,0x0018bd58,FUN_0018bd58,0x00000000,0,0,NUMERIC_SLOT_PRESENT_BOTH_UNVERIFIED
203,COMMAND_LBRACKET,0x0017af4c,FUN_0017af4c,0x00000000,0,0,NUMERIC_SLOT_PRESENT_BOTH_UNVERIFIED
204,COMMAND_RBRACKET,0x0017b000,FUN_0017b000,0x00000000,0,0,NUMERIC_SLOT_PRESENT_BOTH_UNVERIFIED
205,COMMAND_REPEAT,0x0017b0b4,FUN_0017b0b4,0x00000000,0,0,NUMERIC_SLOT_PRESENT_BOTH_UNVERIFIED
206,COMMAND_ENDREPEAT,0x003241d0,FUN_003241d0,0x00000000,0,0,NUMERIC_SLOT_PRESENT_BOTH_UNVERIFIED
207,COMMAND_IF,0x0032435c,FUN_0032435c,0x00000000,0,0,NUMERIC_SLOT_PRESENT_BOTH_UNVERIFIED
208,COMMAND_IFNOT,0x002e1200,FUN_002e1200,0x00000000,0,0,NUMERIC_SLOT_PRESENT_BOTH_UNVERIFIED
209,COMMAND_ELSE,0x002e1310,FUN_002e1310,0x00000000,0,0,NUMERIC_SLOT_PRESENT_BOTH_UNVERIFIED
210,COMMAND_ENDIF,0x0020df14,FUN_0020df14,0x00000000,0,0,NUMERIC_SLOT_PRESENT_BOTH_UNVERIFIED
211,COMMAND_WHILE,0x0020e024,FUN_0020e024,0x00000000,0,0,NUMERIC_SLOT_PRESENT_BOTH_UNVERIFIED
212,COMMAND_WHILENOT,0x00324410,FUN_00324410,0x00000000,0,0,NUMERIC_SLOT_PRESENT_BOTH_UNVERIFIED
213,COMMAND_ENDWHILE,0x0032454c,FUN_0032454c,0x00000000,0,0,NUMERIC_SLOT_PRESENT_BOTH_UNVERIFIED
214,COMMAND_214,0x002b82c8,FUN_002b82c8,0x00000000,0,0,NUMERIC_SLOT_PRESENT_BOTH_UNVERIFIED
215,COMMAND_215,0x003245a8,FUN_003245a8,0x00000000,0,0,NUMERIC_SLOT_PRESENT_BOTH_UNVERIFIED
216,COMMAND_216,0x002e1384,FUN_002e1384,0x00000000,0,0,NUMERIC_SLOT_PRESENT_BOTH_UNVERIFIED
217,COMMAND_217,0x00288c0c,FUN_00288c0c,0x00000000,0,0,NUMERIC_SLOT_PRESENT_BOTH_UNVERIFIED
218,COMMAND_218,0x00288e4c,FUN_00288e4c,0x00000000,0,0,NUMERIC_SLOT_PRESENT_BOTH_UNVERIFIED
219,COMMAND_ANDOR,0x00288f28,FUN_00288f28,0x00000000,0,0,NUMERIC_SLOT_PRESENT_BOTH_UNVERIFIED
220,COMMAND_LAUNCH_MISSION,0x002e1474,FUN_002e1474,0x00000000,0,0,NUMERIC_SLOT_PRESENT_BOTH_UNVERIFIED
221,COMMAND_MISSION_HAS_FINISHED,0x002e1560,FUN_002e1560,0x00000000,0,0,NUMERIC_SLOT_PRESENT_BOTH_UNVERIFIED
222,COMMAND_STORE_CAR_CHAR_IS_IN,0x002e15c0,FUN_002e15c0,0x00000000,0,0,NUMERIC_SLOT_PRESENT_BOTH_UNVERIFIED
223,COMMAND_STORE_CAR_PLAYER_IS_IN,0x000040e4,FUN_000040e4,0x00000000,0,0,NUMERIC_SLOT_PRESENT_BOTH_UNVERIFIED
224,COMMAND_IS_CHAR_IN_CAR,0x00004140,FUN_00004140,0x00000000,0,0,NUMERIC_SLOT_PRESENT_BOTH_UNVERIFIED
225,COMMAND_IS_PLAYER_IN_CAR,0x0000419c,FUN_0000419c,0x00000000,0,0,NUMERIC_SLOT_PRESENT_BOTH_UNVERIFIED
226,COMMAND_IS_CHAR_IN_MODEL,0x00004270,FUN_00004270,0x00000000,0,0,NUMERIC_SLOT_PRESENT_BOTH_UNVERIFIED
227,COMMAND_IS_PLAYER_IN_MODEL,0x000043a4,FUN_000043a4,0x00000000,0,0,NUMERIC_SLOT_PRESENT_BOTH_UNVERIFIED
228,COMMAND_IS_CHAR_IN_ANY_CAR,0x00004400,FUN_00004400,0x00000000,0,0,NUMERIC_SLOT_PRESENT_BOTH_UNVERIFIED
229,COMMAND_IS_PLAYER_IN_ANY_CAR,0x0000447c,FUN_0000447c,0x00000000,0,0,NUMERIC_SLOT_PRESENT_BOTH_UNVERIFIED
230,COMMAND_IS_BUTTON_PRESSED,0x000044f8,FUN_000044f8,0x00000000,0,0,NUMERIC_SLOT_PRESENT_BOTH_UNVERIFIED
231,COMMAND_GET_PAD_STATE,0x00004574,FUN_00004574,0x00000000,0,0,NUMERIC_SLOT_PRESENT_BOTH_UNVERIFIED
232,COMMAND_LOCATE_PLAYER_ANY_MEANS_2D,0x000045f0,FUN_000045f0,0x00000000,0,0,NUMERIC_SLOT_PRESENT_BOTH_UNVERIFIED
233,COMMAND_LOCATE_PLAYER_ON_FOOT_2D,0x0000466c,FUN_0000466c,0x00000000,0,0,NUMERIC_SLOT_PRESENT_BOTH_UNVERIFIED
234,COMMAND_LOCATE_PLAYER_IN_CAR_2D,0x000046e8,FUN_000046e8,0x00000000,0,0,NUMERIC_SLOT_PRESENT_BOTH_UNVERIFIED
235,COMMAND_LOCATE_STOPPED_PLAYER_ANY_MEANS_2D,0x00004764,FUN_00004764,0x00000000,0,0,NUMERIC_SLOT_PRESENT_BOTH_UNVERIFIED
236,COMMAND_LOCATE_STOPPED_PLAYER_ON_FOOT_2D,0x000047e0,FUN_000047e0,0x00000000,0,0,NUMERIC_SLOT_PRESENT_BOTH_UNVERIFIED
237,COMMAND_LOCATE_STOPPED_PLAYER_IN_CAR_2D,0x0000485c,FUN_0000485c,0x00000000,0,0,NUMERIC_SLOT_PRESENT_BOTH_UNVERIFIED
238,COMMAND_LOCATE_PLAYER_ANY_MEANS_CHAR_2D,0x00004990,FUN_00004990,0x00000000,0,0,NUMERIC_SLOT_PRESENT_BOTH_UNVERIFIED
239,COMMAND_LOCATE_PLAYER_ON_FOOT_CHAR_2D,0x00004a30,FUN_00004a30,0x00000000,0,0,NUMERIC_SLOT_PRESENT_BOTH_UNVERIFIED
240,COMMAND_LOCATE_PLAYER_IN_CAR_CHAR_2D,0x00004ab8,FUN_00004ab8,0x00000000,0,0,NUMERIC_SLOT_PRESENT_BOTH_UNVERIFIED
241,COMMAND_LOCATE_CHAR_ANY_MEANS_2D,0x00004b14,FUN_00004b14,0x00000000,0,0,NUMERIC_SLOT_PRESENT_BOTH_UNVERIFIED
242,COMMAND_LOCATE_CHAR_ON_FOOT_2D,0x00004b74,FUN_00004b74,0x00000000,0,0,NUMERIC_SLOT_PRESENT_BOTH_UNVERIFIED
243,COMMAND_LOCATE_CHAR_IN_CAR_2D,0x00004bf0,FUN_00004bf0,0x00000000,0,0,NUMERIC_SLOT_PRESENT_BOTH_UNVERIFIED
244,COMMAND_LOCATE_STOPPED_CHAR_ANY_MEANS_2D,0x00004c6c,FUN_00004c6c,0x00000000,0,0,NUMERIC_SLOT_PRESENT_BOTH_UNVERIFIED
245,COMMAND_LOCATE_STOPPED_CHAR_ON_FOOT_2D,0x00004ce8,FUN_00004ce8,0x00000000,0,0,NUMERIC_SLOT_PRESENT_BOTH_UNVERIFIED
246,COMMAND_LOCATE_STOPPED_CHAR_IN_CAR_2D,0x00324698,FUN_00324698,0x00000000,0,0,NUMERIC_SLOT_PRESENT_BOTH_UNVERIFIED
247,COMMAND_LOCATE_CHAR_ANY_MEANS_CHAR_2D,0x00324698,FUN_00324698,0x00000000,0,0,NUMERIC_SLOT_PRESENT_BOTH_UNVERIFIED
248,COMMAND_LOCATE_CHAR_ON_FOOT_CHAR_2D,0x00324698,FUN_00324698,0x00000000,0,0,NUMERIC_SLOT_PRESENT_BOTH_UNVERIFIED
249,COMMAND_LOCATE_CHAR_IN_CAR_CHAR_2D,0x00324698,FUN_00324698,0x00000000,0,0,NUMERIC_SLOT_PRESENT_BOTH_UNVERIFIED
250,COMMAND_LOCATE_PLAYER_ANY_MEANS_3D,0x00324698,FUN_00324698,0x00000000,0,0,NUMERIC_SLOT_PRESENT_BOTH_UNVERIFIED
251,COMMAND_LOCATE_PLAYER_ON_FOOT_3D,0x00324698,FUN_00324698,0x00000000,0,0,NUMERIC_SLOT_PRESENT_BOTH_UNVERIFIED
252,COMMAND_LOCATE_PLAYER_IN_CAR_3D,0x00324698,FUN_00324698,0x00000000,0,0,NUMERIC_SLOT_PRESENT_BOTH_UNVERIFIED
253,COMMAND_LOCATE_STOPPED_PLAYER_ANY_MEANS_3D,0x00324698,FUN_00324698,0x00000000,0,0,NUMERIC_SLOT_PRESENT_BOTH_UNVERIFIED
254,COMMAND_LOCATE_STOPPED_PLAYER_ON_FOOT_3D,0x00324698,FUN_00324698,0x00000000,0,0,NUMERIC_SLOT_PRESENT_BOTH_UNVERIFIED
255,COMMAND_LOCATE_STOPPED_PLAYER_IN_CAR_3D,0x00324698,FUN_00324698,0x00000000,0,0,NUMERIC_SLOT_PRESENT_BOTH_UNVERIFIED
256,COMMAND_LOCATE_PLAYER_ANY_MEANS_CHAR_3D,0x002e1604,FUN_002e1604,0x00000000,0,0,NUMERIC_SLOT_PRESENT_BOTH_UNVERIFIED
257,COMMAND_LOCATE_PLAYER_ON_FOOT_CHAR_3D,0x002e1604,FUN_002e1604,0x00000000,0,0,NUMERIC_SLOT_PRESENT_BOTH_UNVERIFIED
258,COMMAND_LOCATE_PLAYER_IN_CAR_CHAR_3D,0x0020db6c,FUN_0020db6c,0x00000000,0,0,NUMERIC_SLOT_PRESENT_BOTH_UNVERIFIED
259,COMMAND_LOCATE_CHAR_ANY_MEANS_3D,0x0020db6c,FUN_0020db6c,0x00000000,0,0,NUMERIC_SLOT_PRESENT_BOTH_UNVERIFIED
260,COMMAND_LOCATE_CHAR_ON_FOOT_3D,0x0020db6c,FUN_0020db6c,0x00000000,0,0,NUMERIC_SLOT_PRESENT_BOTH_UNVERIFIED
261,COMMAND_LOCATE_CHAR_IN_CAR_3D,0x0020db6c,FUN_0020db6c,0x00000000,0,0,NUMERIC_SLOT_PRESENT_BOTH_UNVERIFIED
262,COMMAND_LOCATE_STOPPED_CHAR_ANY_MEANS_3D,0x003246b8,FUN_003246b8,0x00000000,0,0,NUMERIC_SLOT_PRESENT_BOTH_UNVERIFIED
263,COMMAND_LOCATE_STOPPED_CHAR_ON_FOOT_3D,0x001da8a4,FUN_001da8a4,0x00000000,0,0,NUMERIC_SLOT_PRESENT_BOTH_UNVERIFIED
264,COMMAND_LOCATE_STOPPED_CHAR_IN_CAR_3D,0x00283c74,FUN_00283c74,0x00000000,0,0,NUMERIC_SLOT_PRESENT_BOTH_UNVERIFIED
265,COMMAND_LOCATE_CHAR_ANY_MEANS_CHAR_3D,0x00283cb8,FUN_00283cb8,0x00000000,0,0,NUMERIC_SLOT_PRESENT_BOTH_UNVERIFIED
266,COMMAND_LOCATE_CHAR_ON_FOOT_CHAR_3D,0x00283cfc,FUN_00283cfc,0x00000000,0,0,NUMERIC_SLOT_PRESENT_BOTH_UNVERIFIED
267,COMMAND_LOCATE_CHAR_IN_CAR_CHAR_3D,0x00324890,FUN_00324890,0x00000000,0,0,NUMERIC_SLOT_PRESENT_BOTH_UNVERIFIED
268,COMMAND_CREATE_OBJECT,0x0020e0c0,FUN_0020e0c0,0x00000000,0,0,NUMERIC_SLOT_PRESENT_BOTH_UNVERIFIED
269,COMMAND_DELETE_OBJECT,0x0020e158,FUN_0020e158,0x00000000,0,0,NUMERIC_SLOT_PRESENT_BOTH_UNVERIFIED
270,COMMAND_ADD_SCORE,0x002f0118,FUN_002f0118,0x00000000,0,0,NUMERIC_SLOT_PRESENT_BOTH_UNVERIFIED
271,COMMAND_IS_SCORE_GREATER,0x0032499c,FUN_0032499c,0x00000000,0,0,NUMERIC_SLOT_PRESENT_BOTH_UNVERIFIED
272,COMMAND_STORE_SCORE,0x001daa64,FUN_001daa64,0x00000000,0,0,NUMERIC_SLOT_PRESENT_BOTH_UNVERIFIED
273,COMMAND_GIVE_REMOTE_CONTROLLED_CAR_TO_PLAYER,0x002e1624,FUN_002e1624,0x00000000,0,0,NUMERIC_SLOT_PRESENT_BOTH_UNVERIFIED
274,COMMAND_ALTER_WANTED_LEVEL,0x00324ae4,FUN_00324ae4,0x00000000,0,0,NUMERIC_SLOT_PRESENT_BOTH_UNVERIFIED
275,COMMAND_ALTER_WANTED_LEVEL_NO_DROP,0x002e1700,FUN_002e1700,0x00000000,0,0,NUMERIC_SLOT_PRESENT_BOTH_UNVERIFIED
276,COMMAND_IS_WANTED_LEVEL_GREATER,0x0020e25c,FUN_0020e25c,0x00000000,0,0,NUMERIC_SLOT_PRESENT_BOTH_UNVERIFIED
277,COMMAND_CLEAR_WANTED_LEVEL,0x00324b70,FUN_00324b70,0x00000000,0,0,NUMERIC_SLOT_PRESENT_BOTH_UNVERIFIED
278,COMMAND_SET_DEATHARREST_STATE,0x002e177c,FUN_002e177c,0x00000000,0,0,NUMERIC_SLOT_PRESENT_BOTH_UNVERIFIED
279,COMMAND_HAS_DEATHARREST_BEEN_EXECUTED,0x0020e2d8,FUN_0020e2d8,0x00000000,0,0,NUMERIC_SLOT_PRESENT_BOTH_UNVERIFIED
280,COMMAND_ADD_AMMO_TO_PLAYER,0x0032e444,FUN_0032e444,0x00000000,0,0,NUMERIC_SLOT_PRESENT_BOTH_UNVERIFIED
281,COMMAND_ADD_AMMO_TO_CHAR,0x00324bec,FUN_00324bec,0x00000000,0,0,NUMERIC_SLOT_PRESENT_BOTH_UNVERIFIED
282,COMMAND_ADD_AMMO_TO_CAR,0x00324c58,FUN_00324c58,0x00000000,0,0,NUMERIC_SLOT_PRESENT_BOTH_UNVERIFIED
283,COMMAND_IS_PLAYER_STILL_ALIVE,0x00004d88,FUN_00004d88,0x00000000,0,0,NUMERIC_SLOT_PRESENT_BOTH_UNVERIFIED
284,COMMAND_IS_PLAYER_DEAD,0x00324ca0,FUN_00324ca0,0x00000000,0,0,NUMERIC_SLOT_PRESENT_BOTH_UNVERIFIED
285,COMMAND_IS_CHAR_DEAD,0x002eb79c,FUN_002eb79c,0x00000000,0,0,NUMERIC_SLOT_PRESENT_BOTH_UNVERIFIED
286,COMMAND_IS_CAR_DEAD,0x002eb8a4,FUN_002eb8a4,0x00000000,0,0,NUMERIC_SLOT_PRESENT_BOTH_UNVERIFIED
287,COMMAND_SET_CHAR_THREAT_SEARCH,0x002eb9a8,FUN_002eb9a8,0x00000000,0,0,NUMERIC_SLOT_PRESENT_BOTH_UNVERIFIED
288,COMMAND_SET_CHAR_THREAT_REACTION,0x002ebab4,FUN_002ebab4,0x00000000,0,0,NUMERIC_SLOT_PRESENT_BOTH_UNVERIFIED
289,COMMAND_SET_CHAR_OBJ_NO_OBJ,0x0028e364,FUN_0028e364,0x00000000,0,0,NUMERIC_SLOT_PRESENT_BOTH_UNVERIFIED
290,COMMAND_ORDER_DRIVER_OUT_OF_CAR,0x0028e434,FUN_0028e434,0x00000000,0,0,NUMERIC_SLOT_PRESENT_BOTH_UNVERIFIED
291,COMMAND_ORDER_CHAR_TO_DRIVE_CAR,0x002e17e4,FUN_002e17e4,0x00000000,0,0,NUMERIC_SLOT_PRESENT_BOTH_UNVERIFIED
292,COMMAND_ADD_PATROL_POINT,0x002e1858,FUN_002e1858,0x00000000,0,0,NUMERIC_SLOT_PRESENT_BOTH_UNVERIFIED
293,COMMAND_IS_PLAYER_IN_GANGZONE,0x002e18c8,FUN_002e18c8,0x00000000,0,0,NUMERIC_SLOT_PRESENT_BOTH_UNVERIFIED
294,COMMAND_IS_PLAYER_IN_ZONE,0x002e1904,FUN_002e1904,0x00000000,0,0,NUMERIC_SLOT_PRESENT_BOTH_UNVERIFIED
295,COMMAND_IS_PLAYER_PRESSING_HORN,0x00324d0c,FUN_00324d0c,0x00000000,0,0,NUMERIC_SLOT_PRESENT_BOTH_UNVERIFIED
296,COMMAND_HAS_CHAR_SPOTTED_PLAYER,0x001daae0,FUN_001daae0,0x00000000,0,0,NUMERIC_SLOT_PRESENT_BOTH_UNVERIFIED
297,COMMAND_HAS_PAD_IN_HANDS,,,,,,LCS_SOURCE_ONLY
298,COMMAND_ORDER_CHAR_TO_BACKDOOR,,,,,,LCS_SOURCE_ONLY
299,COMMAND_ADD_CHAR_TO_GANG,,,,,,LCS_SOURCE_ONLY
300,COMMAND_IS_CHAR_OBJECTIVE_PASSED,0x002e1a10,FUN_002e1a10,0x00000000,0,0,NUMERIC_SLOT_PRESENT_BOTH_UNVERIFIED
301,COMMAND_SET_CHAR_DRIVE_AGGRESSION,0x002e1ae0,FUN_002e1ae0,0x00000000,0,0,NUMERIC_SLOT_PRESENT_BOTH_UNVERIFIED
302,COMMAND_SET_CHAR_MAX_DRIVESPEED,0x001dab1c,FUN_001dab1c,0x00000000,0,0,NUMERIC_SLOT_PRESENT_BOTH_UNVERIFIED
303,COMMAND_CREATE_CHAR_INSIDE_CAR,0x0029c55c,FUN_0029c55c,0x00000000,0,0,NUMERIC_SLOT_PRESENT_BOTH_UNVERIFIED
304,COMMAND_WARP_PLAYER_FROM_CAR_TO_COORD,0x0029c66c,FUN_0029c66c,0x00000000,0,0,NUMERIC_SLOT_PRESENT_BOTH_UNVERIFIED
305,COMMAND_MAKE_CHAR_DO_NOTHING,0x000001fc,FUN_000001fc,0x00000000,0,0,NUMERIC_SLOT_PRESENT_BOTH_UNVERIFIED
306,COMMAND_SET_CHAR_INVINCIBLE,0x0020db8c,FUN_0020db8c,0x00000000,0,0,NUMERIC_SLOT_PRESENT_BOTH_UNVERIFIED
307,COMMAND_SET_PLAYER_INVINCIBLE,0x0020db8c,FUN_0020db8c,0x00000000,0,0,NUMERIC_SLOT_PRESENT_BOTH_UNVERIFIED
308,COMMAND_SET_CHAR_GRAPHIC_TYPE,0x0020db8c,FUN_0020db8c,0x00000000,0,0,NUMERIC_SLOT_PRESENT_BOTH_UNVERIFIED
309,COMMAND_SET_PLAYER_GRAPHIC_TYPE,0x0020db8c,FUN_0020db8c,0x00000000,0,0,NUMERIC_SLOT_PRESENT_BOTH_UNVERIFIED
310,COMMAND_HAS_PLAYER_BEEN_ARRESTED,0x0020db8c,FUN_0020db8c,0x00000000,0,0,NUMERIC_SLOT_PRESENT_BOTH_UNVERIFIED
311,COMMAND_STOP_CHAR_DRIVING,0x0020db8c,FUN_0020db8c,0x00000000,0,0,NUMERIC_SLOT_PRESENT_BOTH_UNVERIFIED
312,COMMAND_KILL_CHAR,0x00000268,FUN_00000268,0x00000000,0,0,NUMERIC_SLOT_PRESENT_BOTH_UNVERIFIED
313,COMMAND_SET_FAVOURITE_CAR_MODEL_FOR_CHAR,0x00000300,FUN_00000300,0x00000000,0,0,NUMERIC_SLOT_PRESENT_BOTH_UNVERIFIED
314,COMMAND_SET_CHAR_OCCUPATION,0x002e1bd8,FUN_002e1bd8,0x00000000,0,0,NUMERIC_SLOT_PRESENT_BOTH_UNVERIFIED
315,COMMAND_CHANGE_CAR_LOCK,0x002e1c2c,FUN_002e1c2c,0x00000000,0,0,NUMERIC_SLOT_PRESENT_BOTH_UNVERIFIED
316,COMMAND_SHAKE_CAM_WITH_POINT,0x0007f50c,FUN_0007f50c,0x00000000,0,0,NUMERIC_SLOT_PRESENT_BOTH_UNVERIFIED
317,COMMAND_IS_CAR_MODEL,0x002e1c98,FUN_002e1c98,0x00000000,0,0,NUMERIC_SLOT_PRESENT_BOTH_UNVERIFIED
318,COMMAND_IS_CAR_REMAP,0x00324d5c,FUN_00324d5c,0x00000000,0,0,NUMERIC_SLOT_PRESENT_BOTH_UNVERIFIED
319,COMMAND_HAS_CAR_JUST_SUNK,0x001ddcd0,FUN_001ddcd0,0x00000000,0,0,NUMERIC_SLOT_PRESENT_BOTH_UNVERIFIED
320,COMMAND_SET_CAR_NO_COLLIDE,0x001dde20,FUN_001dde20,0x00000000,0,0,NUMERIC_SLOT_PRESENT_BOTH_UNVERIFIED
321,COMMAND_IS_CAR_DEAD_IN_AREA_2D,0x001ddee8,FUN_001ddee8,0x00000000,0,0,NUMERIC_SLOT_PRESENT_BOTH_UNVERIFIED
322,COMMAND_IS_CAR_DEAD_IN_AREA_3D,0x0007f588,FUN_0007f588,0x00000000,0,0,NUMERIC_SLOT_PRESENT_BOTH_UNVERIFIED
323,COMMAND_IS_TRAILER_ATTACHED,0x002ebbb8,FUN_002ebbb8,0x00000000,0,0,NUMERIC_SLOT_PRESENT_BOTH_UNVERIFIED
324,COMMAND_IS_CAR_ON_TRAILER,0x002ebca4,FUN_002ebca4,0x00000000,0,0,NUMERIC_SLOT_PRESENT_BOTH_UNVERIFIED
325,COMMAND_HAS_CAR_GOT_WEAPON,0x001d3f3c,FUN_001d3f3c,0x00000000,0,0,NUMERIC_SLOT_PRESENT_BOTH_UNVERIFIED
326,COMMAND_PARK,0x001d3fd8,FUN_001d3fd8,0x00000000,0,0,NUMERIC_SLOT_PRESENT_BOTH_UNVERIFIED
327,COMMAND_HAS_PARK_FINISHED,0x001d4060,FUN_001d4060,0x00000000,0,0,NUMERIC_SLOT_PRESENT_BOTH_UNVERIFIED
328,COMMAND_KILL_ALL_PASSENGERS,0x001d4130,FUN_001d4130,0x00000000,0,0,NUMERIC_SLOT_PRESENT_BOTH_UNVERIFIED
329,COMMAND_SET_CAR_BULLETPROOF,0x002e1d88,FUN_002e1d88,0x00000000,0,0,NUMERIC_SLOT_PRESENT_BOTH_UNVERIFIED
330,COMMAND_SET_CAR_FLAMEPROOF,0x001daba0,FUN_001daba0,0x00000000,0,0,NUMERIC_SLOT_PRESENT_BOTH_UNVERIFIED
331,COMMAND_SET_CAR_ROCKETPROOF,0x00324eec,FUN_00324eec,0x00000000,0,0,NUMERIC_SLOT_PRESENT_BOTH_UNVERIFIED
332,COMMAND_IS_CARBOMB_ACTIVE,0x002e1e5c,FUN_002e1e5c,0x00000000,0,0,NUMERIC_SLOT_PRESENT_BOTH_UNVERIFIED
333,COMMAND_GIVE_CAR_ALARM,0x00324fc8,FUN_00324fc8,0x00000000,0,0,NUMERIC_SLOT_PRESENT_BOTH_UNVERIFIED
334,COMMAND_PUT_CAR_ON_TRAILER,0x002e1eb8,FUN_002e1eb8,0x00000000,0,0,NUMERIC_SLOT_PRESENT_BOTH_UNVERIFIED
335,COMMAND_IS_CAR_CRUSHED,0x002e1f30,FUN_002e1f30,0x00000000,0,0,NUMERIC_SLOT_PRESENT_BOTH_UNVERIFIED
336,COMMAND_CREATE_GANG_CAR,0x002e2014,FUN_002e2014,0x00000000,0,0,NUMERIC_SLOT_PRESENT_BOTH_UNVERIFIED
337,COMMAND_CREATE_CAR_GENERATOR,0x0028e504,FUN_0028e504,0x00000000,0,0,NUMERIC_SLOT_PRESENT_BOTH_UNVERIFIED
338,COMMAND_SWITCH_CAR_GENERATOR,0x0028e5d4,FUN_0028e5d4,0x00000000,0,0,NUMERIC_SLOT_PRESENT_BOTH_UNVERIFIED
339,COMMAND_ADD_PAGER_MESSAGE,0x00325040,FUN_00325040,0x00000000,0,0,NUMERIC_SLOT_PRESENT_BOTH_UNVERIFIED
340,COMMAND_DISPLAY_ONSCREEN_TIMER,0x003250cc,FUN_003250cc,0x00000000,0,0,NUMERIC_SLOT_PRESENT_BOTH_UNVERIFIED
341,COMMAND_CLEAR_ONSCREEN_TIMER,0x0029142c,FUN_0029142c,0x00000000,0,0,NUMERIC_SLOT_PRESENT_BOTH_UNVERIFIED
342,COMMAND_DISPLAY_ONSCREEN_COUNTER,0x00291484,FUN_00291484,0x00000000,0,0,NUMERIC_SLOT_PRESENT_BOTH_UNVERIFIED
343,COMMAND_CLEAR_ONSCREEN_COUNTER,0x002914d8,FUN_002914d8,0x00000000,0,0,NUMERIC_SLOT_PRESENT_BOTH_UNVERIFIED
344,COMMAND_SET_ZONE_CAR_INFO,0x00004e08,FUN_00004e08,0x00000000,0,0,NUMERIC_SLOT_PRESENT_BOTH_UNVERIFIED
345,COMMAND_IS_CHAR_IN_GANG_ZONE,0x0009dda0,FUN_0009dda0,0x00000000,0,0,NUMERIC_SLOT_PRESENT_BOTH_UNVERIFIED
346,COMMAND_IS_CHAR_IN_ZONE,0x0009dea0,FUN_0009dea0,0x00000000,0,0,NUMERIC_SLOT_PRESENT_BOTH_UNVERIFIED
347,COMMAND_SET_CAR_DENSITY,0x001dac04,FUN_001dac04,0x00000000,0,0,NUMERIC_SLOT_PRESENT_BOTH_UNVERIFIED
348,COMMAND_SET_PED_DENSITY,0x002e2174,FUN_002e2174,0x00000000,0,0,NUMERIC_SLOT_PRESENT_BOTH_UNVERIFIED
349,COMMAND_POINT_CAMERA_AT_PLAYER,0x00325158,FUN_00325158,0x00000000,0,0,NUMERIC_SLOT_PRESENT_BOTH_UNVERIFIED
350,COMMAND_POINT_CAMERA_AT_CAR,0x001d9a38,FUN_001d9a38,0x00000000,0,0,NUMERIC_SLOT_PRESENT_BOTH_UNVERIFIED
351,COMMAND_POINT_CAMERA_AT_CHAR,0x003251b0,FUN_003251b0,0x00000000,0,0,NUMERIC_SLOT_PRESENT_BOTH_UNVERIFIED
352,COMMAND_RESTORE_CAMERA,0x0009df7c,FUN_0009df7c,0x00000000,0,0,NUMERIC_SLOT_PRESENT_BOTH_UNVERIFIED
353,COMMAND_SHAKE_PAD,0x0009e058,FUN_0009e058,0x00000000,0,0,NUMERIC_SLOT_PRESENT_BOTH_UNVERIFIED
354,COMMAND_SET_ZONE_PED_INFO,0x0009e1b0,FUN_0009e1b0,0x00000000,0,0,NUMERIC_SLOT_PRESENT_BOTH_UNVERIFIED
355,COMMAND_SET_TIME_SCALE,0x000bd6cc,FUN_000bd6cc,0x00000000,0,0,NUMERIC_SLOT_PRESENT_BOTH_UNVERIFIED
356,COMMAND_IS_CAR_IN_AIR,0x000bd74c,FUN_000bd74c,0x00000000,0,0,NUMERIC_SLOT_PRESENT_BOTH_UNVERIFIED
357,COMMAND_SET_FIXED_CAMERA_POSITION,0x003194b8,FUN_003194b8,0x00000000,0,0,NUMERIC_SLOT_PRESENT_BOTH_UNVERIFIED
358,COMMAND_POINT_CAMERA_AT_POINT,0x00283d1c,FUN_00283d1c,0x00000000,0,0,NUMERIC_SLOT_PRESENT_BOTH_UNVERIFIED
359,COMMAND_ADD_BLIP_FOR_CAR_OLD,0x00283d3c,FUN_00283d3c,0x00000000,0,0,NUMERIC_SLOT_PRESENT_BOTH_UNVERIFIED
360,COMMAND_ADD_BLIP_FOR_CHAR_OLD,0x00283d5c,FUN_00283d5c,0x00000000,0,0,NUMERIC_SLOT_PRESENT_BOTH_UNVERIFIED
361,COMMAND_ADD_BLIP_FOR_OBJECT_OLD,0x00283d7c,FUN_00283d7c,0x00000000,0,0,NUMERIC_SLOT_PRESENT_BOTH_UNVERIFIED
362,COMMAND_REMOVE_BLIP,0x001dace4,FUN_001dace4,0x00000000,0,0,NUMERIC_SLOT_PRESENT_BOTH_UNVERIFIED
363,COMMAND_CHANGE_BLIP_COLOUR,0x002ee81c,FUN_002ee81c,0x00000000,0,0,NUMERIC_SLOT_PRESENT_BOTH_UNVERIFIED
364,COMMAND_DIM_BLIP,0x002ee8bc,FUN_002ee8bc,0x00000000,0,0,NUMERIC_SLOT_PRESENT_BOTH_UNVERIFIED
365,COMMAND_ADD_BLIP_FOR_COORD_OLD,0x002ee904,FUN_002ee904,0x00000000,0,0,NUMERIC_SLOT_PRESENT_BOTH_UNVERIFIED
366,COMMAND_CHANGE_BLIP_SCALE,0x002ee950,FUN_002ee950,0x00000000,0,0,NUMERIC_SLOT_PRESENT_BOTH_UNVERIFIED
367,COMMAND_SET_FADING_COLOUR,0x002ee99c,FUN_002ee99c,0x00000000,0,0,NUMERIC_SLOT_PRESENT_BOTH_UNVERIFIED
368,COMMAND_DO_FADE,0x002eea64,FUN_002eea64,0x00000000,0,0,NUMERIC_SLOT_PRESENT_BOTH_UNVERIFIED
369,COMMAND_GET_FADING_STATUS,0x002eeb84,FUN_002eeb84,0x00000000,0,0,NUMERIC_SLOT_PRESENT_BOTH_UNVERIFIED
370,COMMAND_ADD_HOSPITAL_RESTART,0x002eebd0,FUN_002eebd0,0x00000000,0,0,NUMERIC_SLOT_PRESENT_BOTH_UNVERIFIED
371,COMMAND_ADD_POLICE_RESTART,0x002eec38,FUN_002eec38,0x00000000,0,0,NUMERIC_SLOT_PRESENT_BOTH_UNVERIFIED
372,COMMAND_OVERRIDE_NEXT_RESTART,0x002eeca0,FUN_002eeca0,0x00000000,0,0,NUMERIC_SLOT_PRESENT_BOTH_UNVERIFIED
373,COMMAND_DRAW_SHADOW,0x002eed08,FUN_002eed08,0x00000000,0,0,NUMERIC_SLOT_PRESENT_BOTH_UNVERIFIED
374,COMMAND_GET_PLAYER_HEADING,0x002eed70,FUN_002eed70,0x00000000,0,0,NUMERIC_SLOT_PRESENT_BOTH_UNVERIFIED
375,COMMAND_SET_PLAYER_HEADING,0x002eedd8,FUN_002eedd8,0x00000000,0,0,NUMERIC_SLOT_PRESENT_BOTH_UNVERIFIED
376,COMMAND_GET_CHAR_HEADING,0x002eee40,FUN_002eee40,0x00000000,0,0,NUMERIC_SLOT_PRESENT_BOTH_UNVERIFIED
377,COMMAND_SET_CHAR_HEADING,0x002eeea8,FUN_002eeea8,0x00000000,0,0,NUMERIC_SLOT_PRESENT_BOTH_UNVERIFIED
378,COMMAND_GET_CAR_HEADING,0x002eef10,FUN_002eef10,0x00000000,0,0,NUMERIC_SLOT_PRESENT_BOTH_UNVERIFIED
379,COMMAND_SET_CAR_HEADING,0x002eef78,FUN_002eef78,0x00000000,0,0,NUMERIC_SLOT_PRESENT_BOTH_UNVERIFIED
380,COMMAND_GET_OBJECT_HEADING,0x002ef098,FUN_002ef098,0x00000000,0,0,NUMERIC_SLOT_PRESENT_BOTH_UNVERIFIED
381,COMMAND_SET_OBJECT_HEADING,0x002ef12c,FUN_002ef12c,0x00000000,0,0,NUMERIC_SLOT_PRESENT_BOTH_UNVERIFIED
382,COMMAND_IS_PLAYER_TOUCHING_OBJECT,0x002ef19c,FUN_002ef19c,0x00000000,0,0,NUMERIC_SLOT_PRESENT_BOTH_UNVERIFIED
383,COMMAND_IS_CHAR_TOUCHING_OBJECT,0x002ef1e8,FUN_002ef1e8,0x00000000,0,0,NUMERIC_SLOT_PRESENT_BOTH_UNVERIFIED
384,COMMAND_SET_PLAYER_AMMO,0x002ef234,FUN_002ef234,0x00000000,0,0,NUMERIC_SLOT_PRESENT_BOTH_UNVERIFIED
385,COMMAND_SET_CHAR_AMMO,0x002ef29c,FUN_002ef29c,0x00000000,0,0,NUMERIC_SLOT_PRESENT_BOTH_UNVERIFIED
386,COMMAND_SET_CAR_AMMO,0x002ef304,FUN_002ef304,0x00000000,0,0,NUMERIC_SLOT_PRESENT_BOTH_UNVERIFIED
387,COMMAND_LOAD_CAMERA_SPLINE,0x002ef36c,FUN_002ef36c,0x00000000,0,0,NUMERIC_SLOT_PRESENT_BOTH_UNVERIFIED
388,COMMAND_MOVE_CAMERA_ALONG_SPLINE,0x002ef400,FUN_002ef400,0x00000000,0,0,NUMERIC_SLOT_PRESENT_BOTH_UNVERIFIED
389,COMMAND_GET_CAMERA_POSITION_ALONG_SPLINE,0x002ef470,FUN_002ef470,0x00000000,0,0,NUMERIC_SLOT_PRESENT_BOTH_UNVERIFIED
390,COMMAND_DECLARE_MISSION_FLAG,0x002ef504,FUN_002ef504,0x00000000,0,0,NUMERIC_SLOT_PRESENT_BOTH_UNVERIFIED
391,COMMAND_DECLARE_MISSION_FLAG_FOR_CONTACT,0x002ef550,FUN_002ef550,0x00000000,0,0,NUMERIC_SLOT_PRESENT_BOTH_UNVERIFIED
392,COMMAND_DECLARE_BASE_BRIEF_ID_FOR_CONTACT,0x002ef660,FUN_002ef660,0x00000000,0,0,NUMERIC_SLOT_PRESENT_BOTH_UNVERIFIED
393,COMMAND_IS_PLAYER_HEALTH_GREATER,0x002ef6a8,FUN_002ef6a8,0x00000000,0,0,NUMERIC_SLOT_PRESENT_BOTH_UNVERIFIED
394,COMMAND_IS_CHAR_HEALTH_GREATER,0x002ef78c,FUN_002ef78c,0x00000000,0,0,NUMERIC_SLOT_PRESENT_BOTH_UNVERIFIED
395,COMMAND_IS_CAR_HEALTH_GREATER,0x002ef7f0,FUN_002ef7f0,0x00000000,0,0,NUMERIC_SLOT_PRESENT_BOTH_UNVERIFIED
396,COMMAND_ADD_BLIP_FOR_CAR,0x002ef844,FUN_002ef844,0x00000000,0,0,NUMERIC_SLOT_PRESENT_BOTH_UNVERIFIED
397,COMMAND_ADD_BLIP_FOR_CHAR,0x002ef940,FUN_002ef940,0x00000000,0,0,NUMERIC_SLOT_PRESENT_BOTH_UNVERIFIED
398,COMMAND_ADD_BLIP_FOR_OBJECT,0x002efa08,FUN_002efa08,0x00000000,0,0,NUMERIC_SLOT_PRESENT_BOTH_UNVERIFIED
399,COMMAND_ADD_BLIP_FOR_CONTACT_POINT,0x002efa50,FUN_002efa50,0x00000000,0,0,NUMERIC_SLOT_PRESENT_BOTH_UNVERIFIED
400,COMMAND_ADD_BLIP_FOR_COORD,0x002efbb4,FUN_002efbb4,0x00000000,0,0,NUMERIC_SLOT_PRESENT_BOTH_UNVERIFIED
401,COMMAND_CHANGE_BLIP_DISPLAY,0x002efbb4,FUN_002efbb4,0x00000000,0,0,NUMERIC_SLOT_PRESENT_BOTH_UNVERIFIED
402,COMMAND_ADD_ONE_OFF_SOUND,0x002efbb4,FUN_002efbb4,0x00000000,0,0,NUMERIC_SLOT_PRESENT_BOTH_UNVERIFIED
403,COMMAND_ADD_CONTINUOUS_SOUND,0x002efbb4,FUN_002efbb4,0x00000000,0,0,NUMERIC_SLOT_PRESENT_BOTH_UNVERIFIED
404,COMMAND_REMOVE_SOUND,0x002efbb4,FUN_002efbb4,0x00000000,0,0,NUMERIC_SLOT_PRESENT_BOTH_UNVERIFIED
405,COMMAND_IS_CAR_STUCK_ON_ROOF,0x002efbb4,FUN_002efbb4,0x00000000,0,0,NUMERIC_SLOT_PRESENT_BOTH_UNVERIFIED
406,COMMAND_ADD_UPSIDEDOWN_CAR_CHECK,0x002efbd4,FUN_002efbd4,0x00000000,0,0,NUMERIC_SLOT_PRESENT_BOTH_UNVERIFIED
407,COMMAND_REMOVE_UPSIDEDOWN_CAR_CHECK,0x002efbd4,FUN_002efbd4,0x00000000,0,0,NUMERIC_SLOT_PRESENT_BOTH_UNVERIFIED
408,COMMAND_SET_CHAR_OBJ_WAIT_ON_FOOT,0x002efbd4,FUN_002efbd4,0x00000000,0,0,NUMERIC_SLOT_PRESENT_BOTH_UNVERIFIED
409,COMMAND_SET_CHAR_OBJ_FLEE_ON_FOOT_TILL_SAFE,0x002efbf4,FUN_002efbf4,0x00000000,0,0,NUMERIC_SLOT_PRESENT_BOTH_UNVERIFIED
410,COMMAND_SET_CHAR_OBJ_GUARD_SPOT,0x002efbf4,FUN_002efbf4,0x00000000,0,0,NUMERIC_SLOT_PRESENT_BOTH_UNVERIFIED
411,COMMAND_SET_CHAR_OBJ_GUARD_AREA,0x002efbf4,FUN_002efbf4,0x00000000,0,0,NUMERIC_SLOT_PRESENT_BOTH_UNVERIFIED
412,COMMAND_SET_CHAR_OBJ_WAIT_IN_CAR,0x002efc14,FUN_002efc14,0x00000000,0,0,NUMERIC_SLOT_PRESENT_BOTH_UNVERIFIED
413,COMMAND_IS_PLAYER_IN_AREA_ON_FOOT_2D,0x002efc34,FUN_002efc34,0x00000000,0,0,NUMERIC_SLOT_PRESENT_BOTH_UNVERIFIED
414,COMMAND_IS_PLAYER_IN_AREA_IN_CAR_2D,0x002efc14,FUN_002efc14,0x00000000,0,0,NUMERIC_SLOT_PRESENT_BOTH_UNVERIFIED
415,COMMAND_IS_PLAYER_STOPPED_IN_AREA_2D,0x002efc14,FUN_002efc14,0x00000000,0,0,NUMERIC_SLOT_PRESENT_BOTH_UNVERIFIED
416,COMMAND_IS_PLAYER_STOPPED_IN_AREA_ON_FOOT_2D,0x002efc14,FUN_002efc14,0x00000000,0,0,NUMERIC_SLOT_PRESENT_BOTH_UNVERIFIED
417,COMMAND_IS_PLAYER_STOPPED_IN_AREA_IN_CAR_2D,0x002efc14,FUN_002efc14,0x00000000,0,0,NUMERIC_SLOT_PRESENT_BOTH_UNVERIFIED
418,COMMAND_IS_PLAYER_IN_AREA_ON_FOOT_3D,0x002efc14,FUN_002efc14,0x00000000,0,0,NUMERIC_SLOT_PRESENT_BOTH_UNVERIFIED
419,COMMAND_IS_PLAYER_IN_AREA_IN_CAR_3D,0x002efd2c,FUN_002efd2c,0x00000000,0,0,NUMERIC_SLOT_PRESENT_BOTH_UNVERIFIED
420,COMMAND_IS_PLAYER_STOPPED_IN_AREA_3D,0x00325218,FUN_00325218,0x00000000,0,0,NUMERIC_SLOT_PRESENT_BOTH_UNVERIFIED
421,COMMAND_IS_PLAYER_STOPPED_IN_AREA_ON_FOOT_3D,0x002acd00,FUN_002acd00,0x00000000,0,0,NUMERIC_SLOT_PRESENT_BOTH_UNVERIFIED
422,COMMAND_IS_PLAYER_STOPPED_IN_AREA_IN_CAR_3D,0x002e21ec,FUN_002e21ec,0x00000000,0,0,NUMERIC_SLOT_PRESENT_BOTH_UNVERIFIED
423,COMMAND_IS_CHAR_IN_AREA_ON_FOOT_2D,0x0009e248,FUN_0009e248,0x00000000,0,0,NUMERIC_SLOT_PRESENT_BOTH_UNVERIFIED
424,COMMAND_IS_CHAR_IN_AREA_IN_CAR_2D,0x001dadb4,FUN_001dadb4,0x00000000,0,0,NUMERIC_SLOT_PRESENT_BOTH_UNVERIFIED
425,COMMAND_IS_CHAR_STOPPED_IN_AREA_2D,0x001dadd4,FUN_001dadd4,0x00000000,0,0,NUMERIC_SLOT_PRESENT_BOTH_UNVERIFIED
426,COMMAND_IS_CHAR_STOPPED_IN_AREA_ON_FOOT_2D,0x0020e340,FUN_0020e340,0x00000000,0,0,NUMERIC_SLOT_PRESENT_BOTH_UNVERIFIED
427,COMMAND_IS_CHAR_STOPPED_IN_AREA_IN_CAR_2D,0x002e2260,FUN_002e2260,0x00000000,0,0,NUMERIC_SLOT_PRESENT_BOTH_UNVERIFIED
428,COMMAND_IS_CHAR_IN_AREA_ON_FOOT_3D,0x00325294,FUN_00325294,0x00000000,0,0,NUMERIC_SLOT_PRESENT_BOTH_UNVERIFIED
429,COMMAND_IS_CHAR_IN_AREA_IN_CAR_3D,0x002ebdac,FUN_002ebdac,0x00000000,0,0,NUMERIC_SLOT_PRESENT_BOTH_UNVERIFIED
430,COMMAND_IS_CHAR_STOPPED_IN_AREA_3D,0x001d9ac8,FUN_001d9ac8,0x00000000,0,0,NUMERIC_SLOT_PRESENT_BOTH_UNVERIFIED
431,COMMAND_IS_CHAR_STOPPED_IN_AREA_ON_FOOT_3D,0x00325370,FUN_00325370,0x00000000,0,0,NUMERIC_SLOT_PRESENT_BOTH_UNVERIFIED
432,COMMAND_IS_CHAR_STOPPED_IN_AREA_IN_CAR_3D,0x002e233c,FUN_002e233c,0x00000000,0,0,NUMERIC_SLOT_PRESENT_BOTH_UNVERIFIED
433,COMMAND_IS_CAR_STOPPED_IN_AREA_2D,0x003253ec,FUN_003253ec,0x00000000,0,0,NUMERIC_SLOT_PRESENT_BOTH_UNVERIFIED
434,COMMAND_IS_CAR_STOPPED_IN_AREA_3D,0x002e23b8,FUN_002e23b8,0x00000000,0,0,NUMERIC_SLOT_PRESENT_BOTH_UNVERIFIED
435,COMMAND_LOCATE_CAR_2D,0x002e24f4,FUN_002e24f4,0x00000000,0,0,NUMERIC_SLOT_PRESENT_BOTH_UNVERIFIED
436,COMMAND_LOCATE_STOPPED_CAR_2D,0x0028e6a4,FUN_0028e6a4,0x00000000,0,0,NUMERIC_SLOT_PRESENT_BOTH_UNVERIFIED
437,COMMAND_LOCATE_CAR_3D,0x0028e810,FUN_0028e810,0x00000000,0,0,NUMERIC_SLOT_PRESENT_BOTH_UNVERIFIED
438,COMMAND_LOCATE_STOPPED_CAR_3D,0x002e25d4,FUN_002e25d4,0x00000000,0,0,NUMERIC_SLOT_PRESENT_BOTH_UNVERIFIED
439,COMMAND_GIVE_WEAPON_TO_PLAYER,0x002e279c,FUN_002e279c,0x00000000,0,0,NUMERIC_SLOT_PRESENT_BOTH_UNVERIFIED
440,COMMAND_GIVE_WEAPON_TO_CHAR,0x00325528,FUN_00325528,0x00000000,0,0,NUMERIC_SLOT_PRESENT_BOTH_UNVERIFIED
441,COMMAND_GIVE_WEAPON_TO_CAR,0x0020e530,FUN_0020e530,0x00000000,0,0,NUMERIC_SLOT_PRESENT_BOTH_UNVERIFIED
442,COMMAND_SET_PLAYER_CONTROL,0x002b82f8,FUN_002b82f8,0x00000000,0,0,NUMERIC_SLOT_PRESENT_BOTH_UNVERIFIED
443,COMMAND_FORCE_WEATHER,0x0029a7c8,FUN_0029a7c8,0x00000000,0,0,NUMERIC_SLOT_PRESENT_BOTH_UNVERIFIED
444,COMMAND_FORCE_WEATHER_NOW,0x0007f5f8,FUN_0007f5f8,0x00000000,0,0,NUMERIC_SLOT_PRESENT_BOTH_UNVERIFIED
445,COMMAND_RELEASE_WEATHER,0x0007f6ec,FUN_0007f6ec,0x00000000,0,0,NUMERIC_SLOT_PRESENT_BOTH_UNVERIFIED
446,COMMAND_SET_CURRENT_PLAYER_WEAPON,0x0007f7c8,FUN_0007f7c8,0x00000000,0,0,NUMERIC_SLOT_PRESENT_BOTH_UNVERIFIED
447,COMMAND_SET_CURRENT_CHAR_WEAPON,0x002e2928,FUN_002e2928,0x00000000,0,0,NUMERIC_SLOT_PRESENT_BOTH_UNVERIFIED
448,COMMAND_SET_CURRENT_CAR_WEAPON,0x002e2a38,FUN_002e2a38,0x00000000,0,0,NUMERIC_SLOT_PRESENT_BOTH_UNVERIFIED
449,COMMAND_GET_OBJECT_COORDINATES,0x003256b4,FUN_003256b4,0x00000000,0,0,NUMERIC_SLOT_PRESENT_BOTH_UNVERIFIED
450,COMMAND_SET_OBJECT_COORDINATES,0x003257f8,FUN_003257f8,0x00000000,0,0,NUMERIC_SLOT_PRESENT_BOTH_UNVERIFIED
451,COMMAND_GET_GAME_TIMER,0x002e2aac,FUN_002e2aac,0x00000000,0,0,NUMERIC_SLOT_PRESENT_BOTH_UNVERIFIED
452,COMMAND_TURN_CHAR_TO_FACE_COORD,0x003258f4,FUN_003258f4,0x00000000,0,0,NUMERIC_SLOT_PRESENT_BOTH_UNVERIFIED
453,COMMAND_TURN_PLAYER_TO_FACE_COORD,0x00325ba0,FUN_00325ba0,0x00000000,0,0,NUMERIC_SLOT_PRESENT_BOTH_UNVERIFIED
454,COMMAND_STORE_WANTED_LEVEL,0x001dae3c,FUN_001dae3c,0x00000000,0,0,NUMERIC_SLOT_PRESENT_BOTH_UNVERIFIED
455,COMMAND_IS_CAR_STOPPED,0x00325ea0,FUN_00325ea0,0x00000000,0,0,NUMERIC_SLOT_PRESENT_BOTH_UNVERIFIED
456,COMMAND_MARK_CHAR_AS_NO_LONGER_NEEDED,0x001ddf24,FUN_001ddf24,0x00000000,0,0,NUMERIC_SLOT_PRESENT_BOTH_UNVERIFIED
457,COMMAND_MARK_CAR_AS_NO_LONGER_NEEDED,0x00325f7c,FUN_00325f7c,0x00000000,0,0,NUMERIC_SLOT_PRESENT_BOTH_UNVERIFIED
458,COMMAND_MARK_OBJECT_AS_NO_LONGER_NEEDED,0x002e2b10,FUN_002e2b10,0x00000000,0,0,NUMERIC_SLOT_PRESENT_BOTH_UNVERIFIED
459,COMMAND_DONT_REMOVE_CHAR,0x001d9b28,FUN_001d9b28,0x00000000,0,0,NUMERIC_SLOT_PRESENT_BOTH_UNVERIFIED
460,COMMAND_DONT_REMOVE_CAR,0x001d9b98,FUN_001d9b98,0x00000000,0,0,NUMERIC_SLOT_PRESENT_BOTH_UNVERIFIED
461,COMMAND_DONT_REMOVE_OBJECT,0x001d9bcc,FUN_001d9bcc,0x00000000,0,0,NUMERIC_SLOT_PRESENT_BOTH_UNVERIFIED
462,COMMAND_CREATE_CHAR_AS_PASSENGER,0x001d9c88,FUN_001d9c88,0x00000000,0,0,NUMERIC_SLOT_PRESENT_BOTH_UNVERIFIED
463,COMMAND_SET_CHAR_OBJ_KILL_CHAR_ON_FOOT,0x0018be08,FUN_0018be08,0x00000000,0,0,NUMERIC_SLOT_PRESENT_BOTH_UNVERIFIED
464,COMMAND_SET_CHAR_OBJ_KILL_PLAYER_ON_FOOT,0x00326010,FUN_00326010,0x00000000,0,0,NUMERIC_SLOT_PRESENT_BOTH_UNVERIFIED
465,COMMAND_SET_CHAR_OBJ_KILL_CHAR_ANY_MEANS,0x001daf5c,FUN_001daf5c,0x00000000,0,0,NUMERIC_SLOT_PRESENT_BOTH_UNVERIFIED
466,COMMAND_SET_CHAR_OBJ_KILL_PLAYER_ANY_MEANS,0x000003c8,FUN_000003c8,0x00000000,0,0,NUMERIC_SLOT_PRESENT_BOTH_UNVERIFIED
467,COMMAND_SET_CHAR_OBJ_FLEE_CHAR_ON_FOOT_TILL_SAFE,0x00000468,FUN_00000468,0x00000000,0,0,NUMERIC_SLOT_PRESENT_BOTH_UNVERIFIED
468,COMMAND_SET_CHAR_OBJ_FLEE_PLAYER_ON_FOOT_TILL_SAFE,0x002e2bd4,FUN_002e2bd4,0x00000000,0,0,NUMERIC_SLOT_PRESENT_BOTH_UNVERIFIED
469,COMMAND_SET_CHAR_OBJ_FLEE_CHAR_ON_FOOT_ALWAYS,0x002e2c64,FUN_002e2c64,0x00000000,0,0,NUMERIC_SLOT_PRESENT_BOTH_UNVERIFIED
470,COMMAND_SET_CHAR_OBJ_FLEE_PLAYER_ON_FOOT_ALWAYS,0x001d4180,FUN_001d4180,0x00000000,0,0,NUMERIC_SLOT_PRESENT_BOTH_UNVERIFIED
471,COMMAND_SET_CHAR_OBJ_GOTO_CHAR_ON_FOOT,0x001d41dc,FUN_001d41dc,0x00000000,0,0,NUMERIC_SLOT_PRESENT_BOTH_UNVERIFIED
472,COMMAND_SET_CHAR_OBJ_GOTO_PLAYER_ON_FOOT,0x002ebe1c,FUN_002ebe1c,0x00000000,0,0,NUMERIC_SLOT_PRESENT_BOTH_UNVERIFIED
473,COMMAND_SET_CHAR_OBJ_LEAVE_CAR,0x002ebf20,FUN_002ebf20,0x00000000,0,0,NUMERIC_SLOT_PRESENT_BOTH_UNVERIFIED
474,COMMAND_SET_CHAR_OBJ_ENTER_CAR_AS_PASSENGER,0x002ec02c,FUN_002ec02c,0x00000000,0,0,NUMERIC_SLOT_PRESENT_BOTH_UNVERIFIED
475,COMMAND_SET_CHAR_OBJ_ENTER_CAR_AS_DRIVER,0x002ec130,FUN_002ec130,0x00000000,0,0,NUMERIC_SLOT_PRESENT_BOTH_UNVERIFIED
476,COMMAND_SET_CHAR_OBJ_FOLLOW_CAR_IN_CAR,0x002ec234,FUN_002ec234,0x00000000,0,0,NUMERIC_SLOT_PRESENT_BOTH_UNVERIFIED
477,COMMAND_SET_CHAR_OBJ_FIRE_AT_OBJECT_FROM_VEHICLE,0x002ec340,FUN_002ec340,0x00000000,0,0,NUMERIC_SLOT_PRESENT_BOTH_UNVERIFIED
478,COMMAND_SET_CHAR_OBJ_DESTROY_OBJECT,0x002ec444,FUN_002ec444,0x00000000,0,0,NUMERIC_SLOT_PRESENT_BOTH_UNVERIFIED
479,COMMAND_SET_CHAR_OBJ_DESTROY_CAR,0x00081d44,FUN_00081d44,0x00000000,0,0,NUMERIC_SLOT_PRESENT_BOTH_UNVERIFIED
480,COMMAND_SET_CHAR_OBJ_GOTO_AREA_ON_FOOT,0x00081dc8,FUN_00081dc8,0x00000000,0,0,NUMERIC_SLOT_PRESENT_BOTH_UNVERIFIED
481,COMMAND_SET_CHAR_OBJ_GOTO_AREA_IN_CAR,0x00081e0c,FUN_00081e0c,0x00000000,0,0,NUMERIC_SLOT_PRESENT_BOTH_UNVERIFIED
482,COMMAND_SET_CHAR_OBJ_FOLLOW_CAR_ON_FOOT_WITH_OFFSET,0x00081e5c,FUN_00081e5c,0x00000000,0,0,NUMERIC_SLOT_PRESENT_BOTH_UNVERIFIED
483,COMMAND_SET_CHAR_OBJ_GUARD_ATTACK,0x00081eac,FUN_00081eac,0x00000000,0,0,NUMERIC_SLOT_PRESENT_BOTH_UNVERIFIED
484,COMMAND_SET_CHAR_AS_LEADER,0x00081f00,FUN_00081f00,0x00000000,0,0,NUMERIC_SLOT_PRESENT_BOTH_UNVERIFIED
485,COMMAND_SET_PLAYER_AS_LEADER,0x00081f54,FUN_00081f54,0x00000000,0,0,NUMERIC_SLOT_PRESENT_BOTH_UNVERIFIED
486,COMMAND_LEAVE_GROUP,0x00081fa8,,0x00000000,0,0,NUMERIC_SLOT_PRESENT_BOTH_UNVERIFIED
487,COMMAND_SET_CHAR_OBJ_FOLLOW_ROUTE,0x00081fbc,FUN_00081fbc,0x00000000,0,0,NUMERIC_SLOT_PRESENT_BOTH_UNVERIFIED
488,COMMAND_ADD_ROUTE_POINT,0x00081ff8,,0x00000000,0,0,NUMERIC_SLOT_PRESENT_BOTH_UNVERIFIED
489,COMMAND_PRINT_WITH_NUMBER_BIG,0x0008200c,FUN_0008200c,0x00000000,0,0,NUMERIC_SLOT_PRESENT_BOTH_UNVERIFIED
490,COMMAND_PRINT_WITH_NUMBER,0x00082050,,0x00000000,0,0,NUMERIC_SLOT_PRESENT_BOTH_UNVERIFIED
491,COMMAND_PRINT_WITH_NUMBER_NOW,0x00082064,FUN_00082064,0x00000000,0,0,NUMERIC_SLOT_PRESENT_BOTH_UNVERIFIED
492,COMMAND_PRINT_WITH_NUMBER_SOON,0x003260f4,FUN_003260f4,0x00000000,0,0,NUMERIC_SLOT_PRESENT_BOTH_UNVERIFIED
493,COMMAND_SWITCH_ROADS_ON,0x0007f814,FUN_0007f814,0x00000000,0,0,NUMERIC_SLOT_PRESENT_BOTH_UNVERIFIED
494,COMMAND_SWITCH_ROADS_OFF,0x00326168,FUN_00326168,0x00000000,0,0,NUMERIC_SLOT_PRESENT_BOTH_UNVERIFIED
495,COMMAND_GET_NUMBER_OF_PASSENGERS,0x002e2cf4,FUN_002e2cf4,0x00000000,0,0,NUMERIC_SLOT_PRESENT_BOTH_UNVERIFIED
496,COMMAND_GET_MAXIMUM_NUMBER_OF_PASSENGERS,0x0032628c,FUN_0032628c,0x00000000,0,0,NUMERIC_SLOT_PRESENT_BOTH_UNVERIFIED
497,COMMAND_SET_CAR_DENSITY_MULTIPLIER,0x00326390,FUN_00326390,0x00000000,0,0,NUMERIC_SLOT_PRESENT_BOTH_UNVERIFIED
498,COMMAND_SET_CAR_HEAVY,0x002e2e18,FUN_002e2e18,0x00000000,0,0,NUMERIC_SLOT_PRESENT_BOTH_UNVERIFIED
499,COMMAND_CLEAR_CHAR_THREAT_SEARCH,0x000d99cc,FUN_000d99cc,0x00000000,0,0,NUMERIC_SLOT_PRESENT_BOTH_UNVERIFIED
500,COMMAND_ACTIVATE_CRANE,0x0007f838,FUN_0007f838,0x00000000,0,0,NUMERIC_SLOT_PRESENT_BOTH_UNVERIFIED
501,COMMAND_DEACTIVATE_CRANE,0x0007f8f0,FUN_0007f8f0,0x00000000,0,0,NUMERIC_SLOT_PRESENT_BOTH_UNVERIFIED
502,COMMAND_SET_MAX_WANTED_LEVEL,0x002e2e8c,FUN_002e2e8c,0x00000000,0,0,NUMERIC_SLOT_PRESENT_BOTH_UNVERIFIED
503,COMMAND_SAVE_VAR_INT,0x001d42c0,FUN_001d42c0,0x00000000,0,0,NUMERIC_SLOT_PRESENT_BOTH_UNVERIFIED
504,COMMAND_SAVE_VAR_FLOAT,0x0018be2c,FUN_0018be2c,0x00000000,0,0,NUMERIC_SLOT_PRESENT_BOTH_UNVERIFIED
505,COMMAND_IS_CAR_IN_AIR_PROPER,0x001de044,FUN_001de044,0x00000000,0,0,NUMERIC_SLOT_PRESENT_BOTH_UNVERIFIED
506,COMMAND_IS_CAR_UPSIDEDOWN,0x002e308c,FUN_002e308c,0x00000000,0,0,NUMERIC_SLOT_PRESENT_BOTH_UNVERIFIED
507,COMMAND_GET_PLAYER_CHAR,0x001db050,FUN_001db050,0x00000000,0,0,NUMERIC_SLOT_PRESENT_BOTH_UNVERIFIED
508,COMMAND_CANCEL_OVERRIDE_RESTART,0x001db0c0,FUN_001db0c0,0x00000000,0,0,NUMERIC_SLOT_PRESENT_BOTH_UNVERIFIED
509,COMMAND_SET_POLICE_IGNORE_PLAYER,0x003263f4,FUN_003263f4,0x00000000,0,0,NUMERIC_SLOT_PRESENT_BOTH_UNVERIFIED
510,COMMAND_ADD_PAGER_MESSAGE_WITH_NUMBER,0x002e30f4,FUN_002e30f4,0x00000000,0,0,NUMERIC_SLOT_PRESENT_BOTH_UNVERIFIED
511,COMMAND_START_KILL_FRENZY,0x001d4394,FUN_001d4394,0x00000000,0,0,NUMERIC_SLOT_PRESENT_BOTH_UNVERIFIED
512,COMMAND_READ_KILL_FRENZY_STATUS,0x00326470,FUN_00326470,0x00000000,0,0,NUMERIC_SLOT_PRESENT_BOTH_UNVERIFIED
513,COMMAND_SQRT,0x002e3168,FUN_002e3168,0x00000000,0,0,NUMERIC_SLOT_PRESENT_BOTH_UNVERIFIED
514,COMMAND_LOCATE_PLAYER_ANY_MEANS_CAR_2D,0x0029a84c,FUN_0029a84c,0x00000000,0,0,NUMERIC_SLOT_PRESENT_BOTH_UNVERIFIED
515,COMMAND_LOCATE_PLAYER_ON_FOOT_CAR_2D,0x002ec548,FUN_002ec548,0x00000000,0,0,NUMERIC_SLOT_PRESENT_BOTH_UNVERIFIED
516,COMMAND_LOCATE_PLAYER_IN_CAR_CAR_2D,0x002ec73c,FUN_002ec73c,0x00000000,0,0,NUMERIC_SLOT_PRESENT_BOTH_UNVERIFIED
517,COMMAND_LOCATE_PLAYER_ANY_MEANS_CAR_3D,0x002ec7b0,FUN_002ec7b0,0x00000000,0,0,NUMERIC_SLOT_PRESENT_BOTH_UNVERIFIED
518,COMMAND_LOCATE_PLAYER_ON_FOOT_CAR_3D,0x002ec87c,FUN_002ec87c,0x00000000,0,0,NUMERIC_SLOT_PRESENT_BOTH_UNVERIFIED
519,COMMAND_LOCATE_PLAYER_IN_CAR_CAR_3D,0x002ec8f8,FUN_002ec8f8,0x00000000,0,0,NUMERIC_SLOT_PRESENT_BOTH_UNVERIFIED
520,COMMAND_LOCATE_CHAR_ANY_MEANS_CAR_2D,0x002ec974,FUN_002ec974,0x00000000,0,0,NUMERIC_SLOT_PRESENT_BOTH_UNVERIFIED
521,COMMAND_LOCATE_CHAR_ON_FOOT_CAR_2D,0x002ec9ec,FUN_002ec9ec,0x00000000,0,0,NUMERIC_SLOT_PRESENT_BOTH_UNVERIFIED
522,COMMAND_LOCATE_CHAR_IN_CAR_CAR_2D,0x002eca68,FUN_002eca68,0x00000000,0,0,NUMERIC_SLOT_PRESENT_BOTH_UNVERIFIED
523,COMMAND_LOCATE_CHAR_ANY_MEANS_CAR_3D,0x00210d50,FUN_00210d50,0x00000000,0,0,NUMERIC_SLOT_PRESENT_BOTH_UNVERIFIED
524,COMMAND_LOCATE_CHAR_ON_FOOT_CAR_3D,0x00211348,FUN_00211348,0x00000000,0,0,NUMERIC_SLOT_PRESENT_BOTH_UNVERIFIED
525,COMMAND_LOCATE_CHAR_IN_CAR_CAR_3D,0x00326500,FUN_00326500,0x00000000,0,0,NUMERIC_SLOT_PRESENT_BOTH_UNVERIFIED
526,COMMAND_GENERATE_RANDOM_FLOAT_IN_RANGE,0x0032663c,FUN_0032663c,0x00000000,0,0,NUMERIC_SLOT_PRESENT_BOTH_UNVERIFIED
527,COMMAND_GENERATE_RANDOM_INT_IN_RANGE,0x003266b0,FUN_003266b0,0x00000000,0,0,NUMERIC_SLOT_PRESENT_BOTH_UNVERIFIED
528,COMMAND_LOCK_CAR_DOORS,0x0007f9a8,FUN_0007f9a8,0x00000000,0,0,NUMERIC_SLOT_PRESENT_BOTH_UNVERIFIED
529,COMMAND_EXPLODE_CAR,0x0020e6bc,FUN_0020e6bc,0x00000000,0,0,NUMERIC_SLOT_PRESENT_BOTH_UNVERIFIED
530,COMMAND_ADD_EXPLOSION,0x0020e740,FUN_0020e740,0x00000000,0,0,NUMERIC_SLOT_PRESENT_BOTH_UNVERIFIED
531,COMMAND_IS_CAR_UPRIGHT,0x003267b0,FUN_003267b0,0x00000000,0,0,NUMERIC_SLOT_PRESENT_BOTH_UNVERIFIED
532,COMMAND_TURN_CHAR_TO_FACE_CHAR,0x001d43e4,FUN_001d43e4,0x00000000,0,0,NUMERIC_SLOT_PRESENT_BOTH_UNVERIFIED
533,COMMAND_TURN_CHAR_TO_FACE_PLAYER,0x001d4440,FUN_001d4440,0x00000000,0,0,NUMERIC_SLOT_PRESENT_BOTH_UNVERIFIED
534,COMMAND_TURN_PLAYER_TO_FACE_CHAR,0x0032e860,FUN_0032e860,0x00000000,0,0,NUMERIC_SLOT_PRESENT_BOTH_UNVERIFIED
535,COMMAND_SET_CHAR_OBJ_GOTO_COORD_ON_FOOT,0x0020e7b0,FUN_0020e7b0,0x00000000,0,0,NUMERIC_SLOT_PRESENT_BOTH_UNVERIFIED
536,COMMAND_SET_CHAR_OBJ_GOTO_COORD_IN_CAR,0x003268ac,FUN_003268ac,0x00000000,0,0,NUMERIC_SLOT_PRESENT_BOTH_UNVERIFIED
537,COMMAND_CREATE_PICKUP,0x00004ea8,FUN_00004ea8,0x00000000,0,0,NUMERIC_SLOT_PRESENT_BOTH_UNVERIFIED
538,COMMAND_HAS_PICKUP_BEEN_COLLECTED,0x0020eab4,FUN_0020eab4,0x00000000,0,0,NUMERIC_SLOT_PRESENT_BOTH_UNVERIFIED
539,COMMAND_REMOVE_PICKUP,0x0029c6ac,FUN_0029c6ac,0x00000000,0,0,NUMERIC_SLOT_PRESENT_BOTH_UNVERIFIED
540,COMMAND_SET_TAXI_LIGHTS,0x003269b4,FUN_003269b4,0x00000000,0,0,NUMERIC_SLOT_PRESENT_BOTH_UNVERIFIED
541,COMMAND_PRINT_BIG_Q,0x002e31e4,FUN_002e31e4,0x00000000,0,0,NUMERIC_SLOT_PRESENT_BOTH_UNVERIFIED
542,COMMAND_PRINT_WITH_NUMBER_BIG_Q,0x002ecae4,FUN_002ecae4,0x00000000,0,0,NUMERIC_SLOT_PRESENT_BOTH_UNVERIFIED
543,COMMAND_SET_GARAGE,0x002ecbec,FUN_002ecbec,0x00000000,0,0,NUMERIC_SLOT_PRESENT_BOTH_UNVERIFIED
544,COMMAND_SET_GARAGE_WITH_CAR_MODEL,0x00326a38,FUN_00326a38,0x00000000,0,0,NUMERIC_SLOT_PRESENT_BOTH_UNVERIFIED
545,COMMAND_SET_TARGET_CAR_FOR_MISSION_GARAGE,0x0018bed4,FUN_0018bed4,0x00000000,0,0,NUMERIC_SLOT_PRESENT_BOTH_UNVERIFIED
546,COMMAND_IS_CAR_IN_MISSION_GARAGE,0x0032ed54,FUN_0032ed54,0x00000000,0,0,NUMERIC_SLOT_PRESENT_BOTH_UNVERIFIED
547,COMMAND_SET_FREE_BOMBS,0x0029aa90,FUN_0029aa90,0x00000000,0,0,NUMERIC_SLOT_PRESENT_BOTH_UNVERIFIED
548,COMMAND_SET_POWERPOINT,0x0020ebac,FUN_0020ebac,0x00000000,0,0,NUMERIC_SLOT_PRESENT_BOTH_UNVERIFIED
549,COMMAND_SET_ALL_TAXI_LIGHTS,0x0020ec20,FUN_0020ec20,0x00000000,0,0,NUMERIC_SLOT_PRESENT_BOTH_UNVERIFIED
550,COMMAND_IS_CAR_ARMED_WITH_ANY_BOMB,0x002eccf4,FUN_002eccf4,0x00000000,0,0,NUMERIC_SLOT_PRESENT_BOTH_UNVERIFIED
551,COMMAND_APPLY_BRAKES_TO_PLAYERS_CAR,0x0029abec,FUN_0029abec,0x00000000,0,0,NUMERIC_SLOT_PRESENT_BOTH_UNVERIFIED
552,COMMAND_SET_PLAYER_HEALTH,0x0009e2b8,FUN_0009e2b8,0x00000000,0,0,NUMERIC_SLOT_PRESENT_BOTH_UNVERIFIED
553,COMMAND_SET_CHAR_HEALTH,0x0020ec94,FUN_0020ec94,0x00000000,0,0,NUMERIC_SLOT_PRESENT_BOTH_UNVERIFIED
554,COMMAND_SET_CAR_HEALTH,0x0020ed3c,FUN_0020ed3c,0x00000000,0,0,NUMERIC_SLOT_PRESENT_BOTH_UNVERIFIED
555,COMMAND_GET_PLAYER_HEALTH,0x00288f8c,FUN_00288f8c,0x00000000,0,0,NUMERIC_SLOT_PRESENT_BOTH_UNVERIFIED
556,COMMAND_GET_CHAR_HEALTH,0x0029ad80,FUN_0029ad80,0x00000000,0,0,NUMERIC_SLOT_PRESENT_BOTH_UNVERIFIED
557,COMMAND_GET_CAR_HEALTH,0x002f0148,FUN_002f0148,0x00000000,0,0,NUMERIC_SLOT_PRESENT_BOTH_UNVERIFIED
558,COMMAND_IS_CAR_ARMED_WITH_BOMB,0x002e323c,FUN_002e323c,0x00000000,0,0,NUMERIC_SLOT_PRESENT_BOTH_UNVERIFIED
559,COMMAND_CHANGE_CAR_COLOUR,0x0028e934,FUN_0028e934,0x00000000,0,0,NUMERIC_SLOT_PRESENT_BOTH_UNVERIFIED
560,COMMAND_SWITCH_PED_ROADS_ON,0x002e32b0,FUN_002e32b0,0x00000000,0,0,NUMERIC_SLOT_PRESENT_BOTH_UNVERIFIED
561,COMMAND_SWITCH_PED_ROADS_OFF,0x000164d4,FUN_000164d4,0x00000000,0,0,NUMERIC_SLOT_PRESENT_BOTH_UNVERIFIED
562,COMMAND_CHAR_LOOK_AT_CHAR_ALWAYS,0x00326ad4,FUN_00326ad4,0x00000000,0,0,NUMERIC_SLOT_PRESENT_BOTH_UNVERIFIED
563,COMMAND_CHAR_LOOK_AT_PLAYER_ALWAYS,0x002e3364,FUN_002e3364,0x00000000,0,0,NUMERIC_SLOT_PRESENT_BOTH_UNVERIFIED
564,COMMAND_PLAYER_LOOK_AT_CHAR_ALWAYS,0x0029ae38,FUN_0029ae38,0x00000000,0,0,NUMERIC_SLOT_PRESENT_BOTH_UNVERIFIED
565,COMMAND_STOP_CHAR_LOOKING,0x00319608,FUN_00319608,0x00000000,0,0,NUMERIC_SLOT_PRESENT_BOTH_UNVERIFIED
566,COMMAND_STOP_PLAYER_LOOKING,0x002e345c,FUN_002e345c,0x00000000,0,0,NUMERIC_SLOT_PRESENT_BOTH_UNVERIFIED
567,COMMAND_SWITCH_HELICOPTER,0x00326b50,FUN_00326b50,0x00000000,0,0,NUMERIC_SLOT_PRESENT_BOTH_UNVERIFIED
568,COMMAND_SET_GANG_ATTITUDE,0x002b8360,FUN_002b8360,0x00000000,0,0,NUMERIC_SLOT_PRESENT_BOTH_UNVERIFIED
569,COMMAND_SET_GANG_GANG_ATTITUDE,0x00253e3c,FUN_00253e3c,0x00000000,0,0,NUMERIC_SLOT_PRESENT_BOTH_UNVERIFIED
570,COMMAND_SET_GANG_PLAYER_ATTITUDE,0x00253e68,FUN_00253e68,0x00000000,0,0,NUMERIC_SLOT_PRESENT_BOTH_UNVERIFIED
571,COMMAND_SET_GANG_PED_MODELS,0x00253e94,,0x00000000,0,0,NUMERIC_SLOT_PRESENT_BOTH_UNVERIFIED
572,COMMAND_SET_GANG_CAR_MODEL,0x00288ff4,FUN_00288ff4,0x00000000,0,0,NUMERIC_SLOT_PRESENT_BOTH_UNVERIFIED
573,COMMAND_SET_GANG_WEAPONS,0x002e34c8,FUN_002e34c8,0x00000000,0,0,NUMERIC_SLOT_PRESENT_BOTH_UNVERIFIED
574,COMMAND_SET_CHAR_OBJ_RUN_TO_AREA,0x00326c38,FUN_00326c38,0x00000000,0,0,NUMERIC_SLOT_PRESENT_BOTH_UNVERIFIED
575,COMMAND_SET_CHAR_OBJ_RUN_TO_COORD,0x0007fb04,FUN_0007fb04,0x00000000,0,0,NUMERIC_SLOT_PRESENT_BOTH_UNVERIFIED
576,COMMAND_IS_PLAYER_TOUCHING_OBJECT_ON_FOOT,0x00016618,FUN_00016618,0x00000000,0,0,NUMERIC_SLOT_PRESENT_BOTH_UNVERIFIED
577,COMMAND_IS_CHAR_TOUCHING_OBJECT_ON_FOOT,0x0029af2c,FUN_0029af2c,0x00000000,0,0,NUMERIC_SLOT_PRESENT_BOTH_UNVERIFIED
578,COMMAND_LOAD_SPECIAL_CHARACTER,0x001d449c,FUN_001d449c,0x00000000,0,0,NUMERIC_SLOT_PRESENT_BOTH_UNVERIFIED
579,COMMAND_HAS_SPECIAL_CHARACTER_LOADED,0x001d4570,FUN_001d4570,0x00000000,0,0,NUMERIC_SLOT_PRESENT_BOTH_UNVERIFIED
580,COMMAND_FLASH_CAR,0x0012eca4,FUN_0012eca4,0x00000000,0,0,NUMERIC_SLOT_PRESENT_BOTH_UNVERIFIED
581,COMMAND_FLASH_CHAR,0x0029af84,FUN_0029af84,0x00000000,0,0,NUMERIC_SLOT_PRESENT_BOTH_UNVERIFIED
582,COMMAND_FLASH_OBJECT,0x002e353c,FUN_002e353c,0x00000000,0,0,NUMERIC_SLOT_PRESENT_BOTH_UNVERIFIED
583,COMMAND_IS_PLAYER_IN_REMOTE_MODE,0x001d4644,FUN_001d4644,0x00000000,0,0,NUMERIC_SLOT_PRESENT_BOTH_UNVERIFIED
584,COMMAND_ARM_CAR_WITH_BOMB,0x00319700,FUN_00319700,0x00000000,0,0,NUMERIC_SLOT_PRESENT_BOTH_UNVERIFIED
585,COMMAND_SET_CHAR_PERSONALITY,0x00319830,FUN_00319830,0x00000000,0,0,NUMERIC_SLOT_PRESENT_BOTH_UNVERIFIED
586,COMMAND_SET_CUTSCENE_OFFSET,0x001db130,FUN_001db130,0x00000000,0,0,NUMERIC_SLOT_PRESENT_BOTH_UNVERIFIED
587,COMMAND_SET_ANIM_GROUP_FOR_CHAR,0x00326c7c,FUN_00326c7c,0x00000000,0,0,NUMERIC_SLOT_PRESENT_BOTH_UNVERIFIED
588,COMMAND_SET_ANIM_GROUP_FOR_PLAYER,0x002f019c,FUN_002f019c,0x00000000,0,0,NUMERIC_SLOT_PRESENT_BOTH_UNVERIFIED
589,COMMAND_REQUEST_MODEL,0x002f026c,FUN_002f026c,0x00000000,0,0,NUMERIC_SLOT_PRESENT_BOTH_UNVERIFIED
590,COMMAND_HAS_MODEL_LOADED,0x002e8860,FUN_002e8860,0x00000000,0,0,NUMERIC_SLOT_PRESENT_BOTH_UNVERIFIED
591,COMMAND_MARK_MODEL_AS_NO_LONGER_NEEDED,0x001db1b4,FUN_001db1b4,0x00000000,0,0,NUMERIC_SLOT_PRESENT_BOTH_UNVERIFIED
592,COMMAND_GRAB_PHONE,0x0018bef8,FUN_0018bef8,0x00000000,0,0,NUMERIC_SLOT_PRESENT_BOTH_UNVERIFIED
593,COMMAND_SET_REPEATED_PHONE_MESSAGE,0x002e360c,FUN_002e360c,0x00000000,0,0,NUMERIC_SLOT_PRESENT_BOTH_UNVERIFIED
594,COMMAND_SET_PHONE_MESSAGE,0x0020ede0,FUN_0020ede0,0x00000000,0,0,NUMERIC_SLOT_PRESENT_BOTH_UNVERIFIED
595,COMMAND_HAS_PHONE_DISPLAYED_MESSAGE,0x0029afd4,FUN_0029afd4,0x00000000,0,0,NUMERIC_SLOT_PRESENT_BOTH_UNVERIFIED
596,COMMAND_TURN_PHONE_OFF,0x002e36e4,FUN_002e36e4,0x00000000,0,0,NUMERIC_SLOT_PRESENT_BOTH_UNVERIFIED
597,COMMAND_DRAW_CORONA,0x002e3758,FUN_002e3758,0x00000000,0,0,NUMERIC_SLOT_PRESENT_BOTH_UNVERIFIED
598,COMMAND_DRAW_LIGHT,0x002e379c,FUN_002e379c,0x00000000,0,0,NUMERIC_SLOT_PRESENT_BOTH_UNVERIFIED
599,COMMAND_STORE_WEATHER,0x00289048,FUN_00289048,0x00000000,0,0,NUMERIC_SLOT_PRESENT_BOTH_UNVERIFIED
600,COMMAND_RESTORE_WEATHER,0x002890d4,FUN_002890d4,0x00000000,0,0,NUMERIC_SLOT_PRESENT_BOTH_UNVERIFIED
601,COMMAND_STORE_CLOCK,0x002891b0,FUN_002891b0,0x00000000,0,0,NUMERIC_SLOT_PRESENT_BOTH_UNVERIFIED
602,COMMAND_RESTORE_CLOCK,0x0028920c,FUN_0028920c,0x00000000,0,0,NUMERIC_SLOT_PRESENT_BOTH_UNVERIFIED
603,COMMAND_RESTART_CRITICAL_MISSION,0x0028e9a0,FUN_0028e9a0,0x00000000,0,0,NUMERIC_SLOT_PRESENT_BOTH_UNVERIFIED
604,COMMAND_IS_PLAYER_PLAYING,0x001d4688,FUN_001d4688,0x00000000,0,0,NUMERIC_SLOT_PRESENT_BOTH_UNVERIFIED
605,COMMAND_SET_COLL_OBJ_NO_OBJ,0x002ece50,FUN_002ece50,0x00000000,0,0,NUMERIC_SLOT_PRESENT_BOTH_UNVERIFIED
606,COMMAND_SET_COLL_OBJ_WAIT_ON_FOOT,0x002ecef8,FUN_002ecef8,0x00000000,0,0,NUMERIC_SLOT_PRESENT_BOTH_UNVERIFIED
607,COMMAND_SET_COLL_OBJ_FLEE_ON_FOOT_TILL_SAFE,0x002892dc,FUN_002892dc,0x00000000,0,0,NUMERIC_SLOT_PRESENT_BOTH_UNVERIFIED
608,COMMAND_SET_COLL_OBJ_GUARD_SPOT,0x001db1fc,FUN_001db1fc,0x00000000,0,0,NUMERIC_SLOT_PRESENT_BOTH_UNVERIFIED
609,COMMAND_SET_COLL_OBJ_GUARD_AREA,0x001db298,FUN_001db298,0x00000000,0,0,NUMERIC_SLOT_PRESENT_BOTH_UNVERIFIED
610,COMMAND_SET_COLL_OBJ_WAIT_IN_CAR,0x001d4770,FUN_001d4770,0x00000000,0,0,NUMERIC_SLOT_PRESENT_BOTH_UNVERIFIED
611,COMMAND_SET_COLL_OBJ_KILL_CHAR_ON_FOOT,0x00275b0c,FUN_00275b0c,0x00000000,0,0,NUMERIC_SLOT_PRESENT_BOTH_UNVERIFIED
612,COMMAND_SET_COLL_OBJ_KILL_PLAYER_ON_FOOT,0x00326d1c,FUN_00326d1c,0x00000000,0,0,NUMERIC_SLOT_PRESENT_BOTH_UNVERIFIED
613,COMMAND_SET_COLL_OBJ_KILL_CHAR_ANY_MEANS,0x00326d58,FUN_00326d58,0x00000000,0,0,NUMERIC_SLOT_PRESENT_BOTH_UNVERIFIED
614,COMMAND_SET_COLL_OBJ_KILL_PLAYER_ANY_MEANS,0x002ecfa0,FUN_002ecfa0,0x00000000,0,0,NUMERIC_SLOT_PRESENT_BOTH_UNVERIFIED
615,COMMAND_SET_COLL_OBJ_FLEE_CHAR_ON_FOOT_TILL_SAFE,0x002ed01c,FUN_002ed01c,0x00000000,0,0,NUMERIC_SLOT_PRESENT_BOTH_UNVERIFIED
616,COMMAND_SET_COLL_OBJ_FLEE_PLAYER_ON_FOOT_TILL_SAFE,0x002ed0e8,FUN_002ed0e8,0x00000000,0,0,NUMERIC_SLOT_PRESENT_BOTH_UNVERIFIED
617,COMMAND_SET_COLL_OBJ_FLEE_CHAR_ON_FOOT_ALWAYS,0x0031987c,FUN_0031987c,0x00000000,0,0,NUMERIC_SLOT_PRESENT_BOTH_UNVERIFIED
618,COMMAND_SET_COLL_OBJ_FLEE_PLAYER_ON_FOOT_ALWAYS,0x00326d94,FUN_00326d94,0x00000000,0,0,NUMERIC_SLOT_PRESENT_BOTH_UNVERIFIED
619,COMMAND_SET_COLL_OBJ_GOTO_CHAR_ON_FOOT,0x0018bf1c,FUN_0018bf1c,0x00000000,0,0,NUMERIC_SLOT_PRESENT_BOTH_UNVERIFIED
620,COMMAND_SET_COLL_OBJ_GOTO_PLAYER_ON_FOOT,0x002ed14c,FUN_002ed14c,0x00000000,0,0,NUMERIC_SLOT_PRESENT_BOTH_UNVERIFIED
621,COMMAND_SET_COLL_OBJ_LEAVE_CAR,0x002e3888,FUN_002e3888,0x00000000,0,0,NUMERIC_SLOT_PRESENT_BOTH_UNVERIFIED
622,COMMAND_SET_COLL_OBJ_ENTER_CAR_AS_PASSENGER,0x001db37c,FUN_001db37c,0x00000000,0,0,NUMERIC_SLOT_PRESENT_BOTH_UNVERIFIED
623,COMMAND_SET_COLL_OBJ_ENTER_CAR_AS_DRIVER,0x001db4d4,FUN_001db4d4,0x00000000,0,0,NUMERIC_SLOT_PRESENT_BOTH_UNVERIFIED
624,COMMAND_SET_COLL_OBJ_FOLLOW_CAR_IN_CAR,0x002ed188,FUN_002ed188,0x00000000,0,0,NUMERIC_SLOT_PRESENT_BOTH_UNVERIFIED
625,COMMAND_SET_COLL_OBJ_FIRE_AT_OBJECT_FROM_VEHICLE,0x00326e6c,FUN_00326e6c,0x00000000,0,0,NUMERIC_SLOT_PRESENT_BOTH_UNVERIFIED
626,COMMAND_SET_COLL_OBJ_DESTROY_OBJECT,0x00326edc,FUN_00326edc,0x00000000,0,0,NUMERIC_SLOT_PRESENT_BOTH_UNVERIFIED
627,COMMAND_SET_COLL_OBJ_DESTROY_CAR,0x002e38fc,FUN_002e38fc,0x00000000,0,0,NUMERIC_SLOT_PRESENT_BOTH_UNVERIFIED
628,COMMAND_SET_COLL_OBJ_GOTO_AREA_ON_FOOT,0x002e3964,FUN_002e3964,0x00000000,0,0,NUMERIC_SLOT_PRESENT_BOTH_UNVERIFIED
629,COMMAND_SET_COLL_OBJ_GOTO_AREA_IN_CAR,0x002e39d4,FUN_002e39d4,0x00000000,0,0,NUMERIC_SLOT_PRESENT_BOTH_UNVERIFIED
630,COMMAND_SET_COLL_OBJ_FOLLOW_CAR_ON_FOOT_WITH_OFFSET,0x00326f50,FUN_00326f50,0x00000000,0,0,NUMERIC_SLOT_PRESENT_BOTH_UNVERIFIED
631,COMMAND_SET_COLL_OBJ_GUARD_ATTACK,0x001db560,FUN_001db560,0x00000000,0,0,NUMERIC_SLOT_PRESENT_BOTH_UNVERIFIED
632,COMMAND_SET_COLL_OBJ_FOLLOW_ROUTE,0x00326fd8,FUN_00326fd8,0x00000000,0,0,NUMERIC_SLOT_PRESENT_BOTH_UNVERIFIED
633,COMMAND_SET_COLL_OBJ_GOTO_COORD_ON_FOOT,0x0020eec8,FUN_0020eec8,0x00000000,0,0,NUMERIC_SLOT_PRESENT_BOTH_UNVERIFIED
634,COMMAND_SET_COLL_OBJ_GOTO_COORD_IN_CAR,0x00082128,FUN_00082128,0x00000000,0,0,NUMERIC_SLOT_PRESENT_BOTH_UNVERIFIED
635,COMMAND_SET_COLL_OBJ_RUN_TO_AREA,0x00082148,FUN_00082148,0x00000000,0,0,NUMERIC_SLOT_PRESENT_BOTH_UNVERIFIED
636,COMMAND_SET_COLL_OBJ_RUN_TO_COORD,0x00082168,FUN_00082168,0x00000000,0,0,NUMERIC_SLOT_PRESENT_BOTH_UNVERIFIED
637,COMMAND_ADD_PEDS_IN_AREA_TO_COLL,0x000821a4,FUN_000821a4,0x00000000,0,0,NUMERIC_SLOT_PRESENT_BOTH_UNVERIFIED
638,COMMAND_ADD_PEDS_IN_VEHICLE_TO_COLL,0x000bd7a8,FUN_000bd7a8,0x00000000,0,0,NUMERIC_SLOT_PRESENT_BOTH_UNVERIFIED
639,COMMAND_CLEAR_COLL,0x002e3a60,FUN_002e3a60,0x00000000,0,0,NUMERIC_SLOT_PRESENT_BOTH_UNVERIFIED
640,COMMAND_IS_COLL_IN_CARS,0x0029c7c0,FUN_0029c7c0,0x00000000,0,0,NUMERIC_SLOT_PRESENT_BOTH_UNVERIFIED
641,COMMAND_LOCATE_COLL_ANY_MEANS_2D,0x001db5c8,FUN_001db5c8,0x00000000,0,0,NUMERIC_SLOT_PRESENT_BOTH_UNVERIFIED
642,COMMAND_LOCATE_COLL_ON_FOOT_2D,0x0029b05c,,0x00000000,0,0,NUMERIC_SLOT_PRESENT_BOTH_UNVERIFIED
643,COMMAND_LOCATE_COLL_IN_CAR_2D,0x0029b0ec,,0x00000000,0,0,NUMERIC_SLOT_PRESENT_BOTH_UNVERIFIED
644,COMMAND_LOCATE_STOPPED_COLL_ANY_MEANS_2D,0x00289338,FUN_00289338,0x00000000,0,0,NUMERIC_SLOT_PRESENT_BOTH_UNVERIFIED
645,COMMAND_LOCATE_STOPPED_COLL_ON_FOOT_2D,0x0032703c,FUN_0032703c,0x00000000,0,0,NUMERIC_SLOT_PRESENT_BOTH_UNVERIFIED
646,COMMAND_LOCATE_STOPPED_COLL_IN_CAR_2D,0x001db60c,FUN_001db60c,0x00000000,0,0,NUMERIC_SLOT_PRESENT_BOTH_UNVERIFIED
647,COMMAND_LOCATE_COLL_ANY_MEANS_CHAR_2D,0x001db67c,FUN_001db67c,0x00000000,0,0,NUMERIC_SLOT_PRESENT_BOTH_UNVERIFIED
648,COMMAND_LOCATE_COLL_ON_FOOT_CHAR_2D,0x002b83f8,,0x00000000,0,0,NUMERIC_SLOT_PRESENT_BOTH_UNVERIFIED
649,COMMAND_LOCATE_COLL_IN_CAR_CHAR_2D,0x002b8400,FUN_002b8400,0x00000000,0,0,NUMERIC_SLOT_PRESENT_BOTH_UNVERIFIED
650,COMMAND_LOCATE_COLL_ANY_MEANS_CAR_2D,0x0020efa4,FUN_0020efa4,0x00000000,0,0,NUMERIC_SLOT_PRESENT_BOTH_UNVERIFIED
651,COMMAND_LOCATE_COLL_ON_FOOT_CAR_2D,0x001db6ec,FUN_001db6ec,0x00000000,0,0,NUMERIC_SLOT_PRESENT_BOTH_UNVERIFIED
652,COMMAND_LOCATE_COLL_IN_CAR_CAR_2D,0x003270e8,FUN_003270e8,0x00000000,0,0,NUMERIC_SLOT_PRESENT_BOTH_UNVERIFIED
653,COMMAND_LOCATE_COLL_ANY_MEANS_PLAYER_2D,0x0018bf6c,FUN_0018bf6c,0x00000000,0,0,NUMERIC_SLOT_PRESENT_BOTH_UNVERIFIED
654,COMMAND_LOCATE_COLL_ON_FOOT_PLAYER_2D,0x002e3b3c,FUN_002e3b3c,0x00000000,0,0,NUMERIC_SLOT_PRESENT_BOTH_UNVERIFIED
655,COMMAND_LOCATE_COLL_IN_CAR_PLAYER_2D,0x001d47b4,FUN_001d47b4,0x00000000,0,0,NUMERIC_SLOT_PRESENT_BOTH_UNVERIFIED
656,COMMAND_IS_COLL_IN_AREA_2D,0x002e3bb4,FUN_002e3bb4,0x00000000,0,0,NUMERIC_SLOT_PRESENT_BOTH_UNVERIFIED
657,COMMAND_IS_COLL_IN_AREA_ON_FOOT_2D,0x0029b17c,,0x00000000,0,0,NUMERIC_SLOT_PRESENT_BOTH_UNVERIFIED
658,COMMAND_IS_COLL_IN_AREA_IN_CAR_2D,0x00000508,FUN_00000508,0x00000000,0,0,NUMERIC_SLOT_PRESENT_BOTH_UNVERIFIED
659,COMMAND_IS_COLL_STOPPED_IN_AREA_2D,0x0028eae0,FUN_0028eae0,0x00000000,0,0,NUMERIC_SLOT_PRESENT_BOTH_UNVERIFIED
660,COMMAND_IS_COLL_STOPPED_IN_AREA_ON_FOOT_2D,0x002e3c34,FUN_002e3c34,0x00000000,0,0,NUMERIC_SLOT_PRESENT_BOTH_UNVERIFIED
661,COMMAND_IS_COLL_STOPPED_IN_AREA_IN_CAR_2D,0x00327150,FUN_00327150,0x00000000,0,0,NUMERIC_SLOT_PRESENT_BOTH_UNVERIFIED
662,COMMAND_GET_NUMBER_OF_PEDS_IN_COLL,0x000821c4,FUN_000821c4,0x00000000,0,0,NUMERIC_SLOT_PRESENT_BOTH_UNVERIFIED
663,COMMAND_SET_CHAR_HEED_THREATS,0x00000580,FUN_00000580,0x00000000,0,0,NUMERIC_SLOT_PRESENT_BOTH_UNVERIFIED
664,COMMAND_SET_PLAYER_HEED_THREATS,0x00327220,FUN_00327220,0x00000000,0,0,NUMERIC_SLOT_PRESENT_BOTH_UNVERIFIED
665,COMMAND_GET_CONTROLLER_MODE,0x002e3ca8,FUN_002e3ca8,0x00000000,0,0,NUMERIC_SLOT_PRESENT_BOTH_UNVERIFIED
666,COMMAND_SET_CAN_RESPRAY_CAR,0x003272a8,FUN_003272a8,0x00000000,0,0,NUMERIC_SLOT_PRESENT_BOTH_UNVERIFIED
667,COMMAND_IS_TAXI,0x00327364,FUN_00327364,0x00000000,0,0,NUMERIC_SLOT_PRESENT_BOTH_UNVERIFIED
668,COMMAND_UNLOAD_SPECIAL_CHARACTER,0x0007fb5c,FUN_0007fb5c,0x00000000,0,0,NUMERIC_SLOT_PRESENT_BOTH_UNVERIFIED
669,COMMAND_RESET_NUM_OF_MODELS_KILLED_BY_PLAYER,0x0007fb98,FUN_0007fb98,0x00000000,0,0,NUMERIC_SLOT_PRESENT_BOTH_UNVERIFIED
670,COMMAND_GET_NUM_OF_MODELS_KILLED_BY_PLAYER,0x0007fbb8,FUN_0007fbb8,0x00000000,0,0,NUMERIC_SLOT_PRESENT_BOTH_UNVERIFIED
671,COMMAND_ACTIVATE_GARAGE,0x00016738,FUN_00016738,0x00000000,0,0,NUMERIC_SLOT_PRESENT_BOTH_UNVERIFIED
672,COMMAND_SWITCH_TAXI_TIMER,0x0028937c,FUN_0028937c,0x00000000,0,0,NUMERIC_SLOT_PRESENT_BOTH_UNVERIFIED
673,COMMAND_CREATE_OBJECT_NO_OFFSET,0x002893d4,FUN_002893d4,0x00000000,0,0,NUMERIC_SLOT_PRESENT_BOTH_UNVERIFIED
674,COMMAND_IS_BOAT,0x00289418,FUN_00289418,0x00000000,0,0,NUMERIC_SLOT_PRESENT_BOTH_UNVERIFIED
675,COMMAND_SET_CHAR_OBJ_GOTO_AREA_ANY_MEANS,0x002e3da8,FUN_002e3da8,0x00000000,0,0,NUMERIC_SLOT_PRESENT_BOTH_UNVERIFIED
676,COMMAND_SET_COLL_OBJ_GOTO_AREA_ANY_MEANS,0x0029b1ec,,0x00000000,0,0,NUMERIC_SLOT_PRESENT_BOTH_UNVERIFIED
677,COMMAND_IS_PLAYER_STOPPED,0x003273d8,FUN_003273d8,0x00000000,0,0,NUMERIC_SLOT_PRESENT_BOTH_UNVERIFIED
678,COMMAND_IS_CHAR_STOPPED,0x0032744c,FUN_0032744c,0x00000000,0,0,NUMERIC_SLOT_PRESENT_BOTH_UNVERIFIED
679,COMMAND_MESSAGE_WAIT,0x00327564,FUN_00327564,0x00000000,0,0,NUMERIC_SLOT_PRESENT_BOTH_UNVERIFIED
680,COMMAND_ADD_PARTICLE_EFFECT,0x0032764c,FUN_0032764c,0x00000000,0,0,NUMERIC_SLOT_PRESENT_BOTH_UNVERIFIED
681,COMMAND_SWITCH_WIDESCREEN,0x0029b29c,FUN_0029b29c,0x00000000,0,0,NUMERIC_SLOT_PRESENT_BOTH_UNVERIFIED
682,COMMAND_ADD_SPRITE_BLIP_FOR_CAR,0x00289450,,0x00000000,0,0,NUMERIC_SLOT_PRESENT_BOTH_UNVERIFIED
683,COMMAND_ADD_SPRITE_BLIP_FOR_CHAR,0x001db794,FUN_001db794,0x00000000,0,0,NUMERIC_SLOT_PRESENT_BOTH_UNVERIFIED
684,COMMAND_ADD_SPRITE_BLIP_FOR_OBJECT,0x0020f018,FUN_0020f018,0x00000000,0,0,NUMERIC_SLOT_PRESENT_BOTH_UNVERIFIED
685,COMMAND_ADD_SPRITE_BLIP_FOR_CONTACT_POINT,0x00253e9c,FUN_00253e9c,0x00000000,0,0,NUMERIC_SLOT_PRESENT_BOTH_UNVERIFIED
686,COMMAND_ADD_SPRITE_BLIP_FOR_COORD,0x00327748,FUN_00327748,0x00000000,0,0,NUMERIC_SLOT_PRESENT_BOTH_UNVERIFIED
687,COMMAND_SET_CHAR_ONLY_DAMAGED_BY_PLAYER,0x00327860,FUN_00327860,0x00000000,0,0,NUMERIC_SLOT_PRESENT_BOTH_UNVERIFIED
688,COMMAND_SET_CAR_ONLY_DAMAGED_BY_PLAYER,0x002b8528,FUN_002b8528,0x00000000,0,0,NUMERIC_SLOT_PRESENT_BOTH_UNVERIFIED
689,COMMAND_SET_CHAR_PROOFS,0x002ed1dc,FUN_002ed1dc,0x00000000,0,0,NUMERIC_SLOT_PRESENT_BOTH_UNVERIFIED
690,COMMAND_SET_CAR_PROOFS,0x002ed378,FUN_002ed378,0x00000000,0,0,NUMERIC_SLOT_PRESENT_BOTH_UNVERIFIED
691,COMMAND_IS_PLAYER_IN_ANGLED_AREA_2D,0x002e3e18,FUN_002e3e18,0x00000000,0,0,NUMERIC_SLOT_PRESENT_BOTH_UNVERIFIED
692,COMMAND_IS_PLAYER_IN_ANGLED_AREA_ON_FOOT_2D,0x0018bfb0,FUN_0018bfb0,0x00000000,0,0,NUMERIC_SLOT_PRESENT_BOTH_UNVERIFIED
693,COMMAND_IS_PLAYER_IN_ANGLED_AREA_IN_CAR_2D,0x00253ee8,FUN_00253ee8,0x00000000,0,0,NUMERIC_SLOT_PRESENT_BOTH_UNVERIFIED
694,COMMAND_IS_PLAYER_STOPPED_IN_ANGLED_AREA_2D,0x00327978,FUN_00327978,0x00000000,0,0,NUMERIC_SLOT_PRESENT_BOTH_UNVERIFIED
695,COMMAND_IS_PLAYER_STOPPED_IN_ANGLED_AREA_ON_FOOT_2D,0x00327a28,FUN_00327a28,0x00000000,0,0,NUMERIC_SLOT_PRESENT_BOTH_UNVERIFIED
696,COMMAND_IS_PLAYER_STOPPED_IN_ANGLED_AREA_IN_CAR_2D,0x00327ab4,FUN_00327ab4,0x00000000,0,0,NUMERIC_SLOT_PRESENT_BOTH_UNVERIFIED
697,COMMAND_IS_PLAYER_IN_ANGLED_AREA_3D,0x002e3e60,FUN_002e3e60,0x00000000,0,0,NUMERIC_SLOT_PRESENT_BOTH_UNVERIFIED
698,COMMAND_IS_PLAYER_IN_ANGLED_AREA_ON_FOOT_3D,0x00327b5c,FUN_00327b5c,0x00000000,0,0,NUMERIC_SLOT_PRESENT_BOTH_UNVERIFIED
699,COMMAND_IS_PLAYER_IN_ANGLED_AREA_IN_CAR_3D,0x002e3ed4,FUN_002e3ed4,0x00000000,0,0,NUMERIC_SLOT_PRESENT_BOTH_UNVERIFIED
700,COMMAND_IS_PLAYER_STOPPED_IN_ANGLED_AREA_3D,0x00327bb0,FUN_00327bb0,0x00000000,0,0,NUMERIC_SLOT_PRESENT_BOTH_UNVERIFIED
701,COMMAND_IS_PLAYER_STOPPED_IN_ANGLED_AREA_ON_FOOT_3D,0x002e3f28,FUN_002e3f28,0x00000000,0,0,NUMERIC_SLOT_PRESENT_BOTH_UNVERIFIED
702,COMMAND_IS_PLAYER_STOPPED_IN_ANGLED_AREA_IN_CAR_3D,0x00327e64,FUN_00327e64,0x00000000,0,0,NUMERIC_SLOT_PRESENT_BOTH_UNVERIFIED
703,COMMAND_DEACTIVATE_GARAGE,0x001db7c4,FUN_001db7c4,0x00000000,0,0,NUMERIC_SLOT_PRESENT_BOTH_UNVERIFIED
704,COMMAND_GET_NUMBER_OF_CARS_COLLECTED_BY_GARAGE,0x00327f68,FUN_00327f68,0x00000000,0,0,NUMERIC_SLOT_PRESENT_BOTH_UNVERIFIED
705,COMMAND_HAS_CAR_BEEN_TAKEN_TO_GARAGE,0x0020dbac,FUN_0020dbac,0x00000000,0,0,NUMERIC_SLOT_PRESENT_BOTH_UNVERIFIED
706,COMMAND_SET_SWAT_REQUIRED,0x0020dbac,FUN_0020dbac,0x00000000,0,0,NUMERIC_SLOT_PRESENT_BOTH_UNVERIFIED
707,COMMAND_SET_FBI_REQUIRED,0x0020dbac,FUN_0020dbac,0x00000000,0,0,NUMERIC_SLOT_PRESENT_BOTH_UNVERIFIED
708,COMMAND_SET_ARMY_REQUIRED,0x0020dbac,FUN_0020dbac,0x00000000,0,0,NUMERIC_SLOT_PRESENT_BOTH_UNVERIFIED
709,COMMAND_IS_CAR_IN_WATER,0x0020dbac,FUN_0020dbac,0x00000000,0,0,NUMERIC_SLOT_PRESENT_BOTH_UNVERIFIED
710,COMMAND_GET_CLOSEST_CHAR_NODE,0x0020dbac,FUN_0020dbac,0x00000000,0,0,NUMERIC_SLOT_PRESENT_BOTH_UNVERIFIED
711,COMMAND_GET_CLOSEST_CAR_NODE,0x002e3fb4,FUN_002e3fb4,0x00000000,0,0,NUMERIC_SLOT_PRESENT_BOTH_UNVERIFIED
712,COMMAND_CAR_GOTO_COORDINATES_ACCURATE,0x00327ff0,FUN_00327ff0,0x00000000,0,0,NUMERIC_SLOT_PRESENT_BOTH_UNVERIFIED
713,COMMAND_START_PACMAN_RACE,0x003280f4,FUN_003280f4,0x00000000,0,0,NUMERIC_SLOT_PRESENT_BOTH_UNVERIFIED
714,COMMAND_START_PACMAN_RECORD,0x002e4020,FUN_002e4020,0x00000000,0,0,NUMERIC_SLOT_PRESENT_BOTH_UNVERIFIED
715,COMMAND_GET_NUMBER_OF_POWER_PILLS_EATEN,0x0032825c,FUN_0032825c,0x00000000,0,0,NUMERIC_SLOT_PRESENT_BOTH_UNVERIFIED
716,COMMAND_CLEAR_PACMAN,0x003282b8,FUN_003282b8,0x00000000,0,0,NUMERIC_SLOT_PRESENT_BOTH_UNVERIFIED
717,COMMAND_START_PACMAN_SCRAMBLE,0x001db8a8,FUN_001db8a8,0x00000000,0,0,NUMERIC_SLOT_PRESENT_BOTH_UNVERIFIED
718,COMMAND_GET_NUMBER_OF_POWER_PILLS_CARRIED,0x0029b330,,0x00000000,0,0,NUMERIC_SLOT_PRESENT_BOTH_UNVERIFIED
719,COMMAND_CLEAR_NUMBER_OF_POWER_PILLS_CARRIED,0x0009e2e8,FUN_0009e2e8,0x00000000,0,0,NUMERIC_SLOT_PRESENT_BOTH_UNVERIFIED
720,COMMAND_IS_CAR_ON_SCREEN,0x0032830c,FUN_0032830c,0x00000000,0,0,NUMERIC_SLOT_PRESENT_BOTH_UNVERIFIED
721,COMMAND_IS_CHAR_ON_SCREEN,0x001db950,FUN_001db950,0x00000000,0,0,NUMERIC_SLOT_PRESENT_BOTH_UNVERIFIED
722,COMMAND_IS_OBJECT_ON_SCREEN,0x002e4064,FUN_002e4064,0x00000000,0,0,NUMERIC_SLOT_PRESENT_BOTH_UNVERIFIED
723,COMMAND_GOSUB_FILE,0x001de194,FUN_001de194,0x00000000,0,0,NUMERIC_SLOT_PRESENT_BOTH_UNVERIFIED
724,COMMAND_GET_GROUND_Z_FOR_3D_COORD,0x00328380,FUN_00328380,0x00000000,0,0,NUMERIC_SLOT_PRESENT_BOTH_UNVERIFIED
725,COMMAND_START_SCRIPT_FIRE,0x00328410,FUN_00328410,0x00000000,0,0,NUMERIC_SLOT_PRESENT_BOTH_UNVERIFIED
726,COMMAND_IS_SCRIPT_FIRE_EXTINGUISHED,0x002e40b8,FUN_002e40b8,0x00000000,0,0,NUMERIC_SLOT_PRESENT_BOTH_UNVERIFIED
727,COMMAND_REMOVE_SCRIPT_FIRE,0x002acd48,FUN_002acd48,0x00000000,0,0,NUMERIC_SLOT_PRESENT_BOTH_UNVERIFIED
728,COMMAND_SET_COMEDY_CONTROLS,0x002e412c,FUN_002e412c,0x00000000,0,0,NUMERIC_SLOT_PRESENT_BOTH_UNVERIFIED
729,COMMAND_BOAT_GOTO_COORDS,0x002e4250,FUN_002e4250,0x00000000,0,0,NUMERIC_SLOT_PRESENT_BOTH_UNVERIFIED
730,COMMAND_BOAT_STOP,0x002e4434,FUN_002e4434,0x00000000,0,0,NUMERIC_SLOT_PRESENT_BOTH_UNVERIFIED
731,COMMAND_IS_PLAYER_SHOOTING_IN_AREA,0x002b7b94,FUN_002b7b94,0x00000000,0,0,NUMERIC_SLOT_PRESENT_BOTH_UNVERIFIED
732,COMMAND_IS_CHAR_SHOOTING_IN_AREA,0x00328508,FUN_00328508,0x00000000,0,0,NUMERIC_SLOT_PRESENT_BOTH_UNVERIFIED
733,COMMAND_IS_CURRENT_PLAYER_WEAPON,0x001de328,FUN_001de328,0x00000000,0,0,NUMERIC_SLOT_PRESENT_BOTH_UNVERIFIED
734,COMMAND_IS_CURRENT_CHAR_WEAPON,0x001db9a0,FUN_001db9a0,0x00000000,0,0,NUMERIC_SLOT_PRESENT_BOTH_UNVERIFIED
735,COMMAND_CLEAR_NUMBER_OF_POWER_PILLS_EATEN,0x001dbab0,FUN_001dbab0,0x00000000,0,0,NUMERIC_SLOT_PRESENT_BOTH_UNVERIFIED
736,COMMAND_ADD_POWER_PILL,0x001dbbc0,FUN_001dbbc0,0x00000000,0,0,NUMERIC_SLOT_PRESENT_BOTH_UNVERIFIED
737,COMMAND_SET_BOAT_CRUISE_SPEED,0x003285a8,FUN_003285a8,0x00000000,0,0,NUMERIC_SLOT_PRESENT_BOTH_UNVERIFIED
738,COMMAND_GET_RANDOM_CHAR_IN_AREA,0x002b7448,FUN_002b7448,0x00000000,0,0,NUMERIC_SLOT_PRESENT_BOTH_UNVERIFIED
739,COMMAND_GET_RANDOM_CHAR_IN_ZONE,0x002b7850,FUN_002b7850,0x00000000,0,0,NUMERIC_SLOT_PRESENT_BOTH_UNVERIFIED
740,COMMAND_IS_PLAYER_IN_TAXI,0x002b7850,FUN_002b7850,0x00000000,0,0,NUMERIC_SLOT_PRESENT_BOTH_UNVERIFIED
741,COMMAND_IS_PLAYER_SHOOTING,0x002b79f0,FUN_002b79f0,0x00000000,0,0,NUMERIC_SLOT_PRESENT_BOTH_UNVERIFIED
742,COMMAND_IS_CHAR_SHOOTING,0x002b79f0,FUN_002b79f0,0x00000000,0,0,NUMERIC_SLOT_PRESENT_BOTH_UNVERIFIED
743,COMMAND_CREATE_MONEY_PICKUP,0x0032868c,FUN_0032868c,0x00000000,0,0,NUMERIC_SLOT_PRESENT_BOTH_UNVERIFIED
744,COMMAND_SET_CHAR_ACCURACY,0x0028ebac,FUN_0028ebac,0x00000000,0,0,NUMERIC_SLOT_PRESENT_BOTH_UNVERIFIED
745,COMMAND_GET_CAR_SPEED,0x002e449c,FUN_002e449c,0x00000000,0,0,NUMERIC_SLOT_PRESENT_BOTH_UNVERIFIED
746,COMMAND_LOAD_CUTSCENE,0x001d9cbc,FUN_001d9cbc,0x00000000,0,0,NUMERIC_SLOT_PRESENT_BOTH_UNVERIFIED
747,COMMAND_CREATE_CUTSCENE_OBJECT,0x002e455c,FUN_002e455c,0x00000000,0,0,NUMERIC_SLOT_PRESENT_BOTH_UNVERIFIED
748,COMMAND_SET_CUTSCENE_ANIM,0x001dbcd0,FUN_001dbcd0,0x00000000,0,0,NUMERIC_SLOT_PRESENT_BOTH_UNVERIFIED
749,COMMAND_START_CUTSCENE,0x001dbd1c,FUN_001dbd1c,0x00000000,0,0,NUMERIC_SLOT_PRESENT_BOTH_UNVERIFIED
750,COMMAND_GET_CUTSCENE_TIME,0x00328734,FUN_00328734,0x00000000,0,0,NUMERIC_SLOT_PRESENT_BOTH_UNVERIFIED
751,COMMAND_HAS_CUTSCENE_FINISHED,0x00328810,FUN_00328810,0x00000000,0,0,NUMERIC_SLOT_PRESENT_BOTH_UNVERIFIED
752,COMMAND_CLEAR_CUTSCENE,0x003198d8,FUN_003198d8,0x00000000,0,0,NUMERIC_SLOT_PRESENT_BOTH_UNVERIFIED
753,COMMAND_RESTORE_CAMERA_JUMPCUT,0x001dbd94,FUN_001dbd94,0x00000000,0,0,NUMERIC_SLOT_PRESENT_BOTH_UNVERIFIED
754,COMMAND_CREATE_COLLECTABLE1,0x002e45d0,FUN_002e45d0,0x00000000,0,0,NUMERIC_SLOT_PRESENT_BOTH_UNVERIFIED
755,COMMAND_SET_COLLECTABLE1_TOTAL,0x002e46a8,FUN_002e46a8,0x00000000,0,0,NUMERIC_SLOT_PRESENT_BOTH_UNVERIFIED
756,COMMAND_IS_PROJECTILE_IN_AREA,0x002e46f0,FUN_002e46f0,0x00000000,0,0,NUMERIC_SLOT_PRESENT_BOTH_UNVERIFIED
757,COMMAND_DESTROY_PROJECTILES_IN_AREA,0x0028ed1c,FUN_0028ed1c,0x00000000,0,0,NUMERIC_SLOT_PRESENT_BOTH_UNVERIFIED
758,COMMAND_DROP_MINE,0x0028ee44,FUN_0028ee44,0x00000000,0,0,NUMERIC_SLOT_PRESENT_BOTH_UNVERIFIED
759,COMMAND_DROP_NAUTICAL_MINE,0x001dbebc,FUN_001dbebc,0x00000000,0,0,NUMERIC_SLOT_PRESENT_BOTH_UNVERIFIED
760,COMMAND_IS_CHAR_MODEL,0x00328900,FUN_00328900,0x00000000,0,0,NUMERIC_SLOT_PRESENT_BOTH_UNVERIFIED
761,COMMAND_LOAD_SPECIAL_MODEL,0x003289b8,FUN_003289b8,0x00000000,0,0,NUMERIC_SLOT_PRESENT_BOTH_UNVERIFIED
762,COMMAND_CREATE_CUTSCENE_HEAD,0x0020f0ec,FUN_0020f0ec,0x00000000,0,0,NUMERIC_SLOT_PRESENT_BOTH_UNVERIFIED
763,COMMAND_SET_CUTSCENE_HEAD_ANIM,0x0020f168,FUN_0020f168,0x00000000,0,0,NUMERIC_SLOT_PRESENT_BOTH_UNVERIFIED
764,COMMAND_SIN,0x001dbf0c,FUN_001dbf0c,0x00000000,0,0,NUMERIC_SLOT_PRESENT_BOTH_UNVERIFIED
765,COMMAND_COS,0x001dbf50,,0x00000000,0,0,NUMERIC_SLOT_PRESENT_BOTH_UNVERIFIED
766,COMMAND_GET_CAR_FORWARD_X,0x00328a34,FUN_00328a34,0x00000000,0,0,NUMERIC_SLOT_PRESENT_BOTH_UNVERIFIED
767,COMMAND_GET_CAR_FORWARD_Y,0x002e4758,FUN_002e4758,0x00000000,0,0,NUMERIC_SLOT_PRESENT_BOTH_UNVERIFIED
768,COMMAND_CHANGE_GARAGE_TYPE,0x002e47cc,FUN_002e47cc,0x00000000,0,0,NUMERIC_SLOT_PRESENT_BOTH_UNVERIFIED
769,COMMAND_ACTIVATE_CRUSHER_CRANE,0x002e4828,FUN_002e4828,0x00000000,0,0,NUMERIC_SLOT_PRESENT_BOTH_UNVERIFIED
770,COMMAND_PRINT_WITH_2_NUMBERS,0x001dbfe4,FUN_001dbfe4,0x00000000,0,0,NUMERIC_SLOT_PRESENT_BOTH_UNVERIFIED
771,COMMAND_PRINT_WITH_2_NUMBERS_NOW,0x0029b39c,FUN_0029b39c,0x00000000,0,0,NUMERIC_SLOT_PRESENT_BOTH_UNVERIFIED
772,COMMAND_PRINT_WITH_2_NUMBERS_SOON,0x0020dbcc,FUN_0020dbcc,0x00000000,0,0,NUMERIC_SLOT_PRESENT_BOTH_UNVERIFIED
773,COMMAND_PRINT_WITH_3_NUMBERS,0x0020dbcc,FUN_0020dbcc,0x00000000,0,0,NUMERIC_SLOT_PRESENT_BOTH_UNVERIFIED
774,COMMAND_PRINT_WITH_3_NUMBERS_NOW,0x0020f23c,FUN_0020f23c,0x00000000,0,0,NUMERIC_SLOT_PRESENT_BOTH_UNVERIFIED
775,COMMAND_PRINT_WITH_3_NUMBERS_SOON,0x0020f320,FUN_0020f320,0x00000000,0,0,NUMERIC_SLOT_PRESENT_BOTH_UNVERIFIED
776,COMMAND_PRINT_WITH_4_NUMBERS,0x0020f320,FUN_0020f320,0x00000000,0,0,NUMERIC_SLOT_PRESENT_BOTH_UNVERIFIED
777,COMMAND_PRINT_WITH_4_NUMBERS_NOW,0x00328aac,FUN_00328aac,0x00000000,0,0,NUMERIC_SLOT_PRESENT_BOTH_UNVERIFIED
778,COMMAND_PRINT_WITH_4_NUMBERS_SOON,0x000d9aac,FUN_000d9aac,0x00000000,0,0,NUMERIC_SLOT_PRESENT_BOTH_UNVERIFIED
779,COMMAND_PRINT_WITH_5_NUMBERS,0x000801b8,FUN_000801b8,0x00000000,0,0,NUMERIC_SLOT_PRESENT_BOTH_UNVERIFIED
780,COMMAND_PRINT_WITH_5_NUMBERS_NOW,0x00080258,FUN_00080258,0x00000000,0,0,NUMERIC_SLOT_PRESENT_BOTH_UNVERIFIED
781,COMMAND_PRINT_WITH_5_NUMBERS_SOON,0x0008035c,FUN_0008035c,0x00000000,0,0,NUMERIC_SLOT_PRESENT_BOTH_UNVERIFIED
782,COMMAND_PRINT_WITH_6_NUMBERS,0x00328b48,FUN_00328b48,0x00000000,0,0,NUMERIC_SLOT_PRESENT_BOTH_UNVERIFIED
783,COMMAND_PRINT_WITH_6_NUMBERS_NOW,0x00328b90,FUN_00328b90,0x00000000,0,0,NUMERIC_SLOT_PRESENT_BOTH_UNVERIFIED
784,COMMAND_PRINT_WITH_6_NUMBERS_SOON,0x00328c40,FUN_00328c40,0x00000000,0,0,NUMERIC_SLOT_PRESENT_BOTH_UNVERIFIED
785,COMMAND_SET_CHAR_OBJ_FOLLOW_CHAR_IN_FORMATION,0x002f0340,FUN_002f0340,0x00000000,0,0,NUMERIC_SLOT_PRESENT_BOTH_UNVERIFIED
786,COMMAND_PLAYER_MADE_PROGRESS,0x0007fc6c,FUN_0007fc6c,0x00000000,0,0,NUMERIC_SLOT_PRESENT_BOTH_UNVERIFIED
787,COMMAND_SET_PROGRESS_TOTAL,0x001d9cfc,FUN_001d9cfc,0x00000000,0,0,NUMERIC_SLOT_PRESENT_BOTH_UNVERIFIED
788,COMMAND_REGISTER_JUMP_DISTANCE,0x001d9d7c,FUN_001d9d7c,0x00000000,0,0,NUMERIC_SLOT_PRESENT_BOTH_UNVERIFIED
789,COMMAND_REGISTER_JUMP_HEIGHT,0x000821f0,FUN_000821f0,0x00000000,0,0,NUMERIC_SLOT_PRESENT_BOTH_UNVERIFIED
790,COMMAND_REGISTER_JUMP_FLIPS,0x002e4870,FUN_002e4870,0x00000000,0,0,NUMERIC_SLOT_PRESENT_BOTH_UNVERIFIED
791,COMMAND_REGISTER_JUMP_SPINS,0x00004f04,FUN_00004f04,0x00000000,0,0,NUMERIC_SLOT_PRESENT_BOTH_UNVERIFIED
792,COMMAND_REGISTER_JUMP_STUNT,0x001dc04c,FUN_001dc04c,0x00000000,0,0,NUMERIC_SLOT_PRESENT_BOTH_UNVERIFIED
793,COMMAND_REGISTER_UNIQUE_JUMP_FOUND,0x001dc1e0,FUN_001dc1e0,0x00000000,0,0,NUMERIC_SLOT_PRESENT_BOTH_UNVERIFIED
794,COMMAND_SET_UNIQUE_JUMPS_TOTAL,0x0007fd30,FUN_0007fd30,0x00000000,0,0,NUMERIC_SLOT_PRESENT_BOTH_UNVERIFIED
795,COMMAND_REGISTER_PASSENGER_DROPPED_OFF_TAXI,0x002e4954,FUN_002e4954,0x00000000,0,0,NUMERIC_SLOT_PRESENT_BOTH_UNVERIFIED
796,COMMAND_REGISTER_MONEY_MADE_TAXI,0x002e49b4,FUN_002e49b4,0x00000000,0,0,NUMERIC_SLOT_PRESENT_BOTH_UNVERIFIED
797,COMMAND_REGISTER_MISSION_GIVEN,0x00000604,FUN_00000604,0x00000000,0,0,NUMERIC_SLOT_PRESENT_BOTH_UNVERIFIED
798,COMMAND_REGISTER_MISSION_PASSED,0x000006f8,FUN_000006f8,0x00000000,0,0,NUMERIC_SLOT_PRESENT_BOTH_UNVERIFIED
799,COMMAND_SET_CHAR_RUNNING,0x002e4a30,FUN_002e4a30,0x00000000,0,0,NUMERIC_SLOT_PRESENT_BOTH_UNVERIFIED
800,COMMAND_REMOVE_ALL_SCRIPT_FIRES,0x00328ce0,FUN_00328ce0,0x00000000,0,0,NUMERIC_SLOT_PRESENT_BOTH_UNVERIFIED
801,COMMAND_IS_FIRST_CAR_COLOUR,0x0020f340,FUN_0020f340,0x00000000,0,0,NUMERIC_SLOT_PRESENT_BOTH_UNVERIFIED
802,COMMAND_IS_SECOND_CAR_COLOUR,0x00328db8,FUN_00328db8,0x00000000,0,0,NUMERIC_SLOT_PRESENT_BOTH_UNVERIFIED
803,COMMAND_HAS_CHAR_BEEN_DAMAGED_BY_WEAPON,0x002ed514,FUN_002ed514,0x00000000,0,0,NUMERIC_SLOT_PRESENT_BOTH_UNVERIFIED
804,COMMAND_HAS_CAR_BEEN_DAMAGED_BY_WEAPON,0x00328ed4,FUN_00328ed4,0x00000000,0,0,NUMERIC_SLOT_PRESENT_BOTH_UNVERIFIED
805,COMMAND_IS_CHAR_IN_CHARS_GROUP,0x002e4a78,FUN_002e4a78,0x00000000,0,0,NUMERIC_SLOT_PRESENT_BOTH_UNVERIFIED
806,COMMAND_IS_CHAR_IN_PLAYERS_GROUP,0x00328f58,FUN_00328f58,0x00000000,0,0,NUMERIC_SLOT_PRESENT_BOTH_UNVERIFIED
807,COMMAND_EXPLODE_CHAR_HEAD,0x00329088,FUN_00329088,0x00000000,0,0,NUMERIC_SLOT_PRESENT_BOTH_UNVERIFIED
808,COMMAND_EXPLODE_PLAYER_HEAD,0x002e4b44,FUN_002e4b44,0x00000000,0,0,NUMERIC_SLOT_PRESENT_BOTH_UNVERIFIED
809,COMMAND_ANCHOR_BOAT,0x002e4c74,FUN_002e4c74,0x00000000,0,0,NUMERIC_SLOT_PRESENT_BOTH_UNVERIFIED
810,COMMAND_SET_ZONE_GROUP,0x002e4d7c,FUN_002e4d7c,0x00000000,0,0,NUMERIC_SLOT_PRESENT_BOTH_UNVERIFIED
811,COMMAND_START_CAR_FIRE,0x0032918c,FUN_0032918c,0x00000000,0,0,NUMERIC_SLOT_PRESENT_BOTH_UNVERIFIED
812,COMMAND_START_CHAR_FIRE,0x0020f3a0,FUN_0020f3a0,0x00000000,0,0,NUMERIC_SLOT_PRESENT_BOTH_UNVERIFIED
813,COMMAND_GET_RANDOM_CAR_OF_TYPE_IN_AREA,0x00329278,FUN_00329278,0x00000000,0,0,NUMERIC_SLOT_PRESENT_BOTH_UNVERIFIED
814,COMMAND_GET_RANDOM_CAR_OF_TYPE_IN_ZONE,0x000822c4,FUN_000822c4,0x00000000,0,0,NUMERIC_SLOT_PRESENT_BOTH_UNVERIFIED
815,COMMAND_HAS_RESPRAY_HAPPENED,0x003292f4,FUN_003292f4,0x00000000,0,0,NUMERIC_SLOT_PRESENT_BOTH_UNVERIFIED
816,COMMAND_SET_CAMERA_ZOOM,0x001dc248,FUN_001dc248,0x00000000,0,0,NUMERIC_SLOT_PRESENT_BOTH_UNVERIFIED
817,COMMAND_CREATE_PICKUP_WITH_AMMO,0x00329368,FUN_00329368,0x00000000,0,0,NUMERIC_SLOT_PRESENT_BOTH_UNVERIFIED
818,COMMAND_SET_CAR_RAM_CAR,0x003293dc,FUN_003293dc,0x00000000,0,0,NUMERIC_SLOT_PRESENT_BOTH_UNVERIFIED
819,COMMAND_SET_CAR_BLOCK_CAR,0x002e4df8,FUN_002e4df8,0x00000000,0,0,NUMERIC_SLOT_PRESENT_BOTH_UNVERIFIED
820,COMMAND_SET_CHAR_OBJ_CATCH_TRAIN,0x002e4fa4,FUN_002e4fa4,0x00000000,0,0,NUMERIC_SLOT_PRESENT_BOTH_UNVERIFIED
821,COMMAND_SET_COLL_OBJ_CATCH_TRAIN,0x002e5018,FUN_002e5018,0x00000000,0,0,NUMERIC_SLOT_PRESENT_BOTH_UNVERIFIED
822,COMMAND_SET_PLAYER_NEVER_GETS_TIRED,0x00329424,FUN_00329424,0x00000000,0,0,NUMERIC_SLOT_PRESENT_BOTH_UNVERIFIED
823,COMMAND_SET_PLAYER_FAST_RELOAD,0x00329560,FUN_00329560,0x00000000,0,0,NUMERIC_SLOT_PRESENT_BOTH_UNVERIFIED
824,COMMAND_SET_CHAR_BLEEDING,0x00004fe4,FUN_00004fe4,0x00000000,0,0,NUMERIC_SLOT_PRESENT_BOTH_UNVERIFIED
825,COMMAND_SET_CAR_FUNNY_SUSPENSION,0x00329774,FUN_00329774,0x00000000,0,0,NUMERIC_SLOT_PRESENT_BOTH_UNVERIFIED
826,COMMAND_SET_CAR_BIG_WHEELS,0x002b867c,FUN_002b867c,0x00000000,0,0,NUMERIC_SLOT_PRESENT_BOTH_UNVERIFIED
827,COMMAND_SET_FREE_RESPRAYS,0x003297e8,FUN_003297e8,0x00000000,0,0,NUMERIC_SLOT_PRESENT_BOTH_UNVERIFIED
828,COMMAND_SET_PLAYER_VISIBLE,0x002e5178,FUN_002e5178,0x00000000,0,0,NUMERIC_SLOT_PRESENT_BOTH_UNVERIFIED
829,COMMAND_SET_CHAR_VISIBLE,0x0020f484,FUN_0020f484,0x00000000,0,0,NUMERIC_SLOT_PRESENT_BOTH_UNVERIFIED
830,COMMAND_SET_CAR_VISIBLE,0x001dc2dc,FUN_001dc2dc,0x00000000,0,0,NUMERIC_SLOT_PRESENT_BOTH_UNVERIFIED
831,COMMAND_IS_AREA_OCCUPIED,0x001dc364,FUN_001dc364,0x00000000,0,0,NUMERIC_SLOT_PRESENT_BOTH_UNVERIFIED
832,COMMAND_START_DRUG_RUN,0x001dc38c,FUN_001dc38c,0x00000000,0,0,NUMERIC_SLOT_PRESENT_BOTH_UNVERIFIED
833,COMMAND_HAS_DRUG_RUN_BEEN_COMPLETED,0x001dc424,FUN_001dc424,0x00000000,0,0,NUMERIC_SLOT_PRESENT_BOTH_UNVERIFIED
834,COMMAND_HAS_DRUG_PLANE_BEEN_SHOT_DOWN,0x00329838,FUN_00329838,0x00000000,0,0,NUMERIC_SLOT_PRESENT_BOTH_UNVERIFIED
835,COMMAND_SAVE_PLAYER_FROM_FIRES,0x00329a48,FUN_00329a48,0x00000000,0,0,NUMERIC_SLOT_PRESENT_BOTH_UNVERIFIED
836,COMMAND_DISPLAY_TEXT,0x00329c34,FUN_00329c34,0x00000000,0,0,NUMERIC_SLOT_PRESENT_BOTH_UNVERIFIED
837,COMMAND_SET_TEXT_SCALE,0x0007fd90,FUN_0007fd90,0x00000000,0,0,NUMERIC_SLOT_PRESENT_BOTH_UNVERIFIED
838,COMMAND_SET_TEXT_COLOUR,0x0020f554,FUN_0020f554,0x00000000,0,0,NUMERIC_SLOT_PRESENT_BOTH_UNVERIFIED
839,COMMAND_SET_TEXT_JUSTIFY,0x00329ca8,FUN_00329ca8,0x00000000,0,0,NUMERIC_SLOT_PRESENT_BOTH_UNVERIFIED
840,COMMAND_SET_TEXT_CENTRE,0x00329d1c,FUN_00329d1c,0x00000000,0,0,NUMERIC_SLOT_PRESENT_BOTH_UNVERIFIED
841,COMMAND_SET_TEXT_WRAPX,0x00329d90,FUN_00329d90,0x00000000,0,0,NUMERIC_SLOT_PRESENT_BOTH_UNVERIFIED
842,COMMAND_SET_TEXT_CENTRE_SIZE,0x00329ea4,FUN_00329ea4,0x00000000,0,0,NUMERIC_SLOT_PRESENT_BOTH_UNVERIFIED
843,COMMAND_SET_TEXT_BACKGROUND,0x002e51c8,FUN_002e51c8,0x00000000,0,0,NUMERIC_SLOT_PRESENT_BOTH_UNVERIFIED
844,COMMAND_SET_TEXT_BACKGROUND_COLOUR,0x00275c40,FUN_00275c40,0x00000000,0,0,NUMERIC_SLOT_PRESENT_BOTH_UNVERIFIED
845,COMMAND_SET_TEXT_BACKGROUND_ONLY_TEXT,0x00329f74,FUN_00329f74,0x00000000,0,0,NUMERIC_SLOT_PRESENT_BOTH_UNVERIFIED
846,COMMAND_SET_TEXT_PROPORTIONAL,0x002e52b0,FUN_002e52b0,0x00000000,0,0,NUMERIC_SLOT_PRESENT_BOTH_UNVERIFIED
847,COMMAND_SET_TEXT_FONT,0x0032a04c,FUN_0032a04c,0x00000000,0,0,NUMERIC_SLOT_PRESENT_BOTH_UNVERIFIED
848,COMMAND_INDUSTRIAL_PASSED,0x002e5300,FUN_002e5300,0x00000000,0,0,NUMERIC_SLOT_PRESENT_BOTH_UNVERIFIED
849,COMMAND_COMMERCIAL_PASSED,0x00082300,FUN_00082300,0x00000000,0,0,NUMERIC_SLOT_PRESENT_BOTH_UNVERIFIED
850,COMMAND_SUBURBAN_PASSED,0x0032a100,FUN_0032a100,0x00000000,0,0,NUMERIC_SLOT_PRESENT_BOTH_UNVERIFIED
851,COMMAND_ROTATE_OBJECT,0x001d48a4,FUN_001d48a4,0x00000000,0,0,NUMERIC_SLOT_PRESENT_BOTH_UNVERIFIED
852,COMMAND_SLIDE_OBJECT,0x001dc4bc,,0x00000000,0,0,NUMERIC_SLOT_PRESENT_BOTH_UNVERIFIED
853,COMMAND_REMOVE_CHAR_ELEGANTLY,0x0007fddc,FUN_0007fddc,0x00000000,0,0,NUMERIC_SLOT_PRESENT_BOTH_UNVERIFIED
854,COMMAND_SET_CHAR_STAY_IN_SAME_PLACE,0x00289458,FUN_00289458,0x00000000,0,0,NUMERIC_SLOT_PRESENT_BOTH_UNVERIFIED
855,COMMAND_IS_NASTY_GAME,0x001dc578,FUN_001dc578,0x00000000,0,0,NUMERIC_SLOT_PRESENT_BOTH_UNVERIFIED
856,COMMAND_UNDRESS_CHAR,0x0008233c,FUN_0008233c,0x00000000,0,0,NUMERIC_SLOT_PRESENT_BOTH_UNVERIFIED
857,COMMAND_DRESS_CHAR,0x00005048,FUN_00005048,0x00000000,0,0,NUMERIC_SLOT_PRESENT_BOTH_UNVERIFIED
858,COMMAND_START_CHASE_SCENE,0x00319928,FUN_00319928,0x00000000,0,0,NUMERIC_SLOT_PRESENT_BOTH_UNVERIFIED
859,COMMAND_STOP_CHASE_SCENE,0x001dc5c8,FUN_001dc5c8,0x00000000,0,0,NUMERIC_SLOT_PRESENT_BOTH_UNVERIFIED
860,COMMAND_IS_EXPLOSION_IN_AREA,0x0032a25c,FUN_0032a25c,0x00000000,0,0,NUMERIC_SLOT_PRESENT_BOTH_UNVERIFIED
861,COMMAND_IS_EXPLOSION_IN_ZONE,0x0032a2c8,FUN_0032a2c8,0x00000000,0,0,NUMERIC_SLOT_PRESENT_BOTH_UNVERIFIED
862,COMMAND_START_DRUG_DROP_OFF,0x002e5408,FUN_002e5408,0x00000000,0,0,NUMERIC_SLOT_PRESENT_BOTH_UNVERIFIED
863,COMMAND_HAS_DROP_OFF_PLANE_BEEN_SHOT_DOWN,0x0032a3a4,FUN_0032a3a4,0x00000000,0,0,NUMERIC_SLOT_PRESENT_BOTH_UNVERIFIED
864,COMMAND_FIND_DROP_OFF_PLANE_COORDINATES,0x0007fe2c,FUN_0007fe2c,0x00000000,0,0,NUMERIC_SLOT_PRESENT_BOTH_UNVERIFIED
865,COMMAND_CREATE_FLOATING_PACKAGE,0x0032a4a8,FUN_0032a4a8,0x00000000,0,0,NUMERIC_SLOT_PRESENT_BOTH_UNVERIFIED
866,COMMAND_PLACE_OBJECT_RELATIVE_TO_CAR,0x000823c0,FUN_000823c0,0x00000000,0,0,NUMERIC_SLOT_PRESENT_BOTH_UNVERIFIED
867,COMMAND_MAKE_OBJECT_TARGETTABLE,0x001dc738,FUN_001dc738,0x00000000,0,0,NUMERIC_SLOT_PRESENT_BOTH_UNVERIFIED
868,COMMAND_ADD_ARMOUR_TO_PLAYER,0x001dc7a0,FUN_001dc7a0,0x00000000,0,0,NUMERIC_SLOT_PRESENT_BOTH_UNVERIFIED
869,COMMAND_ADD_ARMOUR_TO_CHAR,0x0032a580,FUN_0032a580,0x00000000,0,0,NUMERIC_SLOT_PRESENT_BOTH_UNVERIFIED
870,COMMAND_OPEN_GARAGE,0x002e550c,FUN_002e550c,0x00000000,0,0,NUMERIC_SLOT_PRESENT_BOTH_UNVERIFIED
871,COMMAND_CLOSE_GARAGE,0x0032a864,FUN_0032a864,0x00000000,0,0,NUMERIC_SLOT_PRESENT_BOTH_UNVERIFIED
872,COMMAND_WARP_CHAR_FROM_CAR_TO_COORD,0x0032a8bc,FUN_0032a8bc,0x00000000,0,0,NUMERIC_SLOT_PRESENT_BOTH_UNVERIFIED
873,COMMAND_SET_VISIBILITY_OF_CLOSEST_OBJECT_OF_TYPE,0x002e5640,FUN_002e5640,0x00000000,0,0,NUMERIC_SLOT_PRESENT_BOTH_UNVERIFIED
874,COMMAND_HAS_CHAR_SPOTTED_CHAR,0x0008240c,FUN_0008240c,0x00000000,0,0,NUMERIC_SLOT_PRESENT_BOTH_UNVERIFIED
875,COMMAND_SET_CHAR_OBJ_HAIL_TAXI,0x001dc808,FUN_001dc808,0x00000000,0,0,NUMERIC_SLOT_PRESENT_BOTH_UNVERIFIED
876,COMMAND_HAS_OBJECT_BEEN_DAMAGED,0x0032a958,FUN_0032a958,0x00000000,0,0,NUMERIC_SLOT_PRESENT_BOTH_UNVERIFIED
877,COMMAND_START_KILL_FRENZY_HEADSHOT,0x0007fed8,FUN_0007fed8,0x00000000,0,0,NUMERIC_SLOT_PRESENT_BOTH_UNVERIFIED
878,COMMAND_ACTIVATE_MILITARY_CRANE,0x00082440,FUN_00082440,0x00000000,0,0,NUMERIC_SLOT_PRESENT_BOTH_UNVERIFIED
879,COMMAND_WARP_PLAYER_INTO_CAR,0x0029b3fc,,0x00000000,0,0,NUMERIC_SLOT_PRESENT_BOTH_UNVERIFIED
880,COMMAND_WARP_CHAR_INTO_CAR,0x002e5698,FUN_002e5698,0x00000000,0,0,NUMERIC_SLOT_PRESENT_BOTH_UNVERIFIED
881,COMMAND_SWITCH_CAR_RADIO,0x0029b468,,0x00000000,0,0,NUMERIC_SLOT_PRESENT_BOTH_UNVERIFIED
882,COMMAND_SET_AUDIO_STREAM,0x000007e8,FUN_000007e8,0x00000000,0,0,NUMERIC_SLOT_PRESENT_BOTH_UNVERIFIED
883,COMMAND_PRINT_WITH_2_NUMBERS_BIG,0x00000888,FUN_00000888,0x00000000,0,0,NUMERIC_SLOT_PRESENT_BOTH_UNVERIFIED
884,COMMAND_PRINT_WITH_3_NUMBERS_BIG,0x00253f58,,0x00000000,0,0,NUMERIC_SLOT_PRESENT_BOTH_UNVERIFIED
885,COMMAND_PRINT_WITH_4_NUMBERS_BIG,0x00253f60,,0x00000000,0,0,NUMERIC_SLOT_PRESENT_BOTH_UNVERIFIED
886,COMMAND_PRINT_WITH_5_NUMBERS_BIG,0x00253f68,,0x00000000,0,0,NUMERIC_SLOT_PRESENT_BOTH_UNVERIFIED
887,COMMAND_PRINT_WITH_6_NUMBERS_BIG,0x002acdec,FUN_002acdec,0x00000000,0,0,NUMERIC_SLOT_PRESENT_BOTH_UNVERIFIED
888,COMMAND_SET_CHAR_WAIT_STATE,0x003199e4,FUN_003199e4,0x00000000,0,0,NUMERIC_SLOT_PRESENT_BOTH_UNVERIFIED
889,COMMAND_SET_CAMERA_BEHIND_PLAYER,0x00319a38,FUN_00319a38,0x00000000,0,0,NUMERIC_SLOT_PRESENT_BOTH_UNVERIFIED
890,COMMAND_SET_MOTION_BLUR,0x002b8714,FUN_002b8714,0x00000000,0,0,NUMERIC_SLOT_PRESENT_BOTH_UNVERIFIED
891,COMMAND_PRINT_STRING_IN_STRING,0x002b8714,FUN_002b8714,0x00000000,0,0,NUMERIC_SLOT_PRESENT_BOTH_UNVERIFIED
892,COMMAND_CREATE_RANDOM_CHAR,0x002e570c,FUN_002e570c,0x00000000,0,0,NUMERIC_SLOT_PRESENT_BOTH_UNVERIFIED
893,COMMAND_SET_CHAR_OBJ_STEAL_ANY_CAR,0x002e57ec,FUN_002e57ec,0x00000000,0,0,NUMERIC_SLOT_PRESENT_BOTH_UNVERIFIED
894,COMMAND_SET_2_REPEATED_PHONE_MESSAGES,0x002e58c4,FUN_002e58c4,0x00000000,0,0,NUMERIC_SLOT_PRESENT_BOTH_UNVERIFIED
895,COMMAND_SET_2_PHONE_MESSAGES,0x002e599c,FUN_002e599c,0x00000000,0,0,NUMERIC_SLOT_PRESENT_BOTH_UNVERIFIED
896,COMMAND_SET_3_REPEATED_PHONE_MESSAGES,,,,,,LCS_SOURCE_ONLY
897,COMMAND_SET_3_PHONE_MESSAGES,,,,,,LCS_SOURCE_ONLY
898,COMMAND_SET_4_REPEATED_PHONE_MESSAGES,,,,,,LCS_SOURCE_ONLY
899,COMMAND_SET_4_PHONE_MESSAGES,,,,,,LCS_SOURCE_ONLY
900,COMMAND_IS_SNIPER_BULLET_IN_AREA,,,,,,LCS_SOURCE_ONLY
901,COMMAND_GIVE_PLAYER_DETONATOR,,,,,,LCS_SOURCE_ONLY
902,COMMAND_SET_COLL_OBJ_STEAL_ANY_CAR,,,,,,LCS_SOURCE_ONLY
903,COMMAND_SET_OBJECT_VELOCITY,,,,,,LCS_SOURCE_ONLY
904,COMMAND_SET_OBJECT_COLLISION,,,,,,LCS_SOURCE_ONLY
905,COMMAND_IS_ICECREAM_JINGLE_ON,,,,,,LCS_SOURCE_ONLY
906,COMMAND_PRINT_STRING_IN_STRING_NOW,,,,,,LCS_SOURCE_ONLY
907,COMMAND_PRINT_STRING_IN_STRING_SOON,,,,,,LCS_SOURCE_ONLY
908,COMMAND_SET_5_REPEATED_PHONE_MESSAGES,,,,,,LCS_SOURCE_ONLY
909,COMMAND_SET_5_PHONE_MESSAGES,,,,,,LCS_SOURCE_ONLY
910,COMMAND_SET_6_REPEATED_PHONE_MESSAGES,,,,,,LCS_SOURCE_ONLY
911,COMMAND_SET_6_PHONE_MESSAGES,,,,,,LCS_SOURCE_ONLY
912,COMMAND_IS_POINT_OBSCURED_BY_A_MISSION_ENTITY,0x002b88a0,,0x00000000,0,0,NUMERIC_SLOT_PRESENT_BOTH_UNVERIFIED
913,COMMAND_LOAD_ALL_MODELS_NOW,0x002b88a8,FUN_002b88a8,0x00000000,0,0,NUMERIC_SLOT_PRESENT_BOTH_UNVERIFIED
914,COMMAND_ADD_TO_OBJECT_VELOCITY,0x002b88d4,FUN_002b88d4,0x00000000,0,0,NUMERIC_SLOT_PRESENT_BOTH_UNVERIFIED
915,COMMAND_DRAW_SPRITE,0x0032aa48,FUN_0032aa48,0x00000000,0,0,NUMERIC_SLOT_PRESENT_BOTH_UNVERIFIED
916,COMMAND_DRAW_RECT,0x001dc914,FUN_001dc914,0x00000000,0,0,NUMERIC_SLOT_PRESENT_BOTH_UNVERIFIED
917,COMMAND_LOAD_SPRITE,0x00319a58,FUN_00319a58,0x00000000,0,0,NUMERIC_SLOT_PRESENT_BOTH_UNVERIFIED
918,COMMAND_LOAD_TEXTURE_DICTIONARY,0x00319b88,FUN_00319b88,0x00000000,0,0,NUMERIC_SLOT_PRESENT_BOTH_UNVERIFIED
919,COMMAND_REMOVE_TEXTURE_DICTIONARY,0x002e5a74,FUN_002e5a74,0x00000000,0,0,NUMERIC_SLOT_PRESENT_BOTH_UNVERIFIED
920,COMMAND_SET_OBJECT_DYNAMIC,0x002e5b4c,FUN_002e5b4c,0x00000000,0,0,NUMERIC_SLOT_PRESENT_BOTH_UNVERIFIED
921,COMMAND_SET_CHAR_ANIM_SPEED,0x0032aac4,FUN_0032aac4,0x00000000,0,0,NUMERIC_SLOT_PRESENT_BOTH_UNVERIFIED
922,COMMAND_PLAY_MISSION_PASSED_TUNE,0x002e5c24,FUN_002e5c24,0x00000000,0,0,NUMERIC_SLOT_PRESENT_BOTH_UNVERIFIED
923,COMMAND_CLEAR_AREA,0x001de448,FUN_001de448,0x00000000,0,0,NUMERIC_SLOT_PRESENT_BOTH_UNVERIFIED
924,COMMAND_FREEZE_ONSCREEN_TIMER,0x001dc950,FUN_001dc950,0x00000000,0,0,NUMERIC_SLOT_PRESENT_BOTH_UNVERIFIED
925,COMMAND_SWITCH_CAR_SIREN,0x00253f70,,0x00000000,0,0,NUMERIC_SLOT_PRESENT_BOTH_UNVERIFIED
926,COMMAND_SWITCH_PED_ROADS_ON_ANGLED,0x00253f78,,0x00000000,0,0,NUMERIC_SLOT_PRESENT_BOTH_UNVERIFIED
927,COMMAND_SWITCH_PED_ROADS_OFF_ANGLED,0x00253f80,,0x00000000,0,0,NUMERIC_SLOT_PRESENT_BOTH_UNVERIFIED
928,COMMAND_SWITCH_ROADS_ON_ANGLED,0x00253f88,FUN_00253f88,0x00000000,0,0,NUMERIC_SLOT_PRESENT_BOTH_UNVERIFIED
929,COMMAND_SWITCH_ROADS_OFF_ANGLED,0x00319c68,FUN_00319c68,0x00000000,0,0,NUMERIC_SLOT_PRESENT_BOTH_UNVERIFIED
930,COMMAND_SET_CAR_WATERTIGHT,0x0032ab40,FUN_0032ab40,0x00000000,0,0,NUMERIC_SLOT_PRESENT_BOTH_UNVERIFIED
931,COMMAND_ADD_MOVING_PARTICLE_EFFECT,0x002e5d18,FUN_002e5d18,0x00000000,0,0,NUMERIC_SLOT_PRESENT_BOTH_UNVERIFIED
932,COMMAND_SET_CHAR_CANT_BE_DRAGGED_OUT,0x002e5e70,FUN_002e5e70,0x00000000,0,0,NUMERIC_SLOT_PRESENT_BOTH_UNVERIFIED
933,COMMAND_TURN_CAR_TO_FACE_COORD,0x0032ada8,FUN_0032ada8,0x00000000,0,0,NUMERIC_SLOT_PRESENT_BOTH_UNVERIFIED
934,COMMAND_IS_CRANE_LIFTING_CAR,0x0032ae18,FUN_0032ae18,0x00000000,0,0,NUMERIC_SLOT_PRESENT_BOTH_UNVERIFIED
935,COMMAND_DRAW_SPHERE,0x001dca34,FUN_001dca34,0x00000000,0,0,NUMERIC_SLOT_PRESENT_BOTH_UNVERIFIED
936,COMMAND_SET_CAR_STATUS,0x001dcc48,FUN_001dcc48,0x00000000,0,0,NUMERIC_SLOT_PRESENT_BOTH_UNVERIFIED
937,COMMAND_IS_CHAR_MALE,0x0020f5c4,FUN_0020f5c4,0x00000000,0,0,NUMERIC_SLOT_PRESENT_BOTH_UNVERIFIED
938,COMMAND_SCRIPT_NAME,0x0020f64c,FUN_0020f64c,0x00000000,0,0,NUMERIC_SLOT_PRESENT_BOTH_UNVERIFIED
939,COMMAND_CHANGE_GARAGE_TYPE_WITH_CAR_MODEL,0x001d9dd4,FUN_001d9dd4,0x00000000,0,0,NUMERIC_SLOT_PRESENT_BOTH_UNVERIFIED
940,COMMAND_FIND_DRUG_PLANE_COORDINATES,0x0008247c,FUN_0008247c,0x00000000,0,0,NUMERIC_SLOT_PRESENT_BOTH_UNVERIFIED
941,COMMAND_SAVE_INT_TO_DEBUG_FILE,0x000824b8,FUN_000824b8,0x00000000,0,0,NUMERIC_SLOT_PRESENT_BOTH_UNVERIFIED
942,COMMAND_SAVE_FLOAT_TO_DEBUG_FILE,0x0032aef0,FUN_0032aef0,0x00000000,0,0,NUMERIC_SLOT_PRESENT_BOTH_UNVERIFIED
943,COMMAND_SAVE_NEWLINE_TO_DEBUG_FILE,0x002e5f14,FUN_002e5f14,0x00000000,0,0,NUMERIC_SLOT_PRESENT_BOTH_UNVERIFIED
944,COMMAND_POLICE_RADIO_MESSAGE,0x000824e4,,0x00000000,0,0,NUMERIC_SLOT_PRESENT_BOTH_UNVERIFIED
945,COMMAND_SET_CAR_STRONG,0x0020f720,FUN_0020f720,0x00000000,0,0,NUMERIC_SLOT_PRESENT_BOTH_UNVERIFIED
946,COMMAND_REMOVE_ROUTE,0x0020f844,FUN_0020f844,0x00000000,0,0,NUMERIC_SLOT_PRESENT_BOTH_UNVERIFIED
947,COMMAND_SWITCH_RUBBISH,0x002e60b8,FUN_002e60b8,0x00000000,0,0,NUMERIC_SLOT_PRESENT_BOTH_UNVERIFIED
948,COMMAND_REMOVE_PARTICLE_EFFECTS_IN_AREA,0x002e613c,FUN_002e613c,0x00000000,0,0,NUMERIC_SLOT_PRESENT_BOTH_UNVERIFIED
949,COMMAND_SWITCH_STREAMING,0x0020f898,FUN_0020f898,0x00000000,0,0,NUMERIC_SLOT_PRESENT_BOTH_UNVERIFIED
950,COMMAND_IS_GARAGE_OPEN,0x0018c010,FUN_0018c010,0x00000000,0,0,NUMERIC_SLOT_PRESENT_BOTH_UNVERIFIED
951,COMMAND_IS_GARAGE_CLOSED,0x0018c08c,FUN_0018c08c,0x00000000,0,0,NUMERIC_SLOT_PRESENT_BOTH_UNVERIFIED
952,COMMAND_START_CATALINA_HELI,0x002e61b0,FUN_002e61b0,0x00000000,0,0,NUMERIC_SLOT_PRESENT_BOTH_UNVERIFIED
953,COMMAND_CATALINA_HELI_TAKE_OFF,0x002e63ec,FUN_002e63ec,0x00000000,0,0,NUMERIC_SLOT_PRESENT_BOTH_UNVERIFIED
954,COMMAND_REMOVE_CATALINA_HELI,0x00253fb4,,0x00000000,0,0,NUMERIC_SLOT_PRESENT_BOTH_UNVERIFIED
955,COMMAND_HAS_CATALINA_HELI_BEEN_SHOT_DOWN,0x002e64ac,FUN_002e64ac,0x00000000,0,0,NUMERIC_SLOT_PRESENT_BOTH_UNVERIFIED
956,COMMAND_SWAP_NEAREST_BUILDING_MODEL,0x0032af6c,FUN_0032af6c,0x00000000,0,0,NUMERIC_SLOT_PRESENT_BOTH_UNVERIFIED
957,COMMAND_SWITCH_WORLD_PROCESSING,0x001dcccc,FUN_001dcccc,0x00000000,0,0,NUMERIC_SLOT_PRESENT_BOTH_UNVERIFIED
958,COMMAND_REMOVE_ALL_PLAYER_WEAPONS,0x0020f9d4,FUN_0020f9d4,0x00000000,0,0,NUMERIC_SLOT_PRESENT_BOTH_UNVERIFIED
959,COMMAND_GRAB_CATALINA_HELI,0x002e6548,FUN_002e6548,0x00000000,0,0,NUMERIC_SLOT_PRESENT_BOTH_UNVERIFIED
960,COMMAND_CLEAR_AREA_OF_CARS,0x001dcd20,FUN_001dcd20,0x00000000,0,0,NUMERIC_SLOT_PRESENT_BOTH_UNVERIFIED
961,COMMAND_SET_ROTATING_GARAGE_DOOR,0x0029b4d4,,0x00000000,0,0,NUMERIC_SLOT_PRESENT_BOTH_UNVERIFIED
962,COMMAND_ADD_SPHERE,0x002ed638,FUN_002ed638,0x00000000,0,0,NUMERIC_SLOT_PRESENT_BOTH_UNVERIFIED
963,COMMAND_REMOVE_SPHERE,0x0020fa24,FUN_0020fa24,0x00000000,0,0,NUMERIC_SLOT_PRESENT_BOTH_UNVERIFIED
964,COMMAND_CATALINA_HELI_FLY_AWAY,0x000803cc,FUN_000803cc,0x00000000,0,0,NUMERIC_SLOT_PRESENT_BOTH_UNVERIFIED
965,COMMAND_SET_EVERYONE_IGNORE_PLAYER,0x00080408,FUN_00080408,0x00000000,0,0,NUMERIC_SLOT_PRESENT_BOTH_UNVERIFIED
966,COMMAND_STORE_CAR_CHAR_IS_IN_NO_SAVE,0x0012ed14,FUN_0012ed14,0x00000000,0,0,NUMERIC_SLOT_PRESENT_BOTH_UNVERIFIED
967,COMMAND_STORE_CAR_PLAYER_IS_IN_NO_SAVE,0x0012edb0,FUN_0012edb0,0x00000000,0,0,NUMERIC_SLOT_PRESENT_BOTH_UNVERIFIED
968,COMMAND_IS_PHONE_DISPLAYING_MESSAGE,0x000f8d90,,0x00000000,0,0,NUMERIC_SLOT_PRESENT_BOTH_UNVERIFIED
969,COMMAND_DISPLAY_ONSCREEN_TIMER_WITH_STRING,0x000f8e1c,FUN_000f8e1c,0x00000000,0,0,NUMERIC_SLOT_PRESENT_BOTH_UNVERIFIED
970,COMMAND_DISPLAY_ONSCREEN_COUNTER_WITH_STRING,0x000f8e64,,0x00000000,0,0,NUMERIC_SLOT_PRESENT_BOTH_UNVERIFIED
971,COMMAND_CREATE_RANDOM_CAR_FOR_CAR_PARK,0x000f8e70,FUN_000f8e70,0x00000000,0,0,NUMERIC_SLOT_PRESENT_BOTH_UNVERIFIED
972,COMMAND_IS_COLLISION_IN_MEMORY,0x000f8f38,,0x00000000,0,0,NUMERIC_SLOT_PRESENT_BOTH_UNVERIFIED
973,COMMAND_SET_WANTED_MULTIPLIER,0x000f8fd8,FUN_000f8fd8,0x00000000,0,0,NUMERIC_SLOT_PRESENT_BOTH_UNVERIFIED
974,COMMAND_SET_CAMERA_IN_FRONT_OF_PLAYER,0x001dcde0,,0x00000000,0,0,NUMERIC_SLOT_PRESENT_BOTH_UNVERIFIED
975,COMMAND_IS_CAR_VISIBLY_DAMAGED,0x00319cc4,FUN_00319cc4,0x00000000,0,0,NUMERIC_SLOT_PRESENT_BOTH_UNVERIFIED
976,COMMAND_DOES_OBJECT_EXIST,0x00319d4c,FUN_00319d4c,0x00000000,0,0,NUMERIC_SLOT_PRESENT_BOTH_UNVERIFIED
977,COMMAND_LOAD_SCENE,0x002e6714,FUN_002e6714,0x00000000,0,0,NUMERIC_SLOT_PRESENT_BOTH_UNVERIFIED
978,COMMAND_ADD_STUCK_CAR_CHECK,0x00319dd4,FUN_00319dd4,0x00000000,0,0,NUMERIC_SLOT_PRESENT_BOTH_UNVERIFIED
979,COMMAND_REMOVE_STUCK_CAR_CHECK,0x002ed684,FUN_002ed684,0x00000000,0,0,NUMERIC_SLOT_PRESENT_BOTH_UNVERIFIED
980,COMMAND_IS_CAR_STUCK,0x002ed774,FUN_002ed774,0x00000000,0,0,NUMERIC_SLOT_PRESENT_BOTH_UNVERIFIED
981,COMMAND_LOAD_MISSION_AUDIO,0x0032b03c,FUN_0032b03c,0x00000000,0,0,NUMERIC_SLOT_PRESENT_BOTH_UNVERIFIED
982,COMMAND_HAS_MISSION_AUDIO_LOADED,0x0032b09c,FUN_0032b09c,0x00000000,0,0,NUMERIC_SLOT_PRESENT_BOTH_UNVERIFIED
983,COMMAND_PLAY_MISSION_AUDIO,0x0032b0f0,FUN_0032b0f0,0x00000000,0,0,NUMERIC_SLOT_PRESENT_BOTH_UNVERIFIED
984,COMMAND_HAS_MISSION_AUDIO_FINISHED,0x002e67ac,FUN_002e67ac,0x00000000,0,0,NUMERIC_SLOT_PRESENT_BOTH_UNVERIFIED
985,COMMAND_GET_CLOSEST_CAR_NODE_WITH_HEADING,0x001dce6c,FUN_001dce6c,0x00000000,0,0,NUMERIC_SLOT_PRESENT_BOTH_UNVERIFIED
986,COMMAND_HAS_IMPORT_GARAGE_SLOT_BEEN_FILLED,0x0012eddc,FUN_0012eddc,0x00000000,0,0,NUMERIC_SLOT_PRESENT_BOTH_UNVERIFIED
987,COMMAND_CLEAR_THIS_PRINT,0x0012ee40,FUN_0012ee40,0x00000000,0,0,NUMERIC_SLOT_PRESENT_BOTH_UNVERIFIED
988,COMMAND_CLEAR_THIS_BIG_PRINT,0x0012eee8,FUN_0012eee8,0x00000000,0,0,NUMERIC_SLOT_PRESENT_BOTH_UNVERIFIED
989,COMMAND_SET_MISSION_AUDIO_POSITION,0x0012ef90,,0x00000000,0,0,NUMERIC_SLOT_PRESENT_BOTH_UNVERIFIED
990,COMMAND_ACTIVATE_SAVE_MENU,0x0032b144,FUN_0032b144,0x00000000,0,0,NUMERIC_SLOT_PRESENT_BOTH_UNVERIFIED
991,COMMAND_HAS_SAVE_GAME_FINISHED,0x000824f8,FUN_000824f8,0x00000000,0,0,NUMERIC_SLOT_PRESENT_BOTH_UNVERIFIED
992,COMMAND_NO_SPECIAL_CAMERA_FOR_THIS_GARAGE,0x00082548,FUN_00082548,0x00000000,0,0,NUMERIC_SLOT_PRESENT_BOTH_UNVERIFIED
993,COMMAND_ADD_BLIP_FOR_PICKUP_OLD,0x0008258c,FUN_0008258c,0x00000000,0,0,NUMERIC_SLOT_PRESENT_BOTH_UNVERIFIED
994,COMMAND_ADD_BLIP_FOR_PICKUP,0x00319f88,FUN_00319f88,0x00000000,0,0,NUMERIC_SLOT_PRESENT_BOTH_UNVERIFIED
995,COMMAND_ADD_SPRITE_BLIP_FOR_PICKUP,0x001de5d0,,0x00000000,0,0,NUMERIC_SLOT_PRESENT_BOTH_UNVERIFIED
996,COMMAND_SET_PED_DENSITY_MULTIPLIER,0x001de5d8,,0x00000000,0,0,NUMERIC_SLOT_PRESENT_BOTH_UNVERIFIED
997,COMMAND_FORCE_RANDOM_PED_TYPE,0x00254020,,0x00000000,0,0,NUMERIC_SLOT_PRESENT_BOTH_UNVERIFIED
998,COMMAND_SET_TEXT_DRAW_BEFORE_FADE,0x002540b4,FUN_002540b4,0x00000000,0,0,NUMERIC_SLOT_PRESENT_BOTH_UNVERIFIED
999,COMMAND_GET_COLLECTABLE1S_COLLECTED,0x0020fcb0,FUN_0020fcb0,0x00000000,0,0,NUMERIC_SLOT_PRESENT_BOTH_UNVERIFIED
1000,COMMAND_SET_CHAR_OBJ_LEAVE_ANY_CAR,0x0020fd38,FUN_0020fd38,0x00000000,0,0,NUMERIC_SLOT_PRESENT_BOTH_UNVERIFIED
1001,COMMAND_SET_SPRITES_DRAW_BEFORE_FADE,0x001dcea8,FUN_001dcea8,0x00000000,0,0,NUMERIC_SLOT_PRESENT_BOTH_UNVERIFIED
1002,COMMAND_SET_TEXT_RIGHT_JUSTIFY,0x002ed864,FUN_002ed864,0x00000000,0,0,NUMERIC_SLOT_PRESENT_BOTH_UNVERIFIED
1003,COMMAND_PRINT_HELP,0x002ed9ac,FUN_002ed9ac,0x00000000,0,0,NUMERIC_SLOT_PRESENT_BOTH_UNVERIFIED
1004,COMMAND_CLEAR_HELP,0x002edaf4,FUN_002edaf4,0x00000000,0,0,NUMERIC_SLOT_PRESENT_BOTH_UNVERIFIED
1005,COMMAND_FLASH_HUD_OBJECT,0x002edbe4,FUN_002edbe4,0x00000000,0,0,NUMERIC_SLOT_PRESENT_BOTH_UNVERIFIED
1006,COMMAND_FLASH_RADAR_BLIP,0x00000948,FUN_00000948,0x00000000,0,0,NUMERIC_SLOT_PRESENT_BOTH_UNVERIFIED
1007,COMMAND_IS_CHAR_IN_CONTROL,0x0032b1b4,FUN_0032b1b4,0x00000000,0,0,NUMERIC_SLOT_PRESENT_BOTH_UNVERIFIED
1008,COMMAND_SET_GENERATE_CARS_AROUND_CAMERA,0x002540f4,,0x00000000,0,0,NUMERIC_SLOT_PRESENT_BOTH_UNVERIFIED
1009,COMMAND_CLEAR_SMALL_PRINTS,0x00080054,FUN_00080054,0x00000000,0,0,NUMERIC_SLOT_PRESENT_BOTH_UNVERIFIED
1010,COMMAND_HAS_MILITARY_CRANE_COLLECTED_ALL_CARS,0x000825c8,FUN_000825c8,0x00000000,0,0,NUMERIC_SLOT_PRESENT_BOTH_UNVERIFIED
1011,COMMAND_SET_UPSIDEDOWN_CAR_NOT_DAMAGED,0x0031a0a0,FUN_0031a0a0,0x00000000,0,0,NUMERIC_SLOT_PRESENT_BOTH_UNVERIFIED
1012,COMMAND_CAN_PLAYER_START_MISSION,0x002edcec,FUN_002edcec,0x00000000,0,0,NUMERIC_SLOT_PRESENT_BOTH_UNVERIFIED
1013,COMMAND_MAKE_PLAYER_SAFE_FOR_CUTSCENE,0x0020fd98,FUN_0020fd98,0x00000000,0,0,NUMERIC_SLOT_PRESENT_BOTH_UNVERIFIED
1014,COMMAND_USE_TEXT_COMMANDS,0x0020ffd4,FUN_0020ffd4,0x00000000,0,0,NUMERIC_SLOT_PRESENT_BOTH_UNVERIFIED
1015,COMMAND_SET_THREAT_FOR_PED_TYPE,0x002f0430,FUN_002f0430,0x00000000,0,0,NUMERIC_SLOT_PRESENT_BOTH_UNVERIFIED
1016,COMMAND_CLEAR_THREAT_FOR_PED_TYPE,0x001dcf10,FUN_001dcf10,0x00000000,0,0,NUMERIC_SLOT_PRESENT_BOTH_UNVERIFIED
1017,COMMAND_GET_CAR_COLOURS,0x002f04bc,FUN_002f04bc,0x00000000,0,0,NUMERIC_SLOT_PRESENT_BOTH_UNVERIFIED
1018,COMMAND_SET_ALL_CARS_CAN_BE_DAMAGED,0x001dcf74,FUN_001dcf74,0x00000000,0,0,NUMERIC_SLOT_PRESENT_BOTH_UNVERIFIED
1019,COMMAND_SET_CAR_CAN_BE_DAMAGED,0x0032b204,FUN_0032b204,0x00000000,0,0,NUMERIC_SLOT_PRESENT_BOTH_UNVERIFIED
1020,COMMAND_MAKE_PLAYER_UNSAFE,0x001d4910,FUN_001d4910,0x00000000,0,0,NUMERIC_SLOT_PRESENT_BOTH_UNVERIFIED
1021,COMMAND_LOAD_COLLISION,0x0029b540,,0x00000000,0,0,NUMERIC_SLOT_PRESENT_BOTH_UNVERIFIED
1022,COMMAND_GET_BODY_CAST_HEALTH,0x0012ef98,FUN_0012ef98,0x00000000,0,0,NUMERIC_SLOT_PRESENT_BOTH_UNVERIFIED
1023,COMMAND_SET_CHARS_CHATTING,0x002f0598,FUN_002f0598,0x00000000,0,0,NUMERIC_SLOT_PRESENT_BOTH_UNVERIFIED
1024,COMMAND_MAKE_PLAYER_SAFE,0x001dcfe0,FUN_001dcfe0,0x00000000,0,0,NUMERIC_SLOT_PRESENT_BOTH_UNVERIFIED
1025,COMMAND_SET_CAR_STAYS_IN_CURRENT_LEVEL,0x0031a0c0,FUN_0031a0c0,0x00000000,0,0,NUMERIC_SLOT_PRESENT_BOTH_UNVERIFIED
1026,COMMAND_SET_CHAR_STAYS_IN_CURRENT_LEVEL,0x002894a0,FUN_002894a0,0x00000000,0,0,NUMERIC_SLOT_PRESENT_BOTH_UNVERIFIED
1027,COMMAND_SET_DRUNK_INPUT_DELAY,0x0031a16c,FUN_0031a16c,0x00000000,0,0,NUMERIC_SLOT_PRESENT_BOTH_UNVERIFIED
1028,COMMAND_SET_CHAR_MONEY,0x001d9ea8,FUN_001d9ea8,0x00000000,0,0,NUMERIC_SLOT_PRESENT_BOTH_UNVERIFIED
1029,COMMAND_INCREASE_CHAR_MONEY,0x0032b2a0,FUN_0032b2a0,0x00000000,0,0,NUMERIC_SLOT_PRESENT_BOTH_UNVERIFIED
1030,COMMAND_GET_OFFSET_FROM_OBJECT_IN_WORLD_COORDS,0x002eddf4,FUN_002eddf4,0x00000000,0,0,NUMERIC_SLOT_PRESENT_BOTH_UNVERIFIED
1031,COMMAND_REGISTER_LIFE_SAVED,0x002edec0,FUN_002edec0,0x00000000,0,0,NUMERIC_SLOT_PRESENT_BOTH_UNVERIFIED
1032,COMMAND_REGISTER_CRIMINAL_CAUGHT,0x002edf8c,FUN_002edf8c,0x00000000,0,0,NUMERIC_SLOT_PRESENT_BOTH_UNVERIFIED
1033,COMMAND_REGISTER_AMBULANCE_LEVEL,0x002ee07c,FUN_002ee07c,0x00000000,0,0,NUMERIC_SLOT_PRESENT_BOTH_UNVERIFIED
1034,COMMAND_REGISTER_FIRE_EXTINGUISHED,0x002e6814,FUN_002e6814,0x00000000,0,0,NUMERIC_SLOT_PRESENT_BOTH_UNVERIFIED
1035,COMMAND_TURN_PHONE_ON,0x001dd05c,FUN_001dd05c,0x00000000,0,0,NUMERIC_SLOT_PRESENT_BOTH_UNVERIFIED
1036,COMMAND_REGISTER_LONGEST_DODO_FLIGHT,0x0029b5b0,FUN_0029b5b0,0x00000000,0,0,NUMERIC_SLOT_PRESENT_BOTH_UNVERIFIED
1037,COMMAND_GET_OFFSET_FROM_CAR_IN_WORLD_COORDS,0x002ee16c,FUN_002ee16c,0x00000000,0,0,NUMERIC_SLOT_PRESENT_BOTH_UNVERIFIED
1038,COMMAND_SET_TOTAL_NUMBER_OF_KILL_FRENZIES,0x002ee254,FUN_002ee254,0x00000000,0,0,NUMERIC_SLOT_PRESENT_BOTH_UNVERIFIED
1039,COMMAND_BLOW_UP_RC_BUGGY,0x002ee2ec,FUN_002ee2ec,0x00000000,0,0,NUMERIC_SLOT_PRESENT_BOTH_UNVERIFIED
1040,COMMAND_REMOVE_CAR_FROM_CHASE,0x00289564,FUN_00289564,0x00000000,0,0,NUMERIC_SLOT_PRESENT_BOTH_UNVERIFIED
1041,COMMAND_IS_FRENCH_GAME,0x002895a8,FUN_002895a8,0x00000000,0,0,NUMERIC_SLOT_PRESENT_BOTH_UNVERIFIED
1042,COMMAND_IS_GERMAN_GAME,0x002895ec,FUN_002895ec,0x00000000,0,0,NUMERIC_SLOT_PRESENT_BOTH_UNVERIFIED
1043,COMMAND_CLEAR_MISSION_AUDIO,0x00289630,FUN_00289630,0x00000000,0,0,NUMERIC_SLOT_PRESENT_BOTH_UNVERIFIED
1044,COMMAND_SET_FADE_IN_AFTER_NEXT_ARREST,0x00080444,FUN_00080444,0x00000000,0,0,NUMERIC_SLOT_PRESENT_BOTH_UNVERIFIED
1045,COMMAND_SET_FADE_IN_AFTER_NEXT_DEATH,0x002540fc,FUN_002540fc,0x00000000,0,0,NUMERIC_SLOT_PRESENT_BOTH_UNVERIFIED
1046,COMMAND_SET_GANG_PED_MODEL_PREFERENCE,0x00254128,FUN_00254128,0x00000000,0,0,NUMERIC_SLOT_PRESENT_BOTH_UNVERIFIED
1047,COMMAND_SET_CHAR_USE_PEDNODE_SEEK,0x0028975c,FUN_0028975c,0x00000000,0,0,NUMERIC_SLOT_PRESENT_BOTH_UNVERIFIED
1048,COMMAND_SWITCH_VEHICLE_WEAPONS,0x002897cc,FUN_002897cc,0x00000000,0,0,NUMERIC_SLOT_PRESENT_BOTH_UNVERIFIED
1049,COMMAND_SET_GET_OUT_OF_JAIL_FREE,0x0032b320,FUN_0032b320,0x00000000,0,0,NUMERIC_SLOT_PRESENT_BOTH_UNVERIFIED
1050,COMMAND_SET_FREE_HEALTH_CARE,0x0009e3cc,FUN_0009e3cc,0x00000000,0,0,NUMERIC_SLOT_PRESENT_BOTH_UNVERIFIED
1051,COMMAND_IS_CAR_DOOR_CLOSED,0x0032b598,FUN_0032b598,0x00000000,0,0,NUMERIC_SLOT_PRESENT_BOTH_UNVERIFIED
1052,COMMAND_LOAD_AND_LAUNCH_MISSION,0x0032b5ec,FUN_0032b5ec,0x00000000,0,0,NUMERIC_SLOT_PRESENT_BOTH_UNVERIFIED
1053,COMMAND_LOAD_AND_LAUNCH_MISSION_INTERNAL,0x000d9bf8,FUN_000d9bf8,0x00000000,0,0,NUMERIC_SLOT_PRESENT_BOTH_UNVERIFIED
1054,COMMAND_SET_OBJECT_DRAW_LAST,0x00254154,FUN_00254154,0x00000000,0,0,NUMERIC_SLOT_PRESENT_BOTH_UNVERIFIED
1055,COMMAND_GET_AMMO_IN_PLAYER_WEAPON,0x00254180,FUN_00254180,0x00000000,0,0,NUMERIC_SLOT_PRESENT_BOTH_UNVERIFIED
1056,COMMAND_GET_AMMO_IN_CHAR_WEAPON,0x002541ac,FUN_002541ac,0x00000000,0,0,NUMERIC_SLOT_PRESENT_BOTH_UNVERIFIED
1057,COMMAND_REGISTER_KILL_FRENZY_PASSED,0x00210094,FUN_00210094,0x00000000,0,0,NUMERIC_SLOT_PRESENT_BOTH_UNVERIFIED
1058,COMMAND_SET_CHAR_SAY,0x002e6888,FUN_002e6888,0x00000000,0,0,NUMERIC_SLOT_PRESENT_BOTH_UNVERIFIED
1059,COMMAND_SET_NEAR_CLIP,0x0032b65c,FUN_0032b65c,0x00000000,0,0,NUMERIC_SLOT_PRESENT_BOTH_UNVERIFIED
1060,COMMAND_SET_RADIO_CHANNEL,0x002e6958,FUN_002e6958,0x00000000,0,0,NUMERIC_SLOT_PRESENT_BOTH_UNVERIFIED
1061,COMMAND_OVERRIDE_HOSPITAL_LEVEL,0x0032b730,FUN_0032b730,0x00000000,0,0,NUMERIC_SLOT_PRESENT_BOTH_UNVERIFIED
1062,COMMAND_OVERRIDE_POLICE_STATION_LEVEL,0x000d9d40,FUN_000d9d40,0x00000000,0,0,NUMERIC_SLOT_PRESENT_BOTH_UNVERIFIED
1063,COMMAND_FORCE_RAIN,0x000d9ddc,FUN_000d9ddc,0x00000000,0,0,NUMERIC_SLOT_PRESENT_BOTH_UNVERIFIED
1064,COMMAND_DOES_GARAGE_CONTAIN_CAR,0x000d9e78,FUN_000d9e78,0x00000000,0,0,NUMERIC_SLOT_PRESENT_BOTH_UNVERIFIED
1065,COMMAND_SET_CAR_TRACTION,0x0032b998,FUN_0032b998,0x00000000,0,0,NUMERIC_SLOT_PRESENT_BOTH_UNVERIFIED
1066,COMMAND_ARE_MEASUREMENTS_IN_METRES,0x0032ba4c,FUN_0032ba4c,0x00000000,0,0,NUMERIC_SLOT_PRESENT_BOTH_UNVERIFIED
1067,COMMAND_CONVERT_METRES_TO_FEET,0x00080650,FUN_00080650,0x00000000,0,0,NUMERIC_SLOT_PRESENT_BOTH_UNVERIFIED
1068,COMMAND_MARK_ROADS_BETWEEN_LEVELS,0x0032bafc,FUN_0032bafc,0x00000000,0,0,NUMERIC_SLOT_PRESENT_BOTH_UNVERIFIED
1069,COMMAND_MARK_PED_ROADS_BETWEEN_LEVELS,0x0032bbec,FUN_0032bbec,0x00000000,0,0,NUMERIC_SLOT_PRESENT_BOTH_UNVERIFIED
1070,COMMAND_SET_CAR_AVOID_LEVEL_TRANSITIONS,0x0012efe8,FUN_0012efe8,0x00000000,0,0,NUMERIC_SLOT_PRESENT_BOTH_UNVERIFIED
1071,COMMAND_SET_CHAR_AVOID_LEVEL_TRANSITIONS,0x002e6a30,FUN_002e6a30,0x00000000,0,0,NUMERIC_SLOT_PRESENT_BOTH_UNVERIFIED
1072,COMMAND_IS_THREAT_FOR_PED_TYPE,0x002e6a90,FUN_002e6a90,0x00000000,0,0,NUMERIC_SLOT_PRESENT_BOTH_UNVERIFIED
1073,COMMAND_CLEAR_AREA_OF_CHARS,0x0032bccc,FUN_0032bccc,0x00000000,0,0,NUMERIC_SLOT_PRESENT_BOTH_UNVERIFIED
1074,COMMAND_SET_TOTAL_NUMBER_OF_MISSIONS,0x0032bd5c,FUN_0032bd5c,0x00000000,0,0,NUMERIC_SLOT_PRESENT_BOTH_UNVERIFIED
1075,COMMAND_CONVERT_METRES_TO_FEET_INT,0x002c3380,FUN_002c3380,0x00000000,0,0,NUMERIC_SLOT_PRESENT_BOTH_UNVERIFIED
1076,COMMAND_REGISTER_FASTEST_TIME,0x002385f8,FUN_002385f8,0x00000000,0,0,NUMERIC_SLOT_PRESENT_BOTH_UNVERIFIED
1077,COMMAND_REGISTER_HIGHEST_SCORE,0x0023866c,FUN_0023866c,0x00000000,0,0,NUMERIC_SLOT_PRESENT_BOTH_UNVERIFIED
1078,COMMAND_WARP_CHAR_INTO_CAR_AS_PASSENGER,0x0023876c,FUN_0023876c,0x00000000,0,0,NUMERIC_SLOT_PRESENT_BOTH_UNVERIFIED
1079,COMMAND_IS_CAR_PASSENGER_SEAT_FREE,0x002c34cc,FUN_002c34cc,0x00000000,0,0,NUMERIC_SLOT_PRESENT_BOTH_UNVERIFIED
1080,COMMAND_GET_CHAR_IN_CAR_PASSENGER_SEAT,0x002c3618,FUN_002c3618,0x00000000,0,0,NUMERIC_SLOT_PRESENT_BOTH_UNVERIFIED
1081,COMMAND_SET_CHAR_IS_CHRIS_CRIMINAL,0x002c3704,FUN_002c3704,0x00000000,0,0,NUMERIC_SLOT_PRESENT_BOTH_UNVERIFIED
1082,COMMAND_START_CREDITS,0x002e6b08,FUN_002e6b08,0x00000000,0,0,NUMERIC_SLOT_PRESENT_BOTH_UNVERIFIED
1083,COMMAND_STOP_CREDITS,0x002efdb0,FUN_002efdb0,0x00000000,0,0,NUMERIC_SLOT_PRESENT_BOTH_UNVERIFIED
1084,COMMAND_ARE_CREDITS_FINISHED,0x002efe70,FUN_002efe70,0x00000000,0,0,NUMERIC_SLOT_PRESENT_BOTH_UNVERIFIED
1085,COMMAND_CREATE_SINGLE_PARTICLE,0x002efed8,FUN_002efed8,0x00000000,0,0,NUMERIC_SLOT_PRESENT_BOTH_UNVERIFIED
1086,COMMAND_SET_CHAR_IGNORE_LEVEL_TRANSITIONS,0x002101ec,FUN_002101ec,0x00000000,0,0,NUMERIC_SLOT_PRESENT_BOTH_UNVERIFIED
1087,COMMAND_GET_CHASE_CAR,0x0021031c,FUN_0021031c,0x00000000,0,0,NUMERIC_SLOT_PRESENT_BOTH_UNVERIFIED
1088,COMMAND_START_BOAT_FOAM_ANIMATION,0x00210370,FUN_00210370,0x00000000,0,0,NUMERIC_SLOT_PRESENT_BOTH_UNVERIFIED
1089,COMMAND_UPDATE_BOAT_FOAM_ANIMATION,0x00210454,FUN_00210454,0x00000000,0,0,NUMERIC_SLOT_PRESENT_BOTH_UNVERIFIED
1090,COMMAND_SET_MUSIC_DOES_FADE,0x0032bdec,FUN_0032bdec,0x00000000,0,0,NUMERIC_SLOT_PRESENT_BOTH_UNVERIFIED
1091,COMMAND_SET_INTRO_IS_PLAYING,0x000806c0,FUN_000806c0,0x00000000,0,0,NUMERIC_SLOT_PRESENT_BOTH_UNVERIFIED
1092,COMMAND_SET_PLAYER_HOOKER,0x00080774,FUN_00080774,0x00000000,0,0,NUMERIC_SLOT_PRESENT_BOTH_UNVERIFIED
1093,COMMAND_PLAY_END_OF_GAME_TUNE,0x00080924,FUN_00080924,0x00000000,0,0,NUMERIC_SLOT_PRESENT_BOTH_UNVERIFIED
1094,COMMAND_STOP_END_OF_GAME_TUNE,0x0032be64,FUN_0032be64,0x00000000,0,0,NUMERIC_SLOT_PRESENT_BOTH_UNVERIFIED
1095,COMMAND_GET_CAR_MODEL,0x002e6b7c,FUN_002e6b7c,0x00000000,0,0,NUMERIC_SLOT_PRESENT_BOTH_UNVERIFIED
1096,COMMAND_IS_PLAYER_SITTING_IN_CAR,0x0032bf40,FUN_0032bf40,0x00000000,0,0,NUMERIC_SLOT_PRESENT_BOTH_UNVERIFIED
1097,COMMAND_IS_PLAYER_SITTING_IN_ANY_CAR,0x0032bfd0,FUN_0032bfd0,0x00000000,0,0,NUMERIC_SLOT_PRESENT_BOTH_UNVERIFIED
1098,COMMAND_SET_SCRIPT_FIRE_AUDIO,0x0032c064,FUN_0032c064,0x00000000,0,0,NUMERIC_SLOT_PRESENT_BOTH_UNVERIFIED
1099,COMMAND_ARE_ANY_CAR_CHEATS_ACTIVATED,0x002541d8,,0x00000000,0,0,NUMERIC_SLOT_PRESENT_BOTH_UNVERIFIED
1100,COMMAND_SET_CHAR_SUFFERS_CRITICAL_HITS,0x0032c0e4,FUN_0032c0e4,0x00000000,0,0,NUMERIC_SLOT_PRESENT_BOTH_UNVERIFIED
1101,COMMAND_IS_PLAYER_LIFTING_A_PHONE,0x00082608,FUN_00082608,0x00000000,0,0,NUMERIC_SLOT_PRESENT_BOTH_UNVERIFIED
1102,COMMAND_IS_CHAR_SITTING_IN_CAR,0x001721c8,FUN_001721c8,0x00000000,0,0,NUMERIC_SLOT_PRESENT_BOTH_UNVERIFIED
1103,COMMAND_IS_CHAR_SITTING_IN_ANY_CAR,0x00172234,FUN_00172234,0x00000000,0,0,NUMERIC_SLOT_PRESENT_BOTH_UNVERIFIED
1104,COMMAND_IS_PLAYER_ON_FOOT,0x00172268,FUN_00172268,0x00000000,0,0,NUMERIC_SLOT_PRESENT_BOTH_UNVERIFIED
1105,COMMAND_IS_CHAR_ON_FOOT,0x001722d0,FUN_001722d0,0x00000000,0,0,NUMERIC_SLOT_PRESENT_BOTH_UNVERIFIED
1106,COMMAND_LOAD_COLLISION_WITH_SCREEN,0x00172338,FUN_00172338,0x00000000,0,0,NUMERIC_SLOT_PRESENT_BOTH_UNVERIFIED
1107,COMMAND_LOAD_SPLASH_SCREEN,0x001723fc,FUN_001723fc,0x00000000,0,0,NUMERIC_SLOT_PRESENT_BOTH_UNVERIFIED
1108,COMMAND_SET_CAR_IGNORE_LEVEL_TRANSITIONS,0x001724c0,FUN_001724c0,0x00000000,0,0,NUMERIC_SLOT_PRESENT_BOTH_UNVERIFIED
1109,COMMAND_MAKE_CRAIGS_CAR_A_BIT_STRONGER,0x001725e8,FUN_001725e8,0x00000000,0,0,NUMERIC_SLOT_PRESENT_BOTH_UNVERIFIED
1110,COMMAND_SET_JAMES_CAR_ON_PATH_TO_PLAYER,0x0017273c,FUN_0017273c,0x00000000,0,0,NUMERIC_SLOT_PRESENT_BOTH_UNVERIFIED
1111,COMMAND_LOAD_END_OF_GAME_TUNE,0x00172790,FUN_00172790,0x00000000,0,0,NUMERIC_SLOT_PRESENT_BOTH_UNVERIFIED
1112,COMMAND_ENABLE_PLAYER_CONTROL_CAMERA,0x00172854,FUN_00172854,0x00000000,0,0,NUMERIC_SLOT_PRESENT_BOTH_UNVERIFIED
1113,COMMAND_SET_OBJECT_ROTATION,0x001728b8,FUN_001728b8,0x00000000,0,0,NUMERIC_SLOT_PRESENT_BOTH_UNVERIFIED
1114,COMMAND_GET_DEBUG_CAMERA_COORDINATES,0x0017291c,FUN_0017291c,0x00000000,0,0,NUMERIC_SLOT_PRESENT_BOTH_UNVERIFIED
1115,COMMAND_GET_DEBUG_CAMERA_FRONT_VECTOR,0x00172980,FUN_00172980,0x00000000,0,0,NUMERIC_SLOT_PRESENT_BOTH_UNVERIFIED
1116,COMMAND_IS_PLAYER_TARGETTING_ANY_CHAR,0x001729e8,FUN_001729e8,0x00000000,0,0,NUMERIC_SLOT_PRESENT_BOTH_UNVERIFIED
1117,COMMAND_IS_PLAYER_TARGETTING_CHAR,0x00172a3c,FUN_00172a3c,0x00000000,0,0,NUMERIC_SLOT_PRESENT_BOTH_UNVERIFIED
1118,COMMAND_IS_PLAYER_TARGETTING_OBJECT,0x0007a1a4,FUN_0007a1a4,0x00000000,0,0,NUMERIC_SLOT_PRESENT_BOTH_UNVERIFIED
1119,COMMAND_TERMINATE_ALL_SCRIPTS_WITH_THIS_NAME,0x0007a258,FUN_0007a258,0x00000000,0,0,NUMERIC_SLOT_PRESENT_BOTH_UNVERIFIED
1120,COMMAND_DISPLAY_TEXT_WITH_NUMBER,0x0007a2c0,FUN_0007a2c0,0x00000000,0,0,NUMERIC_SLOT_PRESENT_BOTH_UNVERIFIED
1121,COMMAND_DISPLAY_TEXT_WITH_2_NUMBERS,0x0007a348,FUN_0007a348,0x00000000,0,0,NUMERIC_SLOT_PRESENT_BOTH_UNVERIFIED
1122,COMMAND_FAIL_CURRENT_MISSION,0x0007a3b0,FUN_0007a3b0,0x00000000,0,0,NUMERIC_SLOT_PRESENT_BOTH_UNVERIFIED
1123,COMMAND_GET_CLOSEST_OBJECT_OF_TYPE,0x0007a418,FUN_0007a418,0x00000000,0,0,NUMERIC_SLOT_PRESENT_BOTH_UNVERIFIED
1124,COMMAND_PLACE_OBJECT_RELATIVE_TO_OBJECT,0x0007a4a8,FUN_0007a4a8,0x00000000,0,0,NUMERIC_SLOT_PRESENT_BOTH_UNVERIFIED
1125,COMMAND_SET_ALL_OCCUPANTS_OF_CAR_LEAVE_CAR,0x0007a530,FUN_0007a530,0x00000000,0,0,NUMERIC_SLOT_PRESENT_BOTH_UNVERIFIED
1126,COMMAND_SET_INTERPOLATION_PARAMETERS,0x0007a5dc,FUN_0007a5dc,0x00000000,0,0,NUMERIC_SLOT_PRESENT_BOTH_UNVERIFIED
1127,COMMAND_GET_CLOSEST_CAR_NODE_WITH_HEADING_TOWARDS_POINT,0x0007a660,FUN_0007a660,0x00000000,0,0,NUMERIC_SLOT_PRESENT_BOTH_UNVERIFIED
1128,COMMAND_GET_CLOSEST_CAR_NODE_WITH_HEADING_AWAY_POINT,0x0007a6e4,FUN_0007a6e4,0x00000000,0,0,NUMERIC_SLOT_PRESENT_BOTH_UNVERIFIED
1129,COMMAND_GET_DEBUG_CAMERA_POINT_AT,0x0007a768,FUN_0007a768,0x00000000,0,0,NUMERIC_SLOT_PRESENT_BOTH_UNVERIFIED
1130,COMMAND_ATTACH_CHAR_TO_CAR,0x0007a7ec,FUN_0007a7ec,0x00000000,0,0,NUMERIC_SLOT_PRESENT_BOTH_UNVERIFIED
1131,COMMAND_DETACH_CHAR_FROM_CAR,0x0007a870,FUN_0007a870,0x00000000,0,0,NUMERIC_SLOT_PRESENT_BOTH_UNVERIFIED
1132,COMMAND_SET_CAR_CHANGE_LANE,0x0007a8f4,FUN_0007a8f4,0x00000000,0,0,NUMERIC_SLOT_PRESENT_BOTH_UNVERIFIED
1133,COMMAND_CLEAR_CHAR_LAST_WEAPON_DAMAGE,0x0032c26c,FUN_0032c26c,0x00000000,0,0,NUMERIC_SLOT_PRESENT_BOTH_UNVERIFIED
1134,COMMAND_CLEAR_CAR_LAST_WEAPON_DAMAGE,0x002e6de4,FUN_002e6de4,0x00000000,0,0,NUMERIC_SLOT_PRESENT_BOTH_UNVERIFIED
1135,COMMAND_GET_RANDOM_COP_IN_AREA,0x002e6ecc,FUN_002e6ecc,0x00000000,0,0,NUMERIC_SLOT_PRESENT_BOTH_UNVERIFIED
1136,COMMAND_GET_RANDOM_COP_IN_ZONE,0x0018c110,FUN_0018c110,0x00000000,0,0,NUMERIC_SLOT_PRESENT_BOTH_UNVERIFIED
1137,COMMAND_SET_CHAR_OBJ_FLEE_CAR,0x0018c16c,FUN_0018c16c,0x00000000,0,0,NUMERIC_SLOT_PRESENT_BOTH_UNVERIFIED
1138,COMMAND_GET_DRIVER_OF_CAR,0x00281dbc,FUN_00281dbc,0x00000000,0,0,NUMERIC_SLOT_PRESENT_BOTH_UNVERIFIED
1139,COMMAND_GET_NUMBER_OF_FOLLOWERS,0x00281eb8,FUN_00281eb8,0x00000000,0,0,NUMERIC_SLOT_PRESENT_BOTH_UNVERIFIED
1140,COMMAND_GIVE_REMOTE_CONTROLLED_MODEL_TO_PLAYER,0x00281fd8,FUN_00281fd8,0x00000000,0,0,NUMERIC_SLOT_PRESENT_BOTH_UNVERIFIED
1141,COMMAND_GET_CURRENT_PLAYER_WEAPON,0x00210520,FUN_00210520,0x00000000,0,0,NUMERIC_SLOT_PRESENT_BOTH_UNVERIFIED
1142,COMMAND_GET_CURRENT_CHAR_WEAPON,0x000167d4,FUN_000167d4,0x00000000,0,0,NUMERIC_SLOT_PRESENT_BOTH_UNVERIFIED
1143,COMMAND_LOCATE_CHAR_ANY_MEANS_OBJECT_2D,0x002b8964,FUN_002b8964,0x00000000,0,0,NUMERIC_SLOT_PRESENT_BOTH_UNVERIFIED
1144,COMMAND_LOCATE_CHAR_ON_FOOT_OBJECT_2D,0x0012f0b0,FUN_0012f0b0,0x00000000,0,0,NUMERIC_SLOT_PRESENT_BOTH_UNVERIFIED
1145,COMMAND_LOCATE_CHAR_IN_CAR_OBJECT_2D,0x0031a26c,FUN_0031a26c,0x00000000,0,0,NUMERIC_SLOT_PRESENT_BOTH_UNVERIFIED
1146,COMMAND_LOCATE_CHAR_ANY_MEANS_OBJECT_3D,0x0031a39c,FUN_0031a39c,0x00000000,0,0,NUMERIC_SLOT_PRESENT_BOTH_UNVERIFIED
1147,COMMAND_LOCATE_CHAR_ON_FOOT_OBJECT_3D,0x0007a998,FUN_0007a998,0x00000000,0,0,NUMERIC_SLOT_PRESENT_BOTH_UNVERIFIED
1148,COMMAND_LOCATE_CHAR_IN_CAR_OBJECT_3D,0x000f76fc,FUN_000f76fc,0x00000000,0,0,NUMERIC_SLOT_PRESENT_BOTH_UNVERIFIED
1149,COMMAND_SET_CAR_TEMP_ACTION,0x000f7878,FUN_000f7878,0x00000000,0,0,NUMERIC_SLOT_PRESENT_BOTH_UNVERIFIED
1150,COMMAND_SET_CAR_HANDBRAKE_TURN_RIGHT,0x000f79c8,FUN_000f79c8,0x00000000,0,0,NUMERIC_SLOT_PRESENT_BOTH_UNVERIFIED
1151,COMMAND_SET_CAR_HANDBRAKE_STOP,0x000f7b9c,FUN_000f7b9c,0x00000000,0,0,NUMERIC_SLOT_PRESENT_BOTH_UNVERIFIED
1152,COMMAND_IS_CHAR_ON_ANY_BIKE,0x000f7de0,FUN_000f7de0,0x00000000,0,0,NUMERIC_SLOT_PRESENT_BOTH_UNVERIFIED
1153,COMMAND_LOCATE_SNIPER_BULLET_2D,0x001dd218,FUN_001dd218,0x00000000,0,0,NUMERIC_SLOT_PRESENT_BOTH_UNVERIFIED
1154,COMMAND_LOCATE_SNIPER_BULLET_3D,0x0012f4dc,FUN_0012f4dc,0x00000000,0,0,NUMERIC_SLOT_PRESENT_BOTH_UNVERIFIED
1155,COMMAND_GET_NUMBER_OF_SEATS_IN_MODEL,0x0012f54c,FUN_0012f54c,0x00000000,0,0,NUMERIC_SLOT_PRESENT_BOTH_UNVERIFIED
1156,COMMAND_IS_PLAYER_ON_ANY_BIKE,0x0012f5e8,FUN_0012f5e8,0x00000000,0,0,NUMERIC_SLOT_PRESENT_BOTH_UNVERIFIED
1157,COMMAND_IS_CHAR_LYING_DOWN,0x00080a28,FUN_00080a28,0x00000000,0,0,NUMERIC_SLOT_PRESENT_BOTH_UNVERIFIED
1158,COMMAND_CAN_CHAR_SEE_DEAD_CHAR,0x0007aa40,FUN_0007aa40,0x00000000,0,0,NUMERIC_SLOT_PRESENT_BOTH_UNVERIFIED
1159,COMMAND_SET_ENTER_CAR_RANGE_MULTIPLIER,0x0032c470,FUN_0032c470,0x00000000,0,0,NUMERIC_SLOT_PRESENT_BOTH_UNVERIFIED
1160,COMMAND_SET_THREAT_REACTION_RANGE_MULTIPLIER,0x0031a3e8,FUN_0031a3e8,0x00000000,0,0,NUMERIC_SLOT_PRESENT_BOTH_UNVERIFIED
1161,COMMAND_SET_CHAR_CEASE_ATTACK_TIMER,0x0007ab38,FUN_0007ab38,0x00000000,0,0,NUMERIC_SLOT_PRESENT_BOTH_UNVERIFIED
1162,COMMAND_GET_REMOTE_CONTROLLED_CAR,0x0007ab6c,FUN_0007ab6c,0x00000000,0,0,NUMERIC_SLOT_PRESENT_BOTH_UNVERIFIED
1163,COMMAND_IS_PC_VERSION,0x00172b10,FUN_00172b10,0x00000000,0,0,NUMERIC_SLOT_PRESENT_BOTH_UNVERIFIED
1164,COMMAND_REPLAY,0x00172c38,FUN_00172c38,0x00000000,0,0,NUMERIC_SLOT_PRESENT_BOTH_UNVERIFIED
1165,COMMAND_IS_REPLAY_PLAYING,0x000009cc,FUN_000009cc,0x00000000,0,0,NUMERIC_SLOT_PRESENT_BOTH_UNVERIFIED
1166,COMMAND_IS_MODEL_AVAILABLE,0x00000a48,FUN_00000a48,0x00000000,0,0,NUMERIC_SLOT_PRESENT_BOTH_UNVERIFIED
1167,COMMAND_SHUT_CHAR_UP,0x00000ac8,FUN_00000ac8,0x00000000,0,0,NUMERIC_SLOT_PRESENT_BOTH_UNVERIFIED
1168,COMMAND_SET_ENABLE_RC_DETONATE,0x002105d8,FUN_002105d8,0x00000000,0,0,NUMERIC_SLOT_PRESENT_BOTH_UNVERIFIED
1169,COMMAND_SET_CAR_RANDOM_ROUTE_SEED,0x00210658,FUN_00210658,0x00000000,0,0,NUMERIC_SLOT_PRESENT_BOTH_UNVERIFIED
1170,COMMAND_IS_ANY_PICKUP_AT_COORDS,0x0031a428,FUN_0031a428,0x00000000,0,0,NUMERIC_SLOT_PRESENT_BOTH_UNVERIFIED
1171,COMMAND_GET_FIRST_PICKUP_COORDS,0x0012f63c,FUN_0012f63c,0x00000000,0,0,NUMERIC_SLOT_PRESENT_BOTH_UNVERIFIED
1172,COMMAND_GET_NEXT_PICKUP_COORDS,0x0012f6d0,FUN_0012f6d0,0x00000000,0,0,NUMERIC_SLOT_PRESENT_BOTH_UNVERIFIED
1173,COMMAND_REMOVE_ALL_CHAR_WEAPONS,0x002e70d0,FUN_002e70d0,0x00000000,0,0,NUMERIC_SLOT_PRESENT_BOTH_UNVERIFIED
1174,COMMAND_HAS_PLAYER_GOT_WEAPON,0x002e726c,FUN_002e726c,0x00000000,0,0,NUMERIC_SLOT_PRESENT_BOTH_UNVERIFIED
1175,COMMAND_HAS_CHAR_GOT_WEAPON,0x002e7408,FUN_002e7408,0x00000000,0,0,NUMERIC_SLOT_PRESENT_BOTH_UNVERIFIED
1176,COMMAND_IS_PLAYER_FACING_CHAR,0x002e7478,FUN_002e7478,0x00000000,0,0,NUMERIC_SLOT_PRESENT_BOTH_UNVERIFIED
1177,COMMAND_SET_TANK_DETONATE_CARS,0x002e74e8,FUN_002e74e8,0x00000000,0,0,NUMERIC_SLOT_PRESENT_BOTH_UNVERIFIED
1178,COMMAND_GET_POSITION_OF_ANALOGUE_STICKS,0x002e757c,FUN_002e757c,0x00000000,0,0,NUMERIC_SLOT_PRESENT_BOTH_UNVERIFIED
1179,COMMAND_IS_CAR_ON_FIRE,0x00283d9c,FUN_00283d9c,0x00000000,0,0,NUMERIC_SLOT_PRESENT_BOTH_UNVERIFIED
1180,COMMAND_IS_CAR_TYRE_BURST,0x0031a4c0,FUN_0031a4c0,0x00000000,0,0,NUMERIC_SLOT_PRESENT_BOTH_UNVERIFIED
1181,COMMAND_SET_CAR_DRIVE_STRAIGHT_AHEAD,0x0031a51c,FUN_0031a51c,0x00000000,0,0,NUMERIC_SLOT_PRESENT_BOTH_UNVERIFIED
1182,COMMAND_SET_CAR_WAIT,0x0007aba0,FUN_0007aba0,0x00000000,0,0,NUMERIC_SLOT_PRESENT_BOTH_UNVERIFIED
1183,COMMAND_IS_PLAYER_STANDING_ON_A_VEHICLE,0x0001689c,FUN_0001689c,0x00000000,0,0,NUMERIC_SLOT_PRESENT_BOTH_UNVERIFIED
1184,COMMAND_IS_PLAYER_FOOT_DOWN,0x000168f4,FUN_000168f4,0x00000000,0,0,NUMERIC_SLOT_PRESENT_BOTH_UNVERIFIED
1185,COMMAND_IS_CHAR_FOOT_DOWN,0x00289834,FUN_00289834,0x00000000,0,0,NUMERIC_SLOT_PRESENT_BOTH_UNVERIFIED
1186,COMMAND_INITIALISE_OBJECT_PATH,0x0020dbec,FUN_0020dbec,0x00000000,0,0,NUMERIC_SLOT_PRESENT_BOTH_UNVERIFIED
1187,COMMAND_START_OBJECT_ON_PATH,0x0032c4e4,FUN_0032c4e4,0x00000000,0,0,NUMERIC_SLOT_PRESENT_BOTH_UNVERIFIED
1188,COMMAND_SET_OBJECT_PATH_SPEED,0x0032c54c,FUN_0032c54c,0x00000000,0,0,NUMERIC_SLOT_PRESENT_BOTH_UNVERIFIED
1189,COMMAND_SET_OBJECT_PATH_POSITION,0x002e7610,FUN_002e7610,0x00000000,0,0,NUMERIC_SLOT_PRESENT_BOTH_UNVERIFIED
1190,COMMAND_GET_OBJECT_DISTANCE_ALONG_PATH,0x002e76a4,FUN_002e76a4,0x00000000,0,0,NUMERIC_SLOT_PRESENT_BOTH_UNVERIFIED
1191,COMMAND_CLEAR_OBJECT_PATH,0x002e773c,FUN_002e773c,0x00000000,0,0,NUMERIC_SLOT_PRESENT_BOTH_UNVERIFIED
1192,COMMAND_HELI_GOTO_COORDS,0x002e7780,FUN_002e7780,0x00000000,0,0,NUMERIC_SLOT_PRESENT_BOTH_UNVERIFIED
1193,COMMAND_IS_INT_VAR_EQUAL_TO_CONSTANT,0x002e7830,FUN_002e7830,0x00000000,0,0,NUMERIC_SLOT_PRESENT_BOTH_UNVERIFIED
1194,COMMAND_IS_INT_LVAR_EQUAL_TO_CONSTANT,0x002e78e0,FUN_002e78e0,0x00000000,0,0,NUMERIC_SLOT_PRESENT_BOTH_UNVERIFIED
1195,COMMAND_GET_DEAD_CHAR_PICKUP_COORDS,0x002e795c,FUN_002e795c,0x00000000,0,0,NUMERIC_SLOT_PRESENT_BOTH_UNVERIFIED
1196,COMMAND_CREATE_PROTECTION_PICKUP,0x002e79d8,FUN_002e79d8,0x00000000,0,0,NUMERIC_SLOT_PRESENT_BOTH_UNVERIFIED
1197,COMMAND_IS_CHAR_IN_ANY_BOAT,0x002e7a3c,FUN_002e7a3c,0x00000000,0,0,NUMERIC_SLOT_PRESENT_BOTH_UNVERIFIED
1198,COMMAND_IS_PLAYER_IN_ANY_BOAT,0x0032c5b4,FUN_0032c5b4,0x00000000,0,0,NUMERIC_SLOT_PRESENT_BOTH_UNVERIFIED
1199,COMMAND_IS_CHAR_IN_ANY_HELI,0x0032c67c,FUN_0032c67c,0x00000000,0,0,NUMERIC_SLOT_PRESENT_BOTH_UNVERIFIED
1200,COMMAND_IS_PLAYER_IN_ANY_HELI,0x0032c744,FUN_0032c744,0x00000000,0,0,NUMERIC_SLOT_PRESENT_BOTH_UNVERIFIED
1201,COMMAND_IS_CHAR_IN_ANY_PLANE,0x0032c7b4,FUN_0032c7b4,0x00000000,0,0,NUMERIC_SLOT_PRESENT_BOTH_UNVERIFIED
1202,COMMAND_IS_PLAYER_IN_ANY_PLANE,0x0032c824,FUN_0032c824,0x00000000,0,0,NUMERIC_SLOT_PRESENT_BOTH_UNVERIFIED
1203,COMMAND_IS_CHAR_IN_WATER,0x0032c8b8,FUN_0032c8b8,0x00000000,0,0,NUMERIC_SLOT_PRESENT_BOTH_UNVERIFIED
1204,COMMAND_SET_VAR_INT_TO_CONSTANT,0x00080b58,FUN_00080b58,0x00000000,0,0,NUMERIC_SLOT_PRESENT_BOTH_UNVERIFIED
1205,COMMAND_SET_LVAR_INT_TO_CONSTANT,0x0032c94c,FUN_0032c94c,0x00000000,0,0,NUMERIC_SLOT_PRESENT_BOTH_UNVERIFIED
1206,COMMAND_IS_INT_VAR_GREATER_THAN_CONSTANT,0x0032c9c4,FUN_0032c9c4,0x00000000,0,0,NUMERIC_SLOT_PRESENT_BOTH_UNVERIFIED
1207,COMMAND_IS_INT_LVAR_GREATER_THAN_CONSTANT,0x0032ca40,FUN_0032ca40,0x00000000,0,0,NUMERIC_SLOT_PRESENT_BOTH_UNVERIFIED
1208,COMMAND_IS_CONSTANT_GREATER_THAN_INT_VAR,0x002106c8,FUN_002106c8,0x00000000,0,0,NUMERIC_SLOT_PRESENT_BOTH_UNVERIFIED
1209,COMMAND_IS_CONSTANT_GREATER_THAN_INT_LVAR,0x0032cab4,FUN_0032cab4,0x00000000,0,0,NUMERIC_SLOT_PRESENT_BOTH_UNVERIFIED
1210,COMMAND_IS_INT_VAR_GREATER_OR_EQUAL_TO_CONSTANT,0x002107c8,FUN_002107c8,0x00000000,0,0,NUMERIC_SLOT_PRESENT_BOTH_UNVERIFIED
1211,COMMAND_IS_INT_LVAR_GREATER_OR_EQUAL_TO_CONSTANT,0x00275db8,FUN_00275db8,0x00000000,0,0,NUMERIC_SLOT_PRESENT_BOTH_UNVERIFIED
1212,COMMAND_IS_CONSTANT_GREATER_OR_EQUAL_TO_INT_VAR,0x0021080c,FUN_0021080c,0x00000000,0,0,NUMERIC_SLOT_PRESENT_BOTH_UNVERIFIED
1213,COMMAND_IS_CONSTANT_GREATER_OR_EQUAL_TO_INT_LVAR,0x001dd29c,FUN_001dd29c,0x00000000,0,0,NUMERIC_SLOT_PRESENT_BOTH_UNVERIFIED
1214,COMMAND_GET_CHAR_WEAPON_IN_SLOT,0x002e7abc,FUN_002e7abc,0x00000000,0,0,NUMERIC_SLOT_PRESENT_BOTH_UNVERIFIED
1215,COMMAND_GET_CLOSEST_STRAIGHT_ROAD,0x0031a57c,FUN_0031a57c,0x00000000,0,0,NUMERIC_SLOT_PRESENT_BOTH_UNVERIFIED
1216,COMMAND_SET_CAR_FORWARD_SPEED,0x002109b4,FUN_002109b4,0x00000000,0,0,NUMERIC_SLOT_PRESENT_BOTH_UNVERIFIED
1217,COMMAND_SET_AREA_VISIBLE,0x00210a3c,FUN_00210a3c,0x00000000,0,0,NUMERIC_SLOT_PRESENT_BOTH_UNVERIFIED
1218,COMMAND_SET_CUTSCENE_ANIM_TO_LOOP,0x0032cbc0,FUN_0032cbc0,0x00000000,0,0,NUMERIC_SLOT_PRESENT_BOTH_UNVERIFIED
1219,COMMAND_MARK_CAR_AS_CONVOY_CAR,0x0032cc2c,FUN_0032cc2c,0x00000000,0,0,NUMERIC_SLOT_PRESENT_BOTH_UNVERIFIED
1220,COMMAND_RESET_HAVOC_CAUSED_BY_PLAYER,0x0028ef84,FUN_0028ef84,0x00000000,0,0,NUMERIC_SLOT_PRESENT_BOTH_UNVERIFIED
1221,COMMAND_GET_HAVOC_CAUSED_BY_PLAYER,0x0012f780,FUN_0012f780,0x00000000,0,0,NUMERIC_SLOT_PRESENT_BOTH_UNVERIFIED
1222,COMMAND_CREATE_SCRIPT_ROADBLOCK,0x0012f7e0,FUN_0012f7e0,0x00000000,0,0,NUMERIC_SLOT_PRESENT_BOTH_UNVERIFIED
1223,COMMAND_CLEAR_ALL_SCRIPT_ROADBLOCKS,0x0029b668,FUN_0029b668,0x00000000,0,0,NUMERIC_SLOT_PRESENT_BOTH_UNVERIFIED
1224,COMMAND_SET_CHAR_OBJ_WALK_TO_CHAR,0x0029b688,FUN_0029b688,0x00000000,0,0,NUMERIC_SLOT_PRESENT_BOTH_UNVERIFIED
1225,COMMAND_IS_PICKUP_IN_ZONE,0x0029b6a8,FUN_0029b6a8,0x00000000,0,0,NUMERIC_SLOT_PRESENT_BOTH_UNVERIFIED
1226,COMMAND_GET_OFFSET_FROM_CHAR_IN_WORLD_COORDS,0x0029b748,FUN_0029b748,0x00000000,0,0,NUMERIC_SLOT_PRESENT_BOTH_UNVERIFIED
1227,COMMAND_HAS_CHAR_BEEN_PHOTOGRAPHED,0x0007ad9c,FUN_0007ad9c,0x00000000,0,0,NUMERIC_SLOT_PRESENT_BOTH_UNVERIFIED
1228,COMMAND_SET_CHAR_OBJ_AIM_GUN_AT_CHAR,0x002898a4,,0x00000000,0,0,NUMERIC_SLOT_PRESENT_BOTH_UNVERIFIED
1229,COMMAND_SWITCH_SECURITY_CAMERA,0x002ee3e4,FUN_002ee3e4,0x00000000,0,0,NUMERIC_SLOT_PRESENT_BOTH_UNVERIFIED
1230,COMMAND_IS_CHAR_IN_FLYING_VEHICLE,0x0031a674,FUN_0031a674,0x00000000,0,0,NUMERIC_SLOT_PRESENT_BOTH_UNVERIFIED
1231,COMMAND_IS_PLAYER_IN_FLYING_VEHICLE,0x0032cc7c,FUN_0032cc7c,0x00000000,0,0,NUMERIC_SLOT_PRESENT_BOTH_UNVERIFIED
1232,COMMAND_HAS_SONY_CD_BEEN_READ,0x0032cd14,FUN_0032cd14,0x00000000,0,0,NUMERIC_SLOT_PRESENT_BOTH_UNVERIFIED
1233,COMMAND_GET_NUMBER_OF_SONY_CDS_READ,0x002e7b80,FUN_002e7b80,0x00000000,0,0,NUMERIC_SLOT_PRESENT_BOTH_UNVERIFIED
1234,COMMAND_ADD_SHORT_RANGE_BLIP_FOR_COORD_OLD,0x002e7bc8,FUN_002e7bc8,0x00000000,0,0,NUMERIC_SLOT_PRESENT_BOTH_UNVERIFIED
1235,COMMAND_ADD_SHORT_RANGE_BLIP_FOR_COORD,0x0032cdac,FUN_0032cdac,0x00000000,0,0,NUMERIC_SLOT_PRESENT_BOTH_UNVERIFIED
1236,COMMAND_ADD_SHORT_RANGE_SPRITE_BLIP_FOR_COORD,0x001dd370,FUN_001dd370,0x00000000,0,0,NUMERIC_SLOT_PRESENT_BOTH_UNVERIFIED
1237,COMMAND_ADD_MONEY_SPENT_ON_CLOTHES,0x001dd3d4,FUN_001dd3d4,0x00000000,0,0,NUMERIC_SLOT_PRESENT_BOTH_UNVERIFIED
1238,COMMAND_SET_HELI_ORIENTATION,0x001dd440,FUN_001dd440,0x00000000,0,0,NUMERIC_SLOT_PRESENT_BOTH_UNVERIFIED
1239,COMMAND_CLEAR_HELI_ORIENTATION,0x0018c1e4,FUN_0018c1e4,0x00000000,0,0,NUMERIC_SLOT_PRESENT_BOTH_UNVERIFIED
1240,COMMAND_PLANE_GOTO_COORDS,0x00210a5c,FUN_00210a5c,0x00000000,0,0,NUMERIC_SLOT_PRESENT_BOTH_UNVERIFIED
1241,COMMAND_GET_NTH_CLOSEST_CAR_NODE,0x00082698,FUN_00082698,0x00000000,0,0,NUMERIC_SLOT_PRESENT_BOTH_UNVERIFIED
1242,COMMAND_GET_NTH_CLOSEST_CHAR_NODE,0x000826d4,FUN_000826d4,0x00000000,0,0,NUMERIC_SLOT_PRESENT_BOTH_UNVERIFIED
1243,COMMAND_DRAW_WEAPONSHOP_CORONA,0x00082710,FUN_00082710,0x00000000,0,0,NUMERIC_SLOT_PRESENT_BOTH_UNVERIFIED
1244,COMMAND_SET_ENABLE_RC_DETONATE_ON_CONTACT,0x0029b7d0,,0x00000000,0,0,NUMERIC_SLOT_PRESENT_BOTH_UNVERIFIED
1245,COMMAND_FREEZE_CHAR_POSITION,0x002e7c38,FUN_002e7c38,0x00000000,0,0,NUMERIC_SLOT_PRESENT_BOTH_UNVERIFIED
1246,COMMAND_SET_CHAR_DROWNS_IN_WATER,0x00283dcc,FUN_00283dcc,0x00000000,0,0,NUMERIC_SLOT_PRESENT_BOTH_UNVERIFIED
1247,COMMAND_SET_OBJECT_RECORDS_COLLISIONS,0x001dd4fc,FUN_001dd4fc,0x00000000,0,0,NUMERIC_SLOT_PRESENT_BOTH_UNVERIFIED
1248,COMMAND_HAS_OBJECT_COLLIDED_WITH_ANYTHING,0x002820a0,FUN_002820a0,0x00000000,0,0,NUMERIC_SLOT_PRESENT_BOTH_UNVERIFIED
1249,COMMAND_REMOVE_RC_BUGGY,0x0031a6e4,FUN_0031a6e4,0x00000000,0,0,NUMERIC_SLOT_PRESENT_BOTH_UNVERIFIED
1250,COMMAND_HAS_PHOTOGRAPH_BEEN_TAKEN,0x002898ac,FUN_002898ac,0x00000000,0,0,NUMERIC_SLOT_PRESENT_BOTH_UNVERIFIED
1251,COMMAND_GET_CHAR_ARMOUR,0x00210b5c,FUN_00210b5c,0x00000000,0,0,NUMERIC_SLOT_PRESENT_BOTH_UNVERIFIED
1252,COMMAND_SET_CHAR_ARMOUR,0x0032ce48,FUN_0032ce48,0x00000000,0,0,NUMERIC_SLOT_PRESENT_BOTH_UNVERIFIED
1253,COMMAND_SET_HELI_STABILISER,0x0008273c,FUN_0008273c,0x00000000,0,0,NUMERIC_SLOT_PRESENT_BOTH_UNVERIFIED
1254,COMMAND_SET_CAR_STRAIGHT_LINE_DISTANCE,0x0032cebc,FUN_0032cebc,0x00000000,0,0,NUMERIC_SLOT_PRESENT_BOTH_UNVERIFIED
1255,COMMAND_POP_CAR_BOOT,0x0029b840,FUN_0029b840,0x00000000,0,0,NUMERIC_SLOT_PRESENT_BOTH_UNVERIFIED
1256,COMMAND_SHUT_PLAYER_UP,0x002e7c84,FUN_002e7c84,0x00000000,0,0,NUMERIC_SLOT_PRESENT_BOTH_UNVERIFIED
1257,COMMAND_SET_PLAYER_MOOD,0x002e7d50,FUN_002e7d50,0x00000000,0,0,NUMERIC_SLOT_PRESENT_BOTH_UNVERIFIED
1258,COMMAND_REQUEST_COLLISION,0x0008278c,,0x00000000,0,0,NUMERIC_SLOT_PRESENT_BOTH_UNVERIFIED
1259,COMMAND_LOCATE_OBJECT_2D,0x002898ec,FUN_002898ec,0x00000000,0,0,NUMERIC_SLOT_PRESENT_BOTH_UNVERIFIED
1260,COMMAND_LOCATE_OBJECT_3D,0x00080094,FUN_00080094,0x00000000,0,0,NUMERIC_SLOT_PRESENT_BOTH_UNVERIFIED
1261,COMMAND_IS_OBJECT_IN_WATER,0x0012f820,FUN_0012f820,0x00000000,0,0,NUMERIC_SLOT_PRESENT_BOTH_UNVERIFIED
1262,COMMAND_SET_CHAR_OBJ_STEAL_ANY_CAR_EVEN_MISSION_CAR,0x0032cf34,FUN_0032cf34,0x00000000,0,0,NUMERIC_SLOT_PRESENT_BOTH_UNVERIFIED
1263,COMMAND_IS_OBJECT_IN_AREA_2D,0x0008017c,FUN_0008017c,0x00000000,0,0,NUMERIC_SLOT_PRESENT_BOTH_UNVERIFIED
1264,COMMAND_IS_OBJECT_IN_AREA_3D,0x001dd61c,FUN_001dd61c,0x00000000,0,0,NUMERIC_SLOT_PRESENT_BOTH_UNVERIFIED
1265,COMMAND_SET_CHAR_CROUCH,0x002119d4,FUN_002119d4,0x00000000,0,0,NUMERIC_SLOT_PRESENT_BOTH_UNVERIFIED
1266,COMMAND_SET_ZONE_CIVILIAN_CAR_INFO,0x002b89fc,,0x00000000,0,0,NUMERIC_SLOT_PRESENT_BOTH_UNVERIFIED
1267,COMMAND_REQUEST_ANIMATION,0x000827a0,FUN_000827a0,0x00000000,0,0,NUMERIC_SLOT_PRESENT_BOTH_UNVERIFIED
1268,COMMAND_HAS_ANIMATION_LOADED,0x000827e0,FUN_000827e0,0x00000000,0,0,NUMERIC_SLOT_PRESENT_BOTH_UNVERIFIED
1269,COMMAND_REMOVE_ANIMATION,0x00275dec,FUN_00275dec,0x00000000,0,0,NUMERIC_SLOT_PRESENT_BOTH_UNVERIFIED
1270,COMMAND_IS_CHAR_WAITING_FOR_WORLD_COLLISION,0x0007af98,FUN_0007af98,0x00000000,0,0,NUMERIC_SLOT_PRESENT_BOTH_UNVERIFIED
1271,COMMAND_IS_CAR_WAITING_FOR_WORLD_COLLISION,0x002ee5cc,FUN_002ee5cc,0x00000000,0,0,NUMERIC_SLOT_PRESENT_BOTH_UNVERIFIED
1272,COMMAND_IS_OBJECT_WAITING_FOR_WORLD_COLLISION,0x00238854,FUN_00238854,0x00000000,0,0,NUMERIC_SLOT_PRESENT_BOTH_UNVERIFIED
1273,COMMAND_SET_CHAR_SHUFFLE_INTO_DRIVERS_SEAT,0x002389b8,FUN_002389b8,0x00000000,0,0,NUMERIC_SLOT_PRESENT_BOTH_UNVERIFIED
1274,COMMAND_ATTACH_CHAR_TO_OBJECT,0x002e7e1c,FUN_002e7e1c,0x00000000,0,0,NUMERIC_SLOT_PRESENT_BOTH_UNVERIFIED
1275,COMMAND_SET_CHAR_AS_PLAYER_FRIEND,0x0028992c,FUN_0028992c,0x00000000,0,0,NUMERIC_SLOT_PRESENT_BOTH_UNVERIFIED
1276,COMMAND_DISPLAY_NTH_ONSCREEN_COUNTER,0x00291530,FUN_00291530,0x00000000,0,0,NUMERIC_SLOT_PRESENT_BOTH_UNVERIFIED
1277,COMMAND_DISPLAY_NTH_ONSCREEN_COUNTER_WITH_STRING,0x002eff40,FUN_002eff40,0x00000000,0,0,NUMERIC_SLOT_PRESENT_BOTH_UNVERIFIED
1278,COMMAND_ADD_SET_PIECE,0x00291588,FUN_00291588,0x00000000,0,0,NUMERIC_SLOT_PRESENT_BOTH_UNVERIFIED
1279,COMMAND_SET_EXTRA_COLOURS,0x002915b4,FUN_002915b4,0x00000000,0,0,NUMERIC_SLOT_PRESENT_BOTH_UNVERIFIED
1280,COMMAND_CLEAR_EXTRA_COLOURS,0x0032cf80,FUN_0032cf80,0x00000000,0,0,NUMERIC_SLOT_PRESENT_BOTH_UNVERIFIED
1281,COMMAND_CLOSE_CAR_BOOT,0x0032cfe4,FUN_0032cfe4,0x00000000,0,0,NUMERIC_SLOT_PRESENT_BOTH_UNVERIFIED
1282,COMMAND_GET_WHEELIE_STATS,0x0032d04c,FUN_0032d04c,0x00000000,0,0,NUMERIC_SLOT_PRESENT_BOTH_UNVERIFIED
1283,COMMAND_DISARM_CHAR,0x0032d090,FUN_0032d090,0x00000000,0,0,NUMERIC_SLOT_PRESENT_BOTH_UNVERIFIED
1284,COMMAND_BURST_CAR_TYRE,0x0032d114,FUN_0032d114,0x00000000,0,0,NUMERIC_SLOT_PRESENT_BOTH_UNVERIFIED
1285,COMMAND_IS_CHAR_OBJ_NO_OBJ,0x0032d154,FUN_0032d154,0x00000000,0,0,NUMERIC_SLOT_PRESENT_BOTH_UNVERIFIED
1286,COMMAND_IS_PLAYER_WEARING,0x0032d1ec,FUN_0032d1ec,0x00000000,0,0,NUMERIC_SLOT_PRESENT_BOTH_UNVERIFIED
1287,COMMAND_SET_PLAYER_CAN_DO_DRIVE_BY,0x00289970,FUN_00289970,0x00000000,0,0,NUMERIC_SLOT_PRESENT_BOTH_UNVERIFIED
1288,COMMAND_SET_CHAR_OBJ_SPRINT_TO_COORD,0x0032d268,FUN_0032d268,0x00000000,0,0,NUMERIC_SLOT_PRESENT_BOTH_UNVERIFIED
1289,COMMAND_CREATE_SWAT_ROPE,0x001dd760,FUN_001dd760,0x00000000,0,0,NUMERIC_SLOT_PRESENT_BOTH_UNVERIFIED
1290,COMMAND_SET_FIRST_PERSON_CONTROL_CAMERA,0x00082860,,0x00000000,0,0,NUMERIC_SLOT_PRESENT_BOTH_UNVERIFIED
1291,COMMAND_GET_NEAREST_TYRE_TO_POINT,0x00082874,,0x00000000,0,0,NUMERIC_SLOT_PRESENT_BOTH_UNVERIFIED
1292,COMMAND_SET_CAR_MODEL_COMPONENTS,0x00082888,,0x00000000,0,0,NUMERIC_SLOT_PRESENT_BOTH_UNVERIFIED
1293,COMMAND_SWITCH_LIFT_CAMERA,0x0008289c,,0x00000000,0,0,NUMERIC_SLOT_PRESENT_BOTH_UNVERIFIED
1294,COMMAND_CLOSE_ALL_CAR_DOORS,0x000828b0,FUN_000828b0,0x00000000,0,0,NUMERIC_SLOT_PRESENT_BOTH_UNVERIFIED
1295,COMMAND_GET_DISTANCE_BETWEEN_COORDS_2D,0x00082904,FUN_00082904,0x00000000,0,0,NUMERIC_SLOT_PRESENT_BOTH_UNVERIFIED
1296,COMMAND_GET_DISTANCE_BETWEEN_COORDS_3D,0x00082958,FUN_00082958,0x00000000,0,0,NUMERIC_SLOT_PRESENT_BOTH_UNVERIFIED
1297,COMMAND_POP_CAR_BOOT_USING_PHYSICS,0x000829ac,FUN_000829ac,0x00000000,0,0,NUMERIC_SLOT_PRESENT_BOTH_UNVERIFIED
1298,COMMAND_SET_FIRST_PERSON_WEAPON_CAMERA,0x00082a00,FUN_00082a00,0x00000000,0,0,NUMERIC_SLOT_PRESENT_BOTH_UNVERIFIED
1299,COMMAND_IS_CHAR_LEAVING_VEHICLE_TO_DIE,0x00082a54,FUN_00082a54,0x00000000,0,0,NUMERIC_SLOT_PRESENT_BOTH_UNVERIFIED
1300,COMMAND_SORT_OUT_OBJECT_COLLISION_WITH_CAR,0x00082aa8,FUN_00082aa8,0x00000000,0,0,NUMERIC_SLOT_PRESENT_BOTH_UNVERIFIED
1301,COMMAND_GET_MAX_WANTED_LEVEL,0x00082afc,FUN_00082afc,0x00000000,0,0,NUMERIC_SLOT_PRESENT_BOTH_UNVERIFIED
1302,COMMAND_IS_CHAR_WANDER_PATH_CLEAR,0x00082b50,FUN_00082b50,0x00000000,0,0,NUMERIC_SLOT_PRESENT_BOTH_UNVERIFIED
1303,COMMAND_PRINT_HELP_WITH_NUMBER,0x00082ba4,FUN_00082ba4,0x00000000,0,0,NUMERIC_SLOT_PRESENT_BOTH_UNVERIFIED
1304,COMMAND_PRINT_HELP_FOREVER,0x00082bf8,FUN_00082bf8,0x00000000,0,0,NUMERIC_SLOT_PRESENT_BOTH_UNVERIFIED
1305,COMMAND_PRINT_HELP_FOREVER_WITH_NUMBER,0x00082c4c,FUN_00082c4c,0x00000000,0,0,NUMERIC_SLOT_PRESENT_BOTH_UNVERIFIED
1306,COMMAND_SET_CHAR_CAN_BE_DAMAGED_BY_MEMBERS_OF_GANG,0x00082ca0,FUN_00082ca0,0x00000000,0,0,NUMERIC_SLOT_PRESENT_BOTH_UNVERIFIED
1307,COMMAND_LOAD_AND_LAUNCH_MISSION_EXCLUSIVE,0x00082cf4,FUN_00082cf4,0x00000000,0,0,NUMERIC_SLOT_PRESENT_BOTH_UNVERIFIED
1308,COMMAND_IS_MISSION_AUDIO_PLAYING,0x00082d48,FUN_00082d48,0x00000000,0,0,NUMERIC_SLOT_PRESENT_BOTH_UNVERIFIED
1309,COMMAND_CREATE_LOCKED_PROPERTY_PICKUP,0x00082d94,FUN_00082d94,0x00000000,0,0,NUMERIC_SLOT_PRESENT_BOTH_UNVERIFIED
1310,COMMAND_CREATE_FORSALE_PROPERTY_PICKUP,0x00082de0,FUN_00082de0,0x00000000,0,0,NUMERIC_SLOT_PRESENT_BOTH_UNVERIFIED
1311,COMMAND_FREEZE_CAR_POSITION,0x00082e2c,FUN_00082e2c,0x00000000,0,0,NUMERIC_SLOT_PRESENT_BOTH_UNVERIFIED
1312,COMMAND_HAS_CHAR_BEEN_DAMAGED_BY_CHAR,0x00082e78,FUN_00082e78,0x00000000,0,0,NUMERIC_SLOT_PRESENT_BOTH_UNVERIFIED
1313,COMMAND_HAS_CHAR_BEEN_DAMAGED_BY_CAR,0x00082ec4,FUN_00082ec4,0x00000000,0,0,NUMERIC_SLOT_PRESENT_BOTH_UNVERIFIED
1314,COMMAND_HAS_CAR_BEEN_DAMAGED_BY_CHAR,0x00082f10,FUN_00082f10,0x00000000,0,0,NUMERIC_SLOT_PRESENT_BOTH_UNVERIFIED
1315,COMMAND_HAS_CAR_BEEN_DAMAGED_BY_CAR,0x00080df8,FUN_00080df8,0x00000000,0,0,NUMERIC_SLOT_PRESENT_BOTH_UNVERIFIED
1316,COMMAND_GET_RADIO_CHANNEL,0x0018c288,FUN_0018c288,0x00000000,0,0,NUMERIC_SLOT_PRESENT_BOTH_UNVERIFIED
1317,COMMAND_DISPLAY_TEXT_WITH_3_NUMBERS,0x0018c304,FUN_0018c304,0x00000000,0,0,NUMERIC_SLOT_PRESENT_BOTH_UNVERIFIED
1318,COMMAND_IS_CAR_DROWNING_IN_WATER,0x00080e68,FUN_00080e68,0x00000000,0,0,NUMERIC_SLOT_PRESENT_BOTH_UNVERIFIED
1319,COMMAND_IS_CHAR_DROWNING_IN_WATER,0x0032d2dc,FUN_0032d2dc,0x00000000,0,0,NUMERIC_SLOT_PRESENT_BOTH_UNVERIFIED
1320,COMMAND_DISABLE_CUTSCENE_SHADOWS,0x00080f08,FUN_00080f08,0x00000000,0,0,NUMERIC_SLOT_PRESENT_BOTH_UNVERIFIED
1321,COMMAND_HAS_GLASS_BEEN_SHATTERED_NEARBY,0x00080f94,FUN_00080f94,0x00000000,0,0,NUMERIC_SLOT_PRESENT_BOTH_UNVERIFIED
1322,COMMAND_ATTACH_CUTSCENE_OBJECT_TO_BONE,0x00081040,FUN_00081040,0x00000000,0,0,NUMERIC_SLOT_PRESENT_BOTH_UNVERIFIED
1323,COMMAND_ATTACH_CUTSCENE_OBJECT_TO_COMPONENT,0x00082f5c,FUN_00082f5c,0x00000000,0,0,NUMERIC_SLOT_PRESENT_BOTH_UNVERIFIED
1324,COMMAND_SET_CHAR_STAY_IN_CAR_WHEN_JACKED,0x00082fb0,FUN_00082fb0,0x00000000,0,0,NUMERIC_SLOT_PRESENT_BOTH_UNVERIFIED
1325,COMMAND_IS_MISSION_AUDIO_LOADING,0x0012f9bc,FUN_0012f9bc,0x00000000,0,0,NUMERIC_SLOT_PRESENT_BOTH_UNVERIFIED
1326,COMMAND_ADD_MONEY_SPENT_ON_WEAPONS,0x002899c0,FUN_002899c0,0x00000000,0,0,NUMERIC_SLOT_PRESENT_BOTH_UNVERIFIED
1327,COMMAND_ADD_MONEY_SPENT_ON_PROPERTY,0x001dd7f0,FUN_001dd7f0,0x00000000,0,0,NUMERIC_SLOT_PRESENT_BOTH_UNVERIFIED
1328,COMMAND_ADD_MONEY_SPENT_ON_AUTO_PAINTING,0x0029b920,FUN_0029b920,0x00000000,0,0,NUMERIC_SLOT_PRESENT_BOTH_UNVERIFIED
1329,COMMAND_SET_CHAR_ANSWERING_MOBILE,0x0032d3b0,FUN_0032d3b0,0x00000000,0,0,NUMERIC_SLOT_PRESENT_BOTH_UNVERIFIED
1330,COMMAND_SET_PLAYER_DRUNKENNESS,0x001dd810,FUN_001dd810,0x00000000,0,0,NUMERIC_SLOT_PRESENT_BOTH_UNVERIFIED
1331,COMMAND_GET_PLAYER_DRUNKENNESS,0x002e7e8c,FUN_002e7e8c,0x00000000,0,0,NUMERIC_SLOT_PRESENT_BOTH_UNVERIFIED
1332,COMMAND_SET_PLAYER_DRUG_LEVEL,0x002e7f78,FUN_002e7f78,0x00000000,0,0,NUMERIC_SLOT_PRESENT_BOTH_UNVERIFIED
1333,COMMAND_GET_PLAYER_DRUG_LEVEL,0x00083004,FUN_00083004,0x00000000,0,0,NUMERIC_SLOT_PRESENT_BOTH_UNVERIFIED
1334,COMMAND_ADD_LOAN_SHARK_VISITS,0x00083074,FUN_00083074,0x00000000,0,0,NUMERIC_SLOT_PRESENT_BOTH_UNVERIFIED
1335,COMMAND_ADD_STORES_KNOCKED_OFF,0x000830e4,FUN_000830e4,0x00000000,0,0,NUMERIC_SLOT_PRESENT_BOTH_UNVERIFIED
1336,COMMAND_ADD_MOVIE_STUNTS,0x00083130,FUN_00083130,0x00000000,0,0,NUMERIC_SLOT_PRESENT_BOTH_UNVERIFIED
1337,COMMAND_ADD_NUMBER_OF_ASSASSINATIONS,0x0008317c,FUN_0008317c,0x00000000,0,0,NUMERIC_SLOT_PRESENT_BOTH_UNVERIFIED
1338,COMMAND_ADD_PIZZAS_DELIVERED,0x000831ec,FUN_000831ec,0x00000000,0,0,NUMERIC_SLOT_PRESENT_BOTH_UNVERIFIED
1339,COMMAND_ADD_GARBAGE_PICKUPS,0x00083238,FUN_00083238,0x00000000,0,0,NUMERIC_SLOT_PRESENT_BOTH_UNVERIFIED
1340,COMMAND_ADD_ICE_CREAMS_SOLD,0x00083284,FUN_00083284,0x00000000,0,0,NUMERIC_SLOT_PRESENT_BOTH_UNVERIFIED
1341,COMMAND_SET_TOP_SHOOTING_RANGE_SCORE,0x000832d8,FUN_000832d8,0x00000000,0,0,NUMERIC_SLOT_PRESENT_BOTH_UNVERIFIED
1342,COMMAND_ADD_SHOOTING_RANGE_RANK,0x0008332c,FUN_0008332c,0x00000000,0,0,NUMERIC_SLOT_PRESENT_BOTH_UNVERIFIED
1343,COMMAND_ADD_MONEY_SPENT_ON_GAMBLING,0x00289a2c,FUN_00289a2c,0x00000000,0,0,NUMERIC_SLOT_PRESENT_BOTH_UNVERIFIED
1344,COMMAND_ADD_MONEY_WON_ON_GAMBLING,0x00289a6c,FUN_00289a6c,0x00000000,0,0,NUMERIC_SLOT_PRESENT_BOTH_UNVERIFIED
1345,COMMAND_SET_LARGEST_GAMBLING_WIN,0x002e7fc8,FUN_002e7fc8,0x00000000,0,0,NUMERIC_SLOT_PRESENT_BOTH_UNVERIFIED
1346,COMMAND_SET_CHAR_IN_PLAYERS_GROUP_CAN_FIGHT,0x0032d41c,FUN_0032d41c,0x00000000,0,0,NUMERIC_SLOT_PRESENT_BOTH_UNVERIFIED
1347,COMMAND_CLEAR_CHAR_WAIT_STATE,0x0032d490,FUN_0032d490,0x00000000,0,0,NUMERIC_SLOT_PRESENT_BOTH_UNVERIFIED
1348,COMMAND_GET_RANDOM_CAR_OF_TYPE_IN_AREA_NO_SAVE,0x0012fcbc,FUN_0012fcbc,0x00000000,0,0,NUMERIC_SLOT_PRESENT_BOTH_UNVERIFIED
1349,COMMAND_SET_CAN_BURST_CAR_TYRES,0x0031a794,FUN_0031a794,0x00000000,0,0,NUMERIC_SLOT_PRESENT_BOTH_UNVERIFIED
1350,COMMAND_SET_PLAYER_AUTO_AIM,0x00083380,FUN_00083380,0x00000000,0,0,NUMERIC_SLOT_PRESENT_BOTH_UNVERIFIED
1351,COMMAND_FIRE_HUNTER_GUN,0x00291614,FUN_00291614,0x00000000,0,0,NUMERIC_SLOT_PRESENT_BOTH_UNVERIFIED
1352,COMMAND_SET_PROPERTY_AS_OWNED,0x001dd880,FUN_001dd880,0x00000000,0,0,NUMERIC_SLOT_PRESENT_BOTH_UNVERIFIED
1353,COMMAND_ADD_BLOOD_RING_KILLS,0x001dd910,FUN_001dd910,0x00000000,0,0,NUMERIC_SLOT_PRESENT_BOTH_UNVERIFIED
1354,COMMAND_SET_LONGEST_TIME_IN_BLOOD_RING,0x002ee7bc,FUN_002ee7bc,0x00000000,0,0,NUMERIC_SLOT_PRESENT_BOTH_UNVERIFIED
1355,COMMAND_REMOVE_EVERYTHING_FOR_HUGE_CUTSCENE,0x0032d504,FUN_0032d504,0x00000000,0,0,NUMERIC_SLOT_PRESENT_BOTH_UNVERIFIED
1356,COMMAND_IS_PLAYER_TOUCHING_VEHICLE,0x000833d4,FUN_000833d4,0x00000000,0,0,NUMERIC_SLOT_PRESENT_BOTH_UNVERIFIED
1357,COMMAND_IS_CHAR_TOUCHING_VEHICLE,0x0032d598,FUN_0032d598,0x00000000,0,0,NUMERIC_SLOT_PRESENT_BOTH_UNVERIFIED
1358,COMMAND_CHECK_FOR_PED_MODEL_AROUND_PLAYER,0x001dd96c,FUN_001dd96c,0x00000000,0,0,NUMERIC_SLOT_PRESENT_BOTH_UNVERIFIED
1359,COMMAND_CLEAR_CHAR_FOLLOW_PATH,0x001dd9a4,,0x00000000,0,0,NUMERIC_SLOT_PRESENT_BOTH_UNVERIFIED
1360,COMMAND_SET_CHAR_CAN_BE_SHOT_IN_VEHICLE,0x000834d4,FUN_000834d4,0x00000000,0,0,NUMERIC_SLOT_PRESENT_BOTH_UNVERIFIED
1361,COMMAND_ATTACH_CUTSCENE_OBJECT_TO_VEHICLE,0x00083518,FUN_00083518,0x00000000,0,0,NUMERIC_SLOT_PRESENT_BOTH_UNVERIFIED
1362,COMMAND_LOAD_MISSION_TEXT,0x0008355c,FUN_0008355c,0x00000000,0,0,NUMERIC_SLOT_PRESENT_BOTH_UNVERIFIED
1363,COMMAND_SET_TONIGHTS_EVENT,0x000835b0,FUN_000835b0,0x00000000,0,0,NUMERIC_SLOT_PRESENT_BOTH_UNVERIFIED
1364,COMMAND_CLEAR_CHAR_LAST_DAMAGE_ENTITY,0x000835f4,FUN_000835f4,0x00000000,0,0,NUMERIC_SLOT_PRESENT_BOTH_UNVERIFIED
1365,COMMAND_CLEAR_CAR_LAST_DAMAGE_ENTITY,0x0029b964,FUN_0029b964,0x00000000,0,0,NUMERIC_SLOT_PRESENT_BOTH_UNVERIFIED
1366,COMMAND_FREEZE_OBJECT_POSITION,0x0001699c,FUN_0001699c,0x00000000,0,0,NUMERIC_SLOT_PRESENT_BOTH_UNVERIFIED
1367,COMMAND_SET_PLAYER_HAS_MET_DEBBIE_HARRY,0x0032d60c,FUN_0032d60c,0x00000000,0,0,NUMERIC_SLOT_PRESENT_BOTH_UNVERIFIED
1368,COMMAND_SET_RIOT_INTENSITY,0x0032d680,FUN_0032d680,0x00000000,0,0,NUMERIC_SLOT_PRESENT_BOTH_UNVERIFIED
1369,COMMAND_IS_CAR_IN_ANGLED_AREA_2D,0x00210d04,FUN_00210d04,0x00000000,0,0,NUMERIC_SLOT_PRESENT_BOTH_UNVERIFIED
1370,COMMAND_IS_CAR_IN_ANGLED_AREA_3D,0x0009e4c8,FUN_0009e4c8,0x00000000,0,0,NUMERIC_SLOT_PRESENT_BOTH_UNVERIFIED
1371,COMMAND_REMOVE_WEAPON_FROM_CHAR,,,,,,LCS_SOURCE_ONLY
1372,COMMAND_SET_UP_TAXI_SHORTCUT,,,,,,LCS_SOURCE_ONLY
1373,COMMAND_CLEAR_TAXI_SHORTCUT,,,,,,LCS_SOURCE_ONLY
1374,COMMAND_SET_CHAR_OBJ_GOTO_CAR_ON_FOOT,,,,,,LCS_SOURCE_ONLY
1375,COMMAND_GET_CLOSEST_WATER_NODE,,,,,,LCS_SOURCE_ONLY
1376,COMMAND_ADD_PORN_LEAFLET_TO_RUBBISH,,,,,,LCS_SOURCE_ONLY
1377,COMMAND_CREATE_CLOTHES_PICKUP,,,,,,LCS_SOURCE_ONLY
1378,COMMAND_CHANGE_BLIP_THRESHOLD,,,,,,LCS_SOURCE_ONLY
1379,COMMAND_MAKE_PLAYER_FIRE_PROOF,,,,,,LCS_SOURCE_ONLY
1380,COMMAND_INCREASE_PLAYER_MAX_HEALTH,,,,,,LCS_SOURCE_ONLY
1381,COMMAND_INCREASE_PLAYER_MAX_ARMOUR,,,,,,LCS_SOURCE_ONLY
1382,COMMAND_CREATE_RANDOM_CHAR_AS_DRIVER,,,,,,LCS_SOURCE_ONLY
1383,COMMAND_CREATE_RANDOM_CHAR_AS_PASSENGER,,,,,,LCS_SOURCE_ONLY
1384,COMMAND_SET_CHAR_IGNORE_THREATS_BEHIND_OBJECTS,,,,,,LCS_SOURCE_ONLY
1385,COMMAND_ENSURE_PLAYER_HAS_DRIVE_BY_WEAPON,,,,,,LCS_SOURCE_ONLY
1386,COMMAND_MAKE_HELI_COME_CRASHING_DOWN,,,,,,LCS_SOURCE_ONLY
1387,COMMAND_ADD_EXPLOSION_NO_SOUND,,,,,,LCS_SOURCE_ONLY
1388,COMMAND_SET_OBJECT_AREA_VISIBLE,,,,,,LCS_SOURCE_ONLY
1389,COMMAND_WAS_VEHICLE_EVER_POLICE,,,,,,LCS_SOURCE_ONLY
1390,COMMAND_SET_CHAR_NEVER_TARGETTED,,,,,,LCS_SOURCE_ONLY
1391,COMMAND_LOAD_UNCOMPRESSED_ANIM,,,,,,LCS_SOURCE_ONLY
1392,COMMAND_WAS_CUTSCENE_SKIPPED,,,,,,LCS_SOURCE_ONLY
1393,COMMAND_SET_CHAR_CROUCH_WHEN_THREATENED,,,,,,LCS_SOURCE_ONLY
1394,COMMAND_IS_CHAR_IN_ANY_POLICE_VEHICLE,,,,,,LCS_SOURCE_ONLY
1395,COMMAND_DOES_CHAR_EXIST,,,,,,LCS_SOURCE_ONLY
1396,COMMAND_DOES_VEHICLE_EXIST,,,,,,LCS_SOURCE_ONLY
1397,COMMAND_ADD_SHORT_RANGE_BLIP_FOR_CONTACT_POINT,,,,,,LCS_SOURCE_ONLY
1398,COMMAND_ADD_SHORT_RANGE_SPRITE_BLIP_FOR_CONTACT_POINT,,,,,,LCS_SOURCE_ONLY
1399,COMMAND_IS_CHAR_STUCK,,,,,,LCS_SOURCE_ONLY
1400,COMMAND_SET_ALL_TAXIS_HAVE_NITRO,,,,,,LCS_SOURCE_ONLY
1401,COMMAND_SET_CHAR_STOP_SHOOT_DONT_SEEK_ENTITY,,,,,,LCS_SOURCE_ONLY
1402,COMMAND_FREEZE_CAR_POSITION_AND_DONT_LOAD_COLLISION,,,,,,LCS_SOURCE_ONLY
1403,COMMAND_FREEZE_CHAR_POSITION_AND_DONT_LOAD_COLLISION,,,,,,LCS_SOURCE_ONLY
1404,COMMAND_FREEZE_OBJECT_POSITION_AND_DONT_LOAD_COLLISION,,,,,,LCS_SOURCE_ONLY
1405,COMMAND_SET_FADE_AND_JUMPCUT_AFTER_RC_EXPLOSION,,,,,,LCS_SOURCE_ONLY
1406,COMMAND_REGISTER_VIGILANTE_LEVEL,,,,,,LCS_SOURCE_ONLY
1407,COMMAND_CLEAR_ALL_CHAR_ANIMS,,,,,,LCS_SOURCE_ONLY
1408,COMMAND_SET_MAXIMUM_NUMBER_OF_CARS_IN_GARAGE,,,,,,LCS_SOURCE_ONLY
1409,COMMAND_WANTED_STARS_ARE_FLASHING,,,,,,LCS_SOURCE_ONLY
1410,COMMAND_SET_ALLOW_HURRICANES,,,,,,LCS_SOURCE_ONLY
1411,COMMAND_PLAY_ANNOUNCEMENT,,,,,,LCS_SOURCE_ONLY
1412,COMMAND_SET_PLAYER_IS_IN_STADIUM,,,,,,LCS_SOURCE_ONLY
1413,COMMAND_GET_BUS_FARES_COLLECTED_BY_PLAYER,,,,,,LCS_SOURCE_ONLY
1414,COMMAND_SET_CHAR_OBJ_BUY_ICE_CREAM,,,,,,LCS_SOURCE_ONLY
1415,COMMAND_DISPLAY_RADAR,,,,,,LCS_SOURCE_ONLY
1416,COMMAND_REGISTER_BEST_POSITION,,,,,,LCS_SOURCE_ONLY
1417,COMMAND_IS_PLAYER_IN_INFO_ZONE,,,,,,LCS_SOURCE_ONLY
1418,COMMAND_CLEAR_CHAR_ICE_CREAM_PURCHASE,,,,,,LCS_SOURCE_ONLY
1419,COMMAND_IS_IN_CAR_FIRE_BUTTON_PRESSED,,,,,,LCS_SOURCE_ONLY
1420,COMMAND_HAS_CHAR_ATTEMPTED_ATTRACTOR,,,,,,LCS_SOURCE_ONLY
1421,COMMAND_SET_LOAD_COLLISION_FOR_CAR_FLAG,,,,,,LCS_SOURCE_ONLY
1422,COMMAND_SET_LOAD_COLLISION_FOR_CHAR_FLAG,,,,,,LCS_SOURCE_ONLY
1423,COMMAND_SET_LOAD_COLLISION_FOR_OBJECT_FLAG,,,,,,LCS_SOURCE_ONLY
1424,COMMAND_ADD_BIG_GUN_FLASH,,,,,,LCS_SOURCE_ONLY
1425,COMMAND_HAS_CHAR_BOUGHT_ICE_CREAM,,,,,,LCS_SOURCE_ONLY
1426,COMMAND_GET_PROGRESS_PERCENTAGE,,,,,,LCS_SOURCE_ONLY
1427,COMMAND_SET_SHORTCUT_PICKUP_POINT,,,,,,LCS_SOURCE_ONLY
1428,COMMAND_SET_SHORTCUT_DROPOFF_POINT_FOR_MISSION,,,,,,LCS_SOURCE_ONLY
1429,COMMAND_GET_RANDOM_ICE_CREAM_CUSTOMER_IN_AREA,,,,,,LCS_SOURCE_ONLY
1430,COMMAND_GET_RANDOM_ICE_CREAM_CUSTOMER_IN_ZONE,,,,,,LCS_SOURCE_ONLY
1431,COMMAND_UNLOCK_ALL_CAR_DOORS_IN_AREA,,,,,,LCS_SOURCE_ONLY
1432,COMMAND_SET_GANG_ATTACK_PLAYER_WITH_COPS,,,,,,LCS_SOURCE_ONLY
1433,COMMAND_SET_CHAR_FRIGHTENED_IN_JACKED_CAR,,,,,,LCS_SOURCE_ONLY
1434,COMMAND_SET_VEHICLE_TO_FADE_IN,,,,,,LCS_SOURCE_ONLY
1435,COMMAND_REGISTER_ODDJOB_MISSION_PASSED,,,,,,LCS_SOURCE_ONLY
1436,COMMAND_IS_PLAYER_IN_SHORTCUT_TAXI,,,,,,LCS_SOURCE_ONLY
1437,COMMAND_IS_CHAR_DUCKING,,,,,,LCS_SOURCE_ONLY
1438,COMMAND_CREATE_DUST_EFFECT_FOR_CUTSCENE_HELI,,,,,,LCS_SOURCE_ONLY
1439,COMMAND_REGISTER_FIRE_LEVEL,,,,,,LCS_SOURCE_ONLY
1440,COMMAND_IS_AUSTRALIAN_GAME,,,,,,LCS_SOURCE_ONLY
1441,COMMAND_DISARM_CAR_BOMB,,,,,,LCS_SOURCE_ONLY
1442,COMMAND_IS_JAPANESE_GAME,,,,,,LCS_SOURCE_ONLY
1443,COMMAND_1442,,,,,,LCS_SOURCE_ONLY
1444,COMMAND_1443,,,,,,LCS_SOURCE_ONLY
1445,COMMAND_GET_DISTANCE_BETWEEN_2D_POINTS,,,,,,LCS_SOURCE_ONLY
1446,COMMAND_GET_DISTANCE_BETWEEN_3D_POINTS,,,,,,LCS_SOURCE_ONLY
1447,COMMAND_DOT_PRODUCT_2D,,,,,,LCS_SOURCE_ONLY
1448,COMMAND_DOT_PRODUCT_3D,,,,,,LCS_SOURCE_ONLY
1449,COMMAND_DEBUG_PRINT_WITH_1_FLOAT,,,,,,LCS_SOURCE_ONLY
1450,COMMAND_DEBUG_PRINT_WITH_2_FLOATS,,,,,,LCS_SOURCE_ONLY
1451,COMMAND_DEBUG_PRINT_WITH_3_FLOATS,,,,,,LCS_SOURCE_ONLY
1452,COMMAND_GET_PAD_BUTTON_STATE,,,,,,LCS_SOURCE_ONLY
1453,COMMAND_SET_NAVIGATION_ARROW,,,,,,LCS_SOURCE_ONLY
1454,COMMAND_CLEAR_NAVIGATION_ARROW,,,,,,LCS_SOURCE_ONLY
1455,COMMAND_CALL,,,,,,LCS_SOURCE_ONLY
1456,COMMAND_CALLNOT,,,,,,LCS_SOURCE_ONLY
1457,COMMAND_IS_CAR_AUTOMOBILE,,,,,,LCS_SOURCE_ONLY
1458,COMMAND_IS_CAR_BIKE,,,,,,LCS_SOURCE_ONLY
1459,COMMAND_IS_CAR_PLANE,,,,,,LCS_SOURCE_ONLY
1460,COMMAND_IS_CAR_HELI,,,,,,LCS_SOURCE_ONLY
1461,COMMAND_1460,,,,,,LCS_SOURCE_ONLY
1462,COMMAND_1461,,,,,,LCS_SOURCE_ONLY
1463,COMMAND_1462,,,,,,LCS_SOURCE_ONLY
1464,COMMAND_1463,,,,,,LCS_SOURCE_ONLY
1465,COMMAND_1464,,,,,,LCS_SOURCE_ONLY
1466,COMMAND_1465,,,,,,LCS_SOURCE_ONLY
1467,COMMAND_1466,,,,,,LCS_SOURCE_ONLY
1468,COMMAND_1467,,,,,,LCS_SOURCE_ONLY
1469,COMMAND_1468,,,,,,LCS_SOURCE_ONLY
1470,COMMAND_1469,,,,,,LCS_SOURCE_ONLY
1471,COMMAND_1470,,,,,,LCS_SOURCE_ONLY
1472,COMMAND_1471,,,,,,LCS_SOURCE_ONLY
1473,COMMAND_1472,,,,,,LCS_SOURCE_ONLY
1474,COMMAND_1473,,,,,,LCS_SOURCE_ONLY
1475,COMMAND_1474,,,,,,LCS_SOURCE_ONLY
1476,COMMAND_1475,,,,,,LCS_SOURCE_ONLY
1477,COMMAND_1476,,,,,,LCS_SOURCE_ONLY
1478,COMMAND_RETURN_IF_TRUE,,,,,,LCS_SOURCE_ONLY
1479,COMMAND_RETURN_TRUE_IF_TRUE,,,,,,LCS_SOURCE_ONLY
1480,COMMAND_SET_CHAR_ONLY_ALLOWED_TO_SIT_BEHIND,,,,,,LCS_SOURCE_ONLY
1481,COMMAND_SET_RC_HELI_HEIGHT_LIMIT,,,,,,LCS_SOURCE_ONLY
1482,COMMAND_CREATE_SCRIPT_CORONA,,,,,,LCS_SOURCE_ONLY
1483,COMMAND_REMOVE_SCRIPT_CORONA,,,,,,LCS_SOURCE_ONLY
1484,COMMAND_IS_BOAT_IN_WATER,,,,,,LCS_SOURCE_ONLY
1485,COMMAND_IS_CAR_DRIVER_BEING_JACKED,,,,,,LCS_SOURCE_ONLY
1486,COMMAND_SET_CHAR_ONLY_ALLOWED_TO_SIT_IN_FRONT,,,,,,LCS_SOURCE_ONLY
1487,COMMAND_SET_CAR_TILTED_BY_CHAR,,,,,,LCS_SOURCE_ONLY
1488,COMMAND_GET_WEAPON_TYPE_FOR_PICKUP_IN_AREA,,,,,,LCS_SOURCE_ONLY
1489,COMMAND_IS_PLAYER_USING_FIRST_PERSON_WEAPON_CAMERA,,,,,,LCS_SOURCE_ONLY
1490,COMMAND_1489,,,,,,LCS_SOURCE_ONLY
1491,COMMAND_1490,,,,,,LCS_SOURCE_ONLY
1492,COMMAND_1491,,,,,,LCS_SOURCE_ONLY
1493,COMMAND_SET_DEBUG_MENU_ACTIVE,,,,,,LCS_SOURCE_ONLY
1494,COMMAND_SET_DRAW_HUD,,,,,,LCS_SOURCE_ONLY
1495,COMMAND_GET_RANDOM_CHAR_IN_AREA_NO_CHECKS,,,,,,LCS_SOURCE_ONLY
1496,COMMAND_GET_RANDOM_CAR_IN_AREA_NO_CHECKS_NO_SAVE,,,,,,LCS_SOURCE_ONLY
1497,COMMAND_STORE_CAR_COLLIDED_WITH_NO_SAVE,,,,,,LCS_SOURCE_ONLY
1498,COMMAND_DISABLE_FERRY_PATH,,,,,,LCS_SOURCE_ONLY
1499,COMMAND_ENABLE_FERRY_PATH,,,,,,LCS_SOURCE_ONLY
1500,COMMAND_GET_CLOSEST_DOCKED_FERRY,,,,,,LCS_SOURCE_ONLY
1501,COMMAND_OPEN_FERRY_DOOR,,,,,,LCS_SOURCE_ONLY
1502,COMMAND_CLOSE_FERRY_DOOR,,,,,,LCS_SOURCE_ONLY
1503,COMMAND_IS_FERRY_DOOR_OPEN,,,,,,LCS_SOURCE_ONLY
1504,COMMAND_IS_FERRY_DOOR_CLOSED,,,,,,LCS_SOURCE_ONLY
1505,COMMAND_SKIP_FERRY_TO_NEXT_DOCK,,,,,,LCS_SOURCE_ONLY
1506,COMMAND_SET_CHAR_DROPS_WEAPONS_ON_DEATH,,,,,,LCS_SOURCE_ONLY
1507,COMMAND_IS_CHAR_CROUCHING,,,,,,LCS_SOURCE_ONLY
1508,COMMAND_GET_FERRY_BOARDING_SPACE,,,,,,LCS_SOURCE_ONLY
1509,COMMAND_GET_FERRY_HEADING,,,,,,LCS_SOURCE_ONLY
1510,COMMAND_SET_FERRIES_DISABLED,,,,,,LCS_SOURCE_ONLY
1511,COMMAND_COMPLETE_FERRY_DOOR_MOVEMENT,,,,,,LCS_SOURCE_ONLY
1512,COMMAND_OVERRIDE_CAR_REMOTE_CONTROL,,,,,,LCS_SOURCE_ONLY
1513,COMMAND_CANCEL_REMOTE_MODE,,,,,,LCS_SOURCE_ONLY
1514,COMMAND_REGISTER_CAR_SOLD,,,,,,LCS_SOURCE_ONLY
1515,COMMAND_ADD_MONEY_MADE_WITH_CAR_SALES,,,,,,LCS_SOURCE_ONLY
1516,COMMAND_SET_BRIDGE_STATE,,,,,,LCS_SOURCE_ONLY
1517,COMMAND_SET_OBJECT_TURN_SPEED,,,,,,LCS_SOURCE_ONLY
1518,COMMAND_SET_OBJECT_MASS,,,,,,LCS_SOURCE_ONLY
1519,COMMAND_HAS_CUTSCENE_LOADED,,,,,,LCS_SOURCE_ONLY
1520,COMMAND_SET_UNIQUE_JUMPS_FOUND,,,,,,LCS_SOURCE_ONLY
1521,COMMAND_SET_HIDDEN_PACKAGES_COLLECTED,,,,,,LCS_SOURCE_ONLY
1522,COMMAND_REGISTER_BIKE_SOLD,,,,,,LCS_SOURCE_ONLY
1523,COMMAND_ADD_MONEY_MADE_WITH_BIKE_SALES,,,,,,LCS_SOURCE_ONLY
1524,COMMAND_REGISTER_PACKAGE_SMUGGLED,,,,,,LCS_SOURCE_ONLY
1525,COMMAND_REGISTER_SMUGGLER_WASTED,,,,,,LCS_SOURCE_ONLY
1526,COMMAND_REGISTER_FASTEST_SMUGGLING_TIME,,,,,,LCS_SOURCE_ONLY
1527,COMMAND_SET_CHAR_DIVE_FROM_CAR,,,,,,LCS_SOURCE_ONLY
1528,COMMAND_WRECK_CAR,,,,,,LCS_SOURCE_ONLY
1529,COMMAND_ADD_MONEY_MADE_IN_COACH,,,,,,LCS_SOURCE_ONLY
1530,COMMAND_ADD_MONEY_MADE_COLLECTING_TRASH,,,,,,LCS_SOURCE_ONLY
1531,COMMAND_REGISTER_HITMAN_KILLED,,,,,,LCS_SOURCE_ONLY
1532,COMMAND_REGISTER_GUARDIAN_ANGEL_MISSION_PASSED,,,,,,LCS_SOURCE_ONLY
1533,COMMAND_REGISTER_HIGHEST_GUARDIAN_ANGEL_JUSTICE_DISHED,,,,,,LCS_SOURCE_ONLY
1534,COMMAND_REGISTER_BEST_BANDIT_LAP_TIME,,,,,,LCS_SOURCE_ONLY
1535,COMMAND_REGISTER_BEST_BANDIT_POSITION,,,,,,LCS_SOURCE_ONLY
1536,COMMAND_REGISTER_MOST_TIME_LEFT_TRAIN_RACE,,,,,,LCS_SOURCE_ONLY
1537,COMMAND_REGISTER_HIGHEST_TRAIN_CASH_EARNED,,,,,,LCS_SOURCE_ONLY
1538,COMMAND_REGISTER_FASTEST_HELI_RACE_TIME,,,,,,LCS_SOURCE_ONLY
1539,COMMAND_REGISTER_BEST_HELI_RACE_POSITION,,,,,,LCS_SOURCE_ONLY
1540,COMMAND_REGISTER_OUTFIT_CHANGE,,,,,,LCS_SOURCE_ONLY
1541,COMMAND_REGISTER_STREET_RACE_FASTEST_TIME,,,,,,LCS_SOURCE_ONLY
1542,COMMAND_REGISTER_STREET_RACE_FASTEST_LAP,,,,,,LCS_SOURCE_ONLY
1543,COMMAND_REGISTER_STREET_RACE_BEST_POSITION,,,,,,LCS_SOURCE_ONLY
1544,COMMAND_HAS_OBJECT_BEEN_DAMAGED_BY_WEAPON,,,,,,LCS_SOURCE_ONLY
1545,COMMAND_CLEAR_OBJECT_LAST_WEAPON_DAMAGE,,,,,,LCS_SOURCE_ONLY
1546,COMMAND_SET_CAR_TURN_SPEED,,,,,,LCS_SOURCE_ONLY
1547,COMMAND_SET_CAR_MOVE_SPEED,,,,,,LCS_SOURCE_ONLY
1548,COMMAND_SET_OBJECT_PROOFS,,,,,,LCS_SOURCE_ONLY
1549,COMMAND_GET_CAMERA_PED_ZOOM_INDICATOR,,,,,,LCS_SOURCE_ONLY
1550,COMMAND_SET_CAMERA_PED_ZOOM_INDICATOR,,,,,,LCS_SOURCE_ONLY
1551,COMMAND_GET_CAR_ORIENTATION,,,,,,LCS_SOURCE_ONLY
1552,COMMAND_SET_CAR_ORIENTATION,,,,,,LCS_SOURCE_ONLY
1553,COMMAND_IS_DEBUG_MENU_ON,,,,,,LCS_SOURCE_ONLY
1554,COMMAND_OPEN_VAN_BACK_DOORS,,,,,,LCS_SOURCE_ONLY
1555,COMMAND_GET_CHAR_THREAT_CHAR,,,,,,LCS_SOURCE_ONLY
1556,COMMAND_FREEZE_PED_ZOOM_SWITCH,,,,,,LCS_SOURCE_ONLY
1557,COMMAND_SET_OBJECT_RENDERED_DAMAGED,,,,,,LCS_SOURCE_ONLY
1558,COMMAND_GET_RANDOM_CAR_IN_AREA_NO_SAVE,,,,,,LCS_SOURCE_ONLY
1559,COMMAND_IS_PLAYER_MADE_SAFE,,,,,,LCS_SOURCE_ONLY
1560,COMMAND_PRINT_IF_FREE,,,,,,LCS_SOURCE_ONLY
1561,COMMAND_IS_E3_BUILD,,,,,,LCS_SOURCE_ONLY
1562,COMMAND_DECLARE_FORT_STAUNTON_DESTROYED_FLAG,,,,,,LCS_SOURCE_ONLY
1563,COMMAND_CLEAR_BIG_MESSAGES,,,,,,LCS_SOURCE_ONLY
1564,COMMAND_CLEAR_AREA_OF_OBJECTS,,,,,,LCS_SOURCE_ONLY
1565,COMMAND_LOAD_NON_STANDARD_PED_ANIM,,,,,,LCS_SOURCE_ONLY
1566,COMMAND_UNLOAD_NON_STANDARD_PED_ANIM,,,,,,LCS_SOURCE_ONLY
1567,COMMAND_1566,,,,,,LCS_SOURCE_ONLY
1568,COMMAND_BUILD_WORLD_GEOMETRY,,,,,,LCS_SOURCE_ONLY
1569,COMMAND_STORE_BUILDING_SWAP,,,,,,LCS_SOURCE_ONLY
1570,COMMAND_IS_MULTIPLAYER_ACTIVE,,,,,,LCS_SOURCE_ONLY
1571,COMMAND_GET_MULTIPLAYER_MODE,,,,,,LCS_SOURCE_ONLY
1572,COMMAND_MULTIPLAYER_SCRIPT_DONE,,,,,,LCS_SOURCE_ONLY
1573,COMMAND_IS_MULTIPLAYER_SERVER,,,,,,LCS_SOURCE_ONLY
1574,COMMAND_IS_MULTIPLAYER_TEAM_GAME,,,,,,LCS_SOURCE_ONLY
1575,COMMAND_GET_MULTIPLAYER_TEAM_ID,,,,,,LCS_SOURCE_ONLY
1576,COMMAND_DOES_SHORTCUT_TAXI_EXIST,,,,,,LCS_SOURCE_ONLY
1577,COMMAND_SET_ONSCREEN_TIMER_COLOUR,,,,,,LCS_SOURCE_ONLY
1578,COMMAND_SET_ONSCREEN_TIMER_BACKGROUND_COLOUR,,,,,,LCS_SOURCE_ONLY
1579,COMMAND_REMOVE_CAR_BOOT,,,,,,LCS_SOURCE_ONLY
1580,COMMAND_ADD_POINT_3D_MARKER,,,,,,LCS_SOURCE_ONLY
1581,COMMAND_GET_VECTOR_FROM_MULTIPLAYER,,,,,,LCS_SOURCE_ONLY
1582,COMMAND_PRINT_HELP_ALWAYS,,,,,,LCS_SOURCE_ONLY
1583,COMMAND_PRINT_HELP_FOREVER_ALWAYS,,,,,,LCS_SOURCE_ONLY
1584,COMMAND_SWITCH_FERRY_COLLISION,,,,,,LCS_SOURCE_ONLY
1585,COMMAND_SET_CHAR_MAX_HEALTH,,,,,,LCS_SOURCE_ONLY
1586,COMMAND_SET_CHAR_SHOOT_TIMER,,,,,,LCS_SOURCE_ONLY
1587,COMMAND_SET_CHAR_ATTACK_TIMER,,,,,,LCS_SOURCE_ONLY
1588,COMMAND_SET_HELI_ROTOR_BLADES_FULLSPEED,,,,,,LCS_SOURCE_ONLY
1589,COMMAND_SET_CRUSHER_REWARD_MULTIPLIER,,,,,,LCS_SOURCE_ONLY
1590,COMMAND_SWAP_BUILDINGS,,,,,,LCS_SOURCE_ONLY
1591,COMMAND_STREAM_BUILDING_SWAPS,,,,,,LCS_SOURCE_ONLY
1592,COMMAND_IS_WORLD_STREAMING_COMPLETE,,,,,,LCS_SOURCE_ONLY
1593,COMMAND_SWAP_TO_STREAMED_SECTOR,,,,,,LCS_SOURCE_ONLY
1594,COMMAND_SET_CHAR_ATTACKS_PLAYER_WITH_COPS,,,,,,LCS_SOURCE_ONLY
1595,COMMAND_REGISTER_FACE_PLANT_DISTANCE,,,,,,LCS_SOURCE_ONLY
1596,COMMAND_REGISTER_MAX_SECONDS_ON_CARNAGE_LEFT,,,,,,LCS_SOURCE_ONLY
1597,COMMAND_REGISTER_MAX_KILLS_ON_RC_TRIAD,,,,,,LCS_SOURCE_ONLY
1598,COMMAND_REGISTER_HIGHEST_LEVEL_SLASH_TV,,,,,,LCS_SOURCE_ONLY
1599,COMMAND_ADD_MONEY_MADE_WITH_SLASH_TV,,,,,,LCS_SOURCE_ONLY
1600,COMMAND_ADD_TOTAL_KILLS_ON_SLASH_TV,,,,,,LCS_SOURCE_ONLY
1601,COMMAND_ADD_NOODLES_DELIVERED,,,,,,LCS_SOURCE_ONLY
1602,COMMAND_REGISTER_SCRAPYARD_CHALLENGE_SCORE,,,,,,LCS_SOURCE_ONLY
1603,COMMAND_REGISTER_9MM_MAYHEM_SCORE,,,,,,LCS_SOURCE_ONLY
1604,COMMAND_REGISTER_SCOOTER_SHOOTER_SCORE,,,,,,LCS_SOURCE_ONLY
1605,COMMAND_ADD_MONEY_MADE_FROM_TOURIST,,,,,,LCS_SOURCE_ONLY
1606,COMMAND_ADD_TOURISTS_TAKEN_TO_SPOTS,,,,,,LCS_SOURCE_ONLY
1607,COMMAND_ADD_EXPORTED_CARS,,,,,,LCS_SOURCE_ONLY
1608,COMMAND_SET_TOTAL_EXPORT_CARS,,,,,,LCS_SOURCE_ONLY
1609,COMMAND_REGISTER_DIRT_BIKE_FASTEST_LAP,,,,,,LCS_SOURCE_ONLY
1610,COMMAND_REGISTER_DIRT_BIKE_FASTEST_TIME,,,,,,LCS_SOURCE_ONLY
1611,COMMAND_REGISTER_DIRT_BIKE_AIR_TIME,,,,,,LCS_SOURCE_ONLY
1612,COMMAND_ADD_ARROW_3D_MARKER,,,,,,LCS_SOURCE_ONLY
1613,COMMAND_PRINT_NOW_OVERRIDE_FADE,,,,,,LCS_SOURCE_ONLY
1614,COMMAND_GET_PICKUP_VALUE,,,,,,LCS_SOURCE_ONLY
1615,COMMAND_SET_PICKUP_VALUE,,,,,,LCS_SOURCE_ONLY
1616,COMMAND_IS_DEVELOPER,,,,,,LCS_SOURCE_ONLY
1617,COMMAND_SET_DEVELOPER_FLAG,,,,,,LCS_SOURCE_ONLY
1618,COMMAND_REGISTER_WICHITA_WIPEOUT_SCORE,,,,,,LCS_SOURCE_ONLY
1619,COMMAND_ATTACH_OBJECT_TO_CAR,,,,,,LCS_SOURCE_ONLY
1620,COMMAND_DETACH_OBJECT_FROM_CAR,,,,,,LCS_SOURCE_ONLY
1621,COMMAND_SET_PAD_STICKS_MULTIPLIER,,,,,,LCS_SOURCE_ONLY
1622,COMMAND_PRINT_SUBTITLE_NOW,,,,,,LCS_SOURCE_ONLY
1623,COMMAND_PRINT_SUBTITLE_NOW_OVERRIDE_FADE,,,,,,LCS_SOURCE_ONLY
1624,COMMAND_PRINT_SUBTITLE_NOW_NO_BRIEF,,,,,,LCS_SOURCE_ONLY
1625,COMMAND_PRINT_WITH_NUMBER_NOW_NO_BRIEF,,,,,,LCS_SOURCE_ONLY
1626,COMMAND_GET_ANGLE_BETWEEN_POINTS,,,,,,LCS_SOURCE_ONLY
1627,COMMAND_OVERRIDE_CHAR_MOVE_ANIM,,,,,,LCS_SOURCE_ONLY
1628,COMMAND_1627,,,,,,LCS_SOURCE_ONLY
1629,COMMAND_ENABLE_EMERGENCY_VEHICLES,,,,,,LCS_SOURCE_ONLY
1630,COMMAND_ADD_UNLOCKED_COSTUME,,,,,,LCS_SOURCE_ONLY
1631,COMMAND_CLEAR_MULTIPLAYER_SPLASH_SCREEN,,,,,,LCS_SOURCE_ONLY
1632,COMMAND_PRINT_WITH_2_NUMBERS_NOW_NO_BRIEF,,,,,,LCS_SOURCE_ONLY
1633,COMMAND_GET_OBJECT_ORIENTATION,,,,,,LCS_SOURCE_ONLY
1634,COMMAND_SET_OBJECT_ORIENTATION,,,,,,LCS_SOURCE_ONLY
1635,COMMAND_CHANGE_ONSCREEN_COUNTER_PREFIX,,,,,,LCS_SOURCE_ONLY
1636,COMMAND_STORE_PLAYER_OUTFIT,,,,,,LCS_SOURCE_ONLY
1637,COMMAND_DISPLAY_ONSCREEN_TIMER_WITH_NUMBER_AND_STRING,,,,,,LCS_SOURCE_ONLY
1638,COMMAND_SET_PLAYER_CURRENT_WEAPON_AMMO_IN_CLIP,,,,,,LCS_SOURCE_ONLY
1639,COMMAND_SET_CHAR_WAIT_STATE_REPEAT,,,,,,LCS_SOURCE_ONLY
1640,COMMAND_REGISTER_BEST_TIME_GOGO_FAGGIO,,,,,,LCS_SOURCE_ONLY
1641,COMMAND_LOCK_GARAGE,,,,,,LCS_SOURCE_ONLY
1642,COMMAND_IS_FINAL_GAME,,,,,,LCS_SOURCE_ONLY
1643,COMMAND_SET_ALLOWED_COLLISION,,,,,,LCS_SOURCE_ONLY
1644,COMMAND_REGISTER_GUARDIAN_ANGEL_LEVEL,,,,,,LCS_SOURCE_ONLY
1645,COMMAND_DISPLAY_ONSCREEN_TIMER_WITH_NUMBER_AND_2_STRINGS,,,,,,LCS_SOURCE_ONLY
1646,COMMAND_GET_PLAYER_STORED_WEAPON,,,,,,LCS_SOURCE_ONLY
1647,COMMAND_DISABLE_PAUSE_MENU,,,,,,LCS_SOURCE_ONLY
1648,COMMAND_IS_CHANNEL_PLAYING,,,,,,LCS_SOURCE_ONLY
1649,COMMAND_SET_CLOCK_EVENT_WARNING,,,,,,LCS_SOURCE_ONLY
1650,COMMAND_SET_EXTRA_COLOUR_LIGHT_DIRECTION,,,,,,LCS_SOURCE_ONLY
1651,COMMAND_SET_CHAR_CAN_BE_TARGETTED_BY_LEADER,,,,,,LCS_SOURCE_ONLY
1652,COMMAND_PRINT_HELP_NO_BRIEF,,,,,,LCS_SOURCE_ONLY
1653,COMMAND_PRINT_HELP_FOREVER_NO_BRIEF,,,,,,LCS_SOURCE_ONLY
1654,COMMAND_PRINT_HELP_ALWAYS_NO_BRIEF,,,,,,LCS_SOURCE_ONLY
1655,COMMAND_PRINT_HELP_FOREVER_ALWAYS_NO_BRIEF,,,,,,LCS_SOURCE_ONLY
1656,COMMAND_SET_CAR_IS_REWARD,,,,,,LCS_SOURCE_ONLY
1657,COMMAND_FREEZE_ALL_PLAYER_FOLLOWERS,,,,,,LCS_SOURCE_ONLY
