Name,Start,End,Size
FUN_00100080,0x00100080,0x001000BC,60
FUN_001000c0,0x001000C0,0x00100134,116
vcs_Opcode0138_GenerateRandomFloatInRange,0x00100138,0x001001D0,152
FUN_001001d0,0x001001D0,0x00100274,164
FUN_00100278,0x00100278,0x001002F8,128
FUN_001002f8,0x001002F8,0x00100378,128
FUN_00100378,0x00100378,0x001003F0,120
FUN_001003f0,0x001003F0,0x0010046C,124
vcs_Opcode031D_GetDistanceBetweenCoords2D,0x00100470,0x00100530,192
FUN_00100530,0x00100530,0x00100624,244
FUN_00100628,0x00100628,0x001006C4,156
FUN_001006c8,0x001006C8,0x0010077C,180
FUN_00100780,0x00100780,0x00100808,136
FUN_00100808,0x00100808,0x00100884,124
FUN_00100888,0x00100888,0x00100908,128
FUN_00100908,0x00100908,0x001009F4,236
FUN_001009f8,0x001009F8,0x00100B9C,420
FUN_00100ba0,0x00100BA0,0x00101D2C,4492
FUN_00101d30,0x00101D30,0x00102B6C,3644
FUN_00102b70,0x00102B70,0x00102BA4,52
FUN_00102ba8,0x00102BA8,0x00102C64,188
FUN_00102c68,0x00102C68,0x00102CBC,84
FUN_00102cc0,0x00102CC0,0x00102D14,84
FUN_00102d18,0x00102D18,0x00102D38,32
FUN_00102d38,0x00102D38,0x00102D44,12
FUN_00102d48,0x00102D48,0x00102D6C,36
FUN_00102d70,0x00102D70,0x00102D7C,12
FUN_00102d80,0x00102D80,0x00102DE0,96
FUN_00102de0,0x00102DE0,0x00102EA0,192
FUN_00102ea0,0x00102EA0,0x00102F14,116
FUN_00102f18,0x00102F18,0x0010314C,564
FUN_00103150,0x00103150,0x001031C4,116
FUN_001031c8,0x001031C8,0x0010328C,196
FUN_00103290,0x00103290,0x00103298,8
FUN_00103298,0x00103298,0x0010333C,164
FUN_00103340,0x00103340,0x00103440,256
FUN_00103440,0x00103440,0x001034C8,136
FUN_001034c8,0x001034C8,0x0010364C,388
FUN_00103650,0x00103650,0x001036E0,144
FUN_001036e0,0x001036E0,0x00103814,308
FUN_00103818,0x00103818,0x00103A18,512
FUN_00103b90,0x00103B90,0x00103BD8,72
FUN_00103bd8,0x00103BD8,0x00103C14,60
FUN_00103c18,0x00103C18,0x00103C40,40
FUN_00103c48,0x00103C48,0x00104720,2776
FUN_00104720,0x00104720,0x00104984,612
FUN_00104988,0x00104988,0x00104AF4,364
FUN_00104af8,0x00104AF8,0x00104BB0,184
FUN_00104bb0,0x00104BB0,0x00104BCC,28
FUN_00104bd0,0x00104BD0,0x00104D6C,412
FUN_00104d70,0x00104D70,0x00104F88,536
FUN_00104f88,0x00104F88,0x001050A0,280
FUN_001050a0,0x001050A0,0x00105118,120
FUN_00105118,0x00105118,0x0010516C,84
FUN_00105170,0x00105170,0x001051C4,84
FUN_001051c8,0x001051C8,0x00105224,92
FUN_00105228,0x00105228,0x00105284,92
FUN_00105288,0x00105288,0x001052D8,80
FUN_001052d8,0x001052D8,0x001059B0,1752
FUN_001059b0,0x001059B0,0x001060A0,1776
FUN_001060a0,0x001060A0,0x00106164,196
FUN_00106168,0x00106168,0x0010624C,228
FUN_00106250,0x00106250,0x00106298,72
FUN_00106298,0x00106298,0x001062D0,56
FUN_001062d0,0x001062D0,0x0010630C,60
FUN_00106310,0x00106310,0x0010634C,60
FUN_00106350,0x00106350,0x0010639C,76
FUN_001063a0,0x001063A0,0x0010656C,460
FUN_00106570,0x00106570,0x001065CC,92
FUN_001065d0,0x001065D0,0x00106658,136
FUN_00106658,0x00106658,0x00106768,272
FUN_00106768,0x00106768,0x001067B4,76
FUN_001067b8,0x001067B8,0x001068AC,244
FUN_001068b0,0x001068B0,0x00106904,84
FUN_00106908,0x00106908,0x00106914,12
FUN_00106918,0x00106918,0x00106CC4,940
FUN_00106ce0,0x00106CE0,0x00106D6C,140
FUN_00106d70,0x00106D70,0x00106DB4,68
FUN_00106dc0,0x00106DC0,0x00106EE4,292
FUN_00106ef0,0x00106EF0,0x00106FA4,180
FUN_00106fa8,0x00106FA8,0x00106FC8,32
FUN_00106fc8,0x00106FC8,0x00107048,128
FUN_00107048,0x00107048,0x001070D4,140
FUN_001070d8,0x001070D8,0x0010713C,100
FUN_00107140,0x00107140,0x001071B0,112
FUN_00107228,0x00107228,0x00107280,88
FUN_00107280,0x00107280,0x001072B4,52
FUN_001072b8,0x001072B8,0x001072E0,40
FUN_001072e0,0x001072E0,0x00107338,88
FUN_00107338,0x00107338,0x001073A4,108
FUN_001073a8,0x001073A8,0x001073C8,32
FUN_001073d0,0x001073D0,0x001073F4,36
FUN_001073f8,0x001073F8,0x00107434,60
FUN_00107438,0x00107438,0x0010747C,68
FUN_00107480,0x00107480,0x001074A8,40
FUN_001074a8,0x001074A8,0x001074FC,84
FUN_00107500,0x00107500,0x0010771C,540
FUN_00107720,0x00107720,0x001077D8,184
FUN_001077d8,0x001077D8,0x0010780C,52
FUN_00107810,0x00107810,0x0010787C,108
FUN_00107880,0x00107880,0x001079E0,352
FUN_001079e0,0x001079E0,0x00107A00,32
FUN_00107a00,0x00107A00,0x00107A34,52
FUN_00107a38,0x00107A38,0x00107A60,40
FUN_00107a60,0x00107A60,0x00107A94,52
FUN_00107a98,0x00107A98,0x00107AC0,40
FUN_00107ac0,0x00107AC0,0x00107AF4,52
FUN_00107af8,0x00107AF8,0x00107B20,40
FUN_00107b20,0x00107B20,0x00108124,1540
FUN_00108128,0x00108128,0x00108334,524
FUN_00108338,0x00108338,0x0010863C,772
FUN_00108640,0x00108640,0x00108678,56
FUN_00108678,0x00108678,0x00108864,492
FUN_00108868,0x00108868,0x00108A3C,468
FUN_00108a40,0x00108A40,0x00108D58,792
FUN_00108d58,0x00108D58,0x00108DC8,112
FUN_00108dc8,0x00108DC8,0x00108E04,60
FUN_00108e08,0x00108E08,0x00108E94,140
FUN_00108e98,0x00108E98,0x00108F2C,148
FUN_00108f30,0x00108F30,0x00108F38,8
FUN_00108f38,0x00108F38,0x00108FF0,184
FUN_00108ff0,0x00108FF0,0x00109070,128
FUN_00109070,0x00109070,0x001090F4,132
FUN_001090f8,0x001090F8,0x001091D0,216
FUN_001091d0,0x001091D0,0x00109368,408
FUN_00109368,0x00109368,0x00109494,300
FUN_00109498,0x00109498,0x001094A0,8
FUN_001094a0,0x001094A0,0x001094C0,32
FUN_001094c0,0x001094C0,0x0010952C,108
FUN_00109530,0x00109530,0x00109568,56
FUN_00109568,0x00109568,0x001095AC,68
FUN_001095b0,0x001095B0,0x00109610,96
FUN_00109610,0x00109610,0x0010969C,140
FUN_001096a0,0x001096A0,0x00109708,104
FUN_00109708,0x00109708,0x00109770,104
FUN_00109770,0x00109770,0x00109784,20
FUN_00109788,0x00109788,0x001097EC,96
FUN_001097f0,0x001097F0,0x0010985C,108
FUN_00109860,0x00109860,0x001098D4,116
FUN_001098d8,0x001098D8,0x00109928,80
FUN_00109928,0x00109928,0x0010996C,68
FUN_00109970,0x00109970,0x0010999C,44
FUN_001099a0,0x001099A0,0x001099CC,44
FUN_001099d0,0x001099D0,0x00109A1C,76
FUN_00109a20,0x00109A20,0x00109A74,84
FUN_00109a78,0x00109A78,0x00109A9C,36
FUN_00109aa8,0x00109AA8,0x00109B14,108
FUN_00109b20,0x00109B20,0x00109B90,112
FUN_00109b90,0x00109B90,0x00109BE4,84
FUN_00109be8,0x00109BE8,0x00109C38,80
FUN_00109c38,0x00109C38,0x00109CCC,148
FUN_00109cd0,0x00109CD0,0x00109D40,112
FUN_00109d48,0x00109D48,0x00109D9C,84
FUN_00109da0,0x00109DA0,0x00109DDC,60
FUN_00109de0,0x00109DE0,0x00109E68,136
FUN_00109e68,0x00109E68,0x00109E80,24
FUN_00109e80,0x00109E80,0x00109EA0,32
FUN_00109ea0,0x00109EA0,0x00109F28,136
FUN_00109f28,0x00109F28,0x00109F80,88
FUN_00109f80,0x00109F80,0x00109FE4,100
FUN_00109fe8,0x00109FE8,0x0010A068,128
FUN_0010a068,0x0010A068,0x0010A144,220
FUN_0010a148,0x0010A148,0x0010A16C,36
FUN_0010a170,0x0010A170,0x0010A190,32
FUN_0010a190,0x0010A190,0x0010A1E0,80
FUN_0010a1e0,0x0010A1E0,0x0010A228,72
FUN_0010a228,0x0010A228,0x0010A284,92
FUN_0010a288,0x0010A288,0x0010A2FC,116
FUN_0010a300,0x0010A300,0x0010A398,152
FUN_0010a398,0x0010A398,0x0010A400,104
FUN_0010a400,0x0010A400,0x0010A448,72
FUN_0010a448,0x0010A448,0x0010A4B0,104
FUN_0010a4b0,0x0010A4B0,0x0010A51C,108
FUN_0010a520,0x0010A520,0x0010A5A4,132
FUN_0010a5a8,0x0010A5A8,0x0010A61C,116
FUN_0010a620,0x0010A620,0x0010A648,40
FUN_0010a648,0x0010A648,0x0010A668,32
FUN_0010a668,0x0010A668,0x0010A6F4,140
FUN_0010a700,0x0010A700,0x0010A750,80
FUN_0010a750,0x0010A750,0x0010A7B8,104
FUN_0010a7b8,0x0010A7B8,0x0010A7D0,24
FUN_0010a7d0,0x0010A7D0,0x0010A7E8,24
FUN_0010a7e8,0x0010A7E8,0x0010A840,88
FUN_0010a848,0x0010A848,0x0010A868,32
FUN_0010a868,0x0010A868,0x0010A8C0,88
FUN_0010a8c0,0x0010A8C0,0x0010A97C,188
FUN_0010a980,0x0010A980,0x0010A9F8,120
FUN_0010a9f8,0x0010A9F8,0x0010AAB4,188
FUN_0010aab8,0x0010AAB8,0x0010AB10,88
FUN_0010ab10,0x0010AB10,0x0010AB64,84
FUN_0010ab68,0x0010AB68,0x0010AD58,496
FUN_0010ad58,0x0010AD58,0x0010AF88,560
FUN_0010afa8,0x0010AFA8,0x0010AFB0,8
FUN_0010aff0,0x0010AFF0,0x0010B264,628
FUN_0010b270,0x0010B270,0x0010B4A8,568
FUN_0010b500,0x0010B500,0x0010B524,36
FUN_0010b548,0x0010B548,0x0010B56C,36
FUN_0010b570,0x0010B570,0x0010B598,40
FUN_0010b598,0x0010B598,0x0010B5D4,60
FUN_0010b5d8,0x0010B5D8,0x0010B67C,164
FUN_0010b680,0x0010B680,0x0010B6EC,108
vcs_Opcode00A2_ClearCharObjective,0x0010B6F0,0x0010B760,112
FUN_0010b760,0x0010B760,0x0010B83C,220
FUN_0010b840,0x0010B840,0x0010B8AC,108
FUN_0010b8b0,0x0010B8B0,0x0010B91C,108
FUN_0010b920,0x0010B920,0x0010BA10,240
FUN_0010ba10,0x0010BA10,0x0010BB58,328
FUN_0010bb58,0x0010BB58,0x0010BBC4,108
FUN_0010bbc8,0x0010BBC8,0x0010BC5C,148
FUN_0010bc60,0x0010BC60,0x0010BCF4,148
FUN_0010bcf8,0x0010BCF8,0x0010BD8C,148
FUN_0010bd90,0x0010BD90,0x0010BE24,148
FUN_0010be28,0x0010BE28,0x0010BEB8,144
FUN_0010beb8,0x0010BEB8,0x0010BF48,144
FUN_0010bf48,0x0010BF48,0x0010BFD8,144
FUN_0010bfd8,0x0010BFD8,0x0010C068,144
FUN_0010c068,0x0010C068,0x0010C0F8,144
FUN_0010c0f8,0x0010C0F8,0x0010C240,328
FUN_0010c240,0x0010C240,0x0010C30C,204
FUN_0010c310,0x0010C310,0x0010C3B0,160
FUN_0010c3b0,0x0010C3B0,0x0010C41C,108
FUN_0010c420,0x0010C420,0x0010C490,112
FUN_0010c490,0x0010C490,0x0010C520,144
FUN_0010c520,0x0010C520,0x0010C5B4,148
FUN_0010c5b8,0x0010C5B8,0x0010C64C,148
FUN_0010c650,0x0010C650,0x0010C71C,204
FUN_0010c720,0x0010C720,0x0010C7A0,128
FUN_0010c7a0,0x0010C7A0,0x0010C86C,204
FUN_0010c870,0x0010C870,0x0010C8DC,108
FUN_0010c8e0,0x0010C8E0,0x0010C9C0,224
FUN_0010c9c0,0x0010C9C0,0x0010CB64,420
FUN_0010cb68,0x0010CB68,0x0010CCBC,340
FUN_0010ccc0,0x0010CCC0,0x0010CD28,104
FUN_0010cd28,0x0010CD28,0x0010CD34,12
FUN_0010cd48,0x0010CD48,0x0010CE80,312
FUN_0010ce80,0x0010CE80,0x0010D09C,540
FUN_0010d0a0,0x0010D0A0,0x0010D0F0,80
FUN_0010d100,0x0010D100,0x0010D138,56
FUN_0010d138,0x0010D138,0x0010D368,556
FUN_0010d368,0x0010D368,0x0010D438,208
FUN_0010d438,0x0010D438,0x0010D454,28
FUN_0010d458,0x0010D458,0x0010D490,56
FUN_0010d490,0x0010D490,0x0010D4A0,16
FUN_0010d4a0,0x0010D4A0,0x0010D570,208
FUN_0010d580,0x0010D580,0x0010D594,20
FUN_0010d598,0x0010D598,0x0010D614,124
FUN_0010d618,0x0010D618,0x0010D648,48
FUN_0010d648,0x0010D648,0x0010D668,32
FUN_0010d670,0x0010D670,0x0010D678,8
FUN_0010d678,0x0010D678,0x0010D6AC,52
FUN_0010d6b0,0x0010D6B0,0x0010D6D8,40
FUN_0010d6d8,0x0010D6D8,0x0010D714,60
FUN_0010d718,0x0010D718,0x0010D754,60
FUN_0010d770,0x0010D770,0x0010D77C,12
FUN_0010d788,0x0010D788,0x0010D864,220
FUN_0010d868,0x0010D868,0x0010DCE4,1148
FUN_0010dce8,0x0010DCE8,0x0010DD50,104
FUN_0010dd50,0x0010DD50,0x0010DDFC,172
FUN_0010de00,0x0010DE00,0x0010DE74,116
FUN_0010de78,0x0010DE78,0x0010DEAC,52
FUN_0010deb0,0x0010DEB0,0x0010DF14,100
FUN_0010df18,0x0010DF18,0x0010DF48,48
FUN_0010df48,0x0010DF48,0x0010DF6C,36
FUN_0010df70,0x0010DF70,0x0010DF94,36
FUN_0010df98,0x0010DF98,0x0010E124,396
FUN_0010e128,0x0010E128,0x0010E1A0,120
FUN_0010e1a0,0x0010E1A0,0x0010E1C8,40
FUN_0010e1c8,0x0010E1C8,0x0010E1F4,44
FUN_0010e1f8,0x0010E1F8,0x0010E254,92
FUN_0010e258,0x0010E258,0x0010E2B4,92
FUN_0010e2b8,0x0010E2B8,0x0010E2C0,8
FUN_0010e2c0,0x0010E2C0,0x0010E2C8,8
FUN_0010e2c8,0x0010E2C8,0x0010E2D0,8
FUN_0010e2d0,0x0010E2D0,0x0010E2D8,8
FUN_0010e2d8,0x0010E2D8,0x0010E320,72
FUN_0010e320,0x0010E320,0x0010E328,8
FUN_0010e328,0x0010E328,0x0010E35C,52
FUN_0010e360,0x0010E360,0x0010E3A4,68
FUN_0010e3a8,0x0010E3A8,0x0010E3DC,52
FUN_0010e3e0,0x0010E3E0,0x0010E3E8,8
FUN_0010e3e8,0x0010E3E8,0x0010E40C,36
FUN_0010e410,0x0010E410,0x0010E418,8
FUN_0010e418,0x0010E418,0x0010E448,48
FUN_0010e448,0x0010E448,0x0010E618,464
FUN_0010e618,0x0010E618,0x0010E644,44
FUN_0010e648,0x0010E648,0x0010E66C,36
FUN_0010e678,0x0010E678,0x0010E6B4,60
FUN_0010e6b8,0x0010E6B8,0x0010E6F0,56
FUN_0010e6f0,0x0010E6F0,0x0010E77C,140
FUN_0010e780,0x0010E780,0x0010E87C,252
FUN_0010e880,0x0010E880,0x0010E8D0,80
FUN_0010e8d0,0x0010E8D0,0x0010E8F8,40
FUN_0010e8f8,0x0010E8F8,0x0010E918,32
FUN_0010e918,0x0010E918,0x0010E970,88
FUN_0010e970,0x0010E970,0x0010E9C8,88
FUN_0010e9c8,0x0010E9C8,0x0010EA4C,132
FUN_0010ea50,0x0010EA50,0x0010EA70,32
FUN_0010ea70,0x0010EA70,0x0010EBB4,324
FUN_0010ebb8,0x0010EBB8,0x0010ED30,376
FUN_0010ed30,0x0010ED30,0x0010EDD4,164
FUN_0010edd8,0x0010EDD8,0x0010EE38,96
FUN_0010ee38,0x0010EE38,0x0010EEE0,168
FUN_0010eee0,0x0010EEE0,0x0010EFC4,228
FUN_0010efc8,0x0010EFC8,0x0010F020,88
FUN_0010f020,0x0010F020,0x0010F064,68
FUN_0010f068,0x0010F068,0x0010F144,220
FUN_0010f148,0x0010F148,0x0010F19C,84
FUN_0010f1a0,0x0010F1A0,0x0010F1E8,72
FUN_0010f1e8,0x0010F1E8,0x0010F23C,84
FUN_0010f240,0x0010F240,0x0010F298,88
FUN_0010f298,0x0010F298,0x0010F2D8,64
FUN_0010f2d8,0x0010F2D8,0x0010F328,80
FUN_0010f328,0x0010F328,0x0010F380,88
FUN_0010f380,0x0010F380,0x0010F3E4,100
FUN_0010f3e8,0x0010F3E8,0x0010F4DC,244
FUN_0010f4e0,0x0010F4E0,0x0010F524,68
FUN_0010f528,0x0010F528,0x0010F594,108
FUN_0010f598,0x0010F598,0x0010F5E0,72
FUN_0010f5e0,0x0010F5E0,0x0010F668,136
FUN_0010f668,0x0010F668,0x0010F6E8,128
FUN_0010f6e8,0x0010F6E8,0x0010F778,144
FUN_0010f778,0x0010F778,0x0010F7DC,100
FUN_0010f7e0,0x0010F7E0,0x0010F854,116
FUN_0010f858,0x0010F858,0x0010F9E0,392
FUN_0010f9e0,0x0010F9E0,0x0010FAE4,260
FUN_0010fae8,0x0010FAE8,0x0010FB54,108
FUN_0010fb58,0x0010FB58,0x0010FBE0,136
FUN_0010fbe0,0x0010FBE0,0x0010FC98,184
FUN_0010fc98,0x0010FC98,0x0010FF20,648
FUN_0010ff20,0x0010FF20,0x0010FFF4,212
FUN_0010fff8,0x0010FFF8,0x001100A0,168
FUN_001100a0,0x001100A0,0x00110138,152
FUN_00110138,0x00110138,0x001101C4,140
FUN_001101c8,0x001101C8,0x00110204,60
FUN_00110208,0x00110208,0x00110238,48
FUN_00110238,0x00110238,0x001102FC,196
FUN_00110300,0x00110300,0x0011041C,284
FUN_00110420,0x00110420,0x00110494,116
FUN_001104a0,0x001104A0,0x00110924,1156
FUN_00110928,0x00110928,0x00110A88,352
FUN_00110a88,0x00110A88,0x00110A90,8
FUN_00110a90,0x00110A90,0x00110E30,928
FUN_00110e30,0x00110E30,0x00110E78,72
FUN_00110e78,0x00110E78,0x00110EAC,52
FUN_00110eb0,0x00110EB0,0x00111124,628
FUN_00111128,0x00111128,0x00111130,8
FUN_00111130,0x00111130,0x001112B4,388
FUN_001112b8,0x001112B8,0x001112C0,8
FUN_001112c0,0x001112C0,0x00111C2C,2412
FUN_00111c30,0x00111C30,0x00112498,2152
FUN_00112498,0x00112498,0x00113414,3964
FUN_00113418,0x00113418,0x00113D50,2360
FUN_00113d50,0x00113D50,0x001145E8,2200
FUN_001145e8,0x001145E8,0x00114674,140
FUN_00114678,0x00114678,0x00114754,220
FUN_00114758,0x00114758,0x00114978,544
FUN_00114978,0x00114978,0x00114AAC,308
FUN_00114ab0,0x00114AB0,0x00114C94,484
FUN_00114c98,0x00114C98,0x00114D7C,228
FUN_00114d80,0x00114D80,0x00114E64,228
FUN_00114e68,0x00114E68,0x00114F00,152
FUN_00114f00,0x00114F00,0x0011502C,300
FUN_00115030,0x00115030,0x00115150,288
FUN_00115150,0x00115150,0x001151DC,140
FUN_001151e0,0x001151E0,0x001152E8,264
FUN_001152e8,0x001152E8,0x001153B0,200
FUN_001153b0,0x001153B0,0x0011542C,124
FUN_00115430,0x00115430,0x001154C8,152
FUN_001154c8,0x001154C8,0x00115514,76
FUN_00115518,0x00115518,0x00115590,120
FUN_00115590,0x00115590,0x001155E8,88
FUN_001155e8,0x001155E8,0x0011564C,100
FUN_00115650,0x00115650,0x0011569C,76
FUN_001156a8,0x001156A8,0x00115788,224
FUN_00115788,0x00115788,0x0011685C,4308
FUN_00116860,0x00116860,0x00116924,196
FUN_00116928,0x00116928,0x001169FC,48
FUN_00116a00,0x00116A00,0x00116AC8,200
FUN_00116ac8,0x00116AC8,0x00116CD8,528
FUN_00116cd8,0x00116CD8,0x00116E08,304
FUN_00116e08,0x00116E08,0x00117104,764
FUN_00117110,0x00117110,0x00117118,8
FUN_00117118,0x00117118,0x00117194,124
FUN_001171a8,0x001171A8,0x00117660,1208
FUN_00117660,0x00117660,0x001178F4,660
FUN_001178f8,0x001178F8,0x00117E20,1320
FUN_00117e28,0x00117E28,0x00117E38,16
FUN_00117e38,0x00117E38,0x00117F7C,324
FUN_00117f90,0x00117F90,0x0011809C,264
FUN_001180a0,0x001180A0,0x00118148,164
FUN_00118148,0x00118148,0x001181A8,96
FUN_001181a8,0x001181A8,0x00118288,224
FUN_00118288,0x00118288,0x00118360,216
FUN_00118360,0x00118360,0x001197BC,5212
FUN_001197c0,0x001197C0,0x00119918,344
FUN_00119918,0x00119918,0x00119E00,1256
FUN_00119e00,0x00119E00,0x0011A438,1592
FUN_0011a438,0x0011A438,0x0011A458,32
FUN_0011a458,0x0011A458,0x0011A678,544
FUN_0011a680,0x0011A680,0x0011A688,8
FUN_0011a690,0x0011A690,0x0011AEC4,2100
FUN_0011aec8,0x0011AEC8,0x0011B084,444
FUN_0011b088,0x0011B088,0x0011B290,520
FUN_0011b290,0x0011B290,0x0011B33C,172
FUN_0011b340,0x0011B340,0x0011B37C,60
FUN_0011b380,0x0011B380,0x0011B39C,28
FUN_0011b3a0,0x0011B3A0,0x0011B3F0,80
FUN_0011b3f0,0x0011B3F0,0x0011B48C,156
FUN_0011b490,0x0011B490,0x0011B510,128
FUN_0011b510,0x0011B510,0x0011B5A4,148
FUN_0011b5a8,0x0011B5A8,0x0011B604,92
FUN_0011b608,0x0011B608,0x0011B680,120
FUN_0011b680,0x0011B680,0x0011B6C8,72
FUN_0011b6c8,0x0011B6C8,0x0011B83C,372
FUN_0011b840,0x0011B840,0x0011B980,320
FUN_0011b980,0x0011B980,0x0011BAE0,352
FUN_0011bae0,0x0011BAE0,0x0011BC48,360
FUN_0011bc48,0x0011BC48,0x0011BD98,336
FUN_0011be20,0x0011BE20,0x0011BEEC,204
FUN_0011bef0,0x0011BEF0,0x0011C03C,332
FUN_0011c040,0x0011C040,0x0011C154,276
FUN_0011c158,0x0011C158,0x0011C1F8,160
FUN_0011c1f8,0x0011C1F8,0x0011C22C,52
FUN_0011c238,0x0011C238,0x0011C2F8,192
FUN_0011c2f8,0x0011C2F8,0x0011C35C,100
FUN_0011c360,0x0011C360,0x0011C954,1524
FUN_0011c958,0x0011C958,0x0011C9E0,136
FUN_0011c9e0,0x0011C9E0,0x0011CA3C,92
FUN_0011ca40,0x0011CA40,0x0011CA80,64
FUN_0011ca80,0x0011CA80,0x0011CB20,160
FUN_0011cb20,0x0011CB20,0x0011CB74,84
FUN_0011cb88,0x0011CB88,0x0011CBB0,40
FUN_0011cbb0,0x0011CBB0,0x0011CBCC,28
FUN_0011cbd0,0x0011CBD0,0x0011CBD8,8
FUN_0011cbd8,0x0011CBD8,0x0011CC74,156
FUN_0011cc78,0x0011CC78,0x0011CF4C,724
FUN_0011cf50,0x0011CF50,0x0011CF88,56
FUN_0011cf88,0x0011CF88,0x0011CFC4,60
FUN_0011cfc8,0x0011CFC8,0x0011CFE8,32
FUN_0011cfe8,0x0011CFE8,0x0011D150,360
FUN_0011d150,0x0011D150,0x0011D274,292
FUN_0011d278,0x0011D278,0x0011D310,152
FUN_0011d310,0x0011D310,0x0011D42C,284
FUN_0011d430,0x0011D430,0x0011D488,88
FUN_0011d488,0x0011D488,0x0011D53C,180
FUN_0011d540,0x0011D540,0x0011D59C,92
FUN_0011d5b0,0x0011D5B0,0x0011D604,84
FUN_0011d608,0x0011D608,0x0011D690,136
FUN_0011d690,0x0011D690,0x0011D6DC,76
FUN_0011d6e0,0x0011D6E0,0x0011D77C,156
FUN_0011d780,0x0011D780,0x0011D79C,28
FUN_0011d7a0,0x0011D7A0,0x0011D7CC,44
FUN_0011d7d0,0x0011D7D0,0x0011D910,320
FUN_0011d910,0x0011D910,0x0011D998,136
FUN_0011d998,0x0011D998,0x0011DB1C,388
FUN_0011db20,0x0011DB20,0x0011DBB0,144
FUN_0011dbb0,0x0011DBB0,0x0011DEF4,836
FUN_0011def8,0x0011DEF8,0x0011E3C4,1228
FUN_0011e3c8,0x0011E3C8,0x0011E764,924
FUN_0011e768,0x0011E768,0x0011E7CC,100
FUN_0011e7d0,0x0011E7D0,0x0011E810,64
FUN_0011e810,0x0011E810,0x0011E838,40
FUN_0011e838,0x0011E838,0x0011E854,28
FUN_0011e858,0x0011E858,0x00120344,6892
FUN_00120348,0x00120348,0x00120760,1048
FUN_00120760,0x00120760,0x00120798,56
FUN_00120798,0x00120798,0x001207D8,64
FUN_001207d8,0x001207D8,0x00120834,92
FUN_00120838,0x00120838,0x001208D4,156
FUN_001208d8,0x001208D8,0x00120974,156
FUN_00120978,0x00120978,0x00120B50,472
FUN_00120b50,0x00120B50,0x00120B80,48
FUN_00120b80,0x00120B80,0x00120BF0,112
FUN_00120bf0,0x00120BF0,0x00120C38,72
FUN_00120c38,0x00120C38,0x00120C40,8
FUN_00120c40,0x00120C40,0x00120CCC,140
FUN_00120cd0,0x00120CD0,0x00120CE4,20
FUN_00120ce8,0x00120CE8,0x00120D50,48
FUN_00120d50,0x00120D50,0x00120D7C,44
FUN_00120d80,0x00120D80,0x00120DC4,68
FUN_00120dc8,0x00120DC8,0x00120E34,108
FUN_00120e38,0x00120E38,0x001211F4,956
FUN_001211f8,0x001211F8,0x001212A0,168
FUN_001212a0,0x001212A0,0x00121474,468
FUN_00121478,0x00121478,0x00121550,216
FUN_00121550,0x00121550,0x00121628,216
FUN_00121628,0x00121628,0x00121684,92
FUN_00121688,0x00121688,0x0012195C,724
FUN_00121960,0x00121960,0x00121C90,816
FUN_00121c90,0x00121C90,0x00121DEC,348
FUN_00121df0,0x00121DF0,0x00121EA8,184
FUN_00121ea8,0x00121EA8,0x00121FA0,248
FUN_00121fa0,0x00121FA0,0x00122084,228
FUN_00122088,0x00122088,0x001222BC,564
FUN_001222c0,0x001222C0,0x00122718,1112
FUN_00122718,0x00122718,0x00122B48,1072
FUN_00122b48,0x00122B48,0x00122C08,192
FUN_00122c08,0x00122C08,0x00122CBC,180
FUN_00122cc0,0x00122CC0,0x00122E54,404
FUN_00122e58,0x00122E58,0x00122F08,176
FUN_00122f08,0x00122F08,0x00122FA8,160
FUN_00122fc0,0x00122FC0,0x00122FC8,8
FUN_00122fc8,0x00122FC8,0x001230C0,248
FUN_001230c0,0x001230C0,0x00123240,384
FUN_00123250,0x00123250,0x00123258,8
FUN_00123258,0x00123258,0x0012352C,724
FUN_00123530,0x00123530,0x00123574,68
FUN_00123578,0x00123578,0x00123600,136
FUN_00123600,0x00123600,0x00123658,88
FUN_00123658,0x00123658,0x0012371C,196
FUN_00123720,0x00123720,0x001237A0,128
FUN_001237a0,0x001237A0,0x00123B74,980
FUN_00123b78,0x00123B78,0x00123BA8,48
FUN_00123ba8,0x00123BA8,0x00123D84,476
FUN_00123d88,0x00123D88,0x001240D4,844
FUN_001240d8,0x001240D8,0x00124194,188
FUN_00124198,0x00124198,0x001241D0,56
FUN_001241d0,0x001241D0,0x00124218,72
FUN_00124218,0x00124218,0x0012426C,84
FUN_00124270,0x00124270,0x001242BC,76
FUN_001242c0,0x001242C0,0x00124314,84
FUN_00124318,0x00124318,0x00124370,88
FUN_00124370,0x00124370,0x001243D0,96
FUN_001243d0,0x001243D0,0x001243E8,24
FUN_001243e8,0x001243E8,0x0012449C,180
FUN_001244a0,0x001244A0,0x001244F4,84
FUN_001244f8,0x001244F8,0x0012453C,68
FUN_00124540,0x00124540,0x00124640,256
FUN_00124640,0x00124640,0x00124718,216
FUN_00124718,0x00124718,0x00124818,256
FUN_00124818,0x00124818,0x001248D8,192
FUN_001248d8,0x001248D8,0x00124990,184
FUN_00124990,0x00124990,0x00124A10,128
FUN_00124a10,0x00124A10,0x00124B48,312
FUN_00124b48,0x00124B48,0x00124C20,216
FUN_00124c20,0x00124C20,0x001253A4,1920
FUN_001253a8,0x001253A8,0x0012551C,372
FUN_00125520,0x00125520,0x00125568,72
FUN_00125568,0x00125568,0x00125574,12
FUN_00125578,0x00125578,0x00125830,696
FUN_00125830,0x00125830,0x00125F74,1860
FUN_00125f78,0x00125F78,0x00125FBC,68
FUN_00125fc0,0x00125FC0,0x00126060,160
FUN_00126060,0x00126060,0x00126110,176
FUN_00126110,0x00126110,0x00126184,116
FUN_00126188,0x00126188,0x00126644,1212
FUN_00126648,0x00126648,0x00126668,32
FUN_00126668,0x00126668,0x00126694,44
FUN_00126698,0x00126698,0x0012688C,500
FUN_00126890,0x00126890,0x001269A4,276
FUN_001269a8,0x001269A8,0x00126C5C,692
FUN_00126c60,0x00126C60,0x00126F60,768
FUN_00126f60,0x00126F60,0x00126F88,40
FUN_00126f88,0x00126F88,0x00126FC0,56
FUN_00126fc0,0x00126FC0,0x001270C4,260
FUN_001270c8,0x001270C8,0x0012714C,132
FUN_00127158,0x00127158,0x0012718C,52
FUN_00127198,0x00127198,0x00127248,176
FUN_00127248,0x00127248,0x00127518,720
FUN_00127518,0x00127518,0x00127638,288
FUN_00127668,0x00127668,0x00127670,8
FUN_00127670,0x00127670,0x001277A4,308
FUN_001277a8,0x001277A8,0x001277E0,56
FUN_00127810,0x00127810,0x00127870,96
FUN_00127870,0x00127870,0x00127878,8
FUN_00127878,0x00127878,0x00127898,32
FUN_00127898,0x00127898,0x00127950,184
FUN_00127950,0x00127950,0x001279A4,84
FUN_001279a8,0x001279A8,0x00127A70,200
FUN_00127a70,0x00127A70,0x00127B30,192
FUN_00127b30,0x00127B30,0x00127D04,468
FUN_00127d08,0x00127D08,0x00127E2C,292
FUN_00127e30,0x00127E30,0x001281B8,904
FUN_001281b8,0x001281B8,0x001284F4,828
FUN_001284f8,0x001284F8,0x0012877C,644
FUN_00128780,0x00128780,0x001287DC,92
FUN_00128800,0x00128800,0x00128808,8
FUN_00128808,0x00128808,0x00128D28,1312
FUN_00128d38,0x00128D38,0x00128D88,80
FUN_00128d88,0x00128D88,0x00128DA8,32
FUN_00128db0,0x00128DB0,0x00128E90,224
FUN_00128e90,0x00128E90,0x00128EF4,100
FUN_00128ef8,0x00128EF8,0x00128F54,92
FUN_00128f60,0x00128F60,0x00129150,496
FUN_00129150,0x00129150,0x00129D68,3096
FUN_00129d70,0x00129D70,0x00129EEC,380
FUN_00129ef0,0x00129EF0,0x0012A038,328
FUN_0012a038,0x0012A038,0x0012A278,576
FUN_0012a278,0x0012A278,0x0012A6DC,1124
FUN_0012a6e0,0x0012A6E0,0x0012A798,184
FUN_0012a798,0x0012A798,0x0012AE44,1708
FUN_0012ae48,0x0012AE48,0x0012B234,1004
FUN_0012b238,0x0012B238,0x0012B758,1312
FUN_0012b758,0x0012B758,0x0012B800,168
FUN_0012b800,0x0012B800,0x0012B8AC,172
FUN_0012b8b0,0x0012B8B0,0x0012BA24,372
FUN_0012ba28,0x0012BA28,0x0012BAF4,204
FUN_0012baf8,0x0012BAF8,0x0012BBE8,240
FUN_0012bbe8,0x0012BBE8,0x0012BCB0,200
vcs_Opcode0160_RequestModel,0x0012BCB0,0x0012BD7C,204
vcs_Opcode041A_RequestModelName,0x0012BD80,0x0012BE6C,236
vcs_Opcode0161_HasModelLoaded,0x0012BE70,0x0012BFC0,336
vcs_Opcode0228_LoadAllModelsNow,0x0012BFC0,0x0012BFF0,48
vcs_Opcode0162_MarkModelAsNoLongerNeeded,0x0012BFF0,0x0012C088,152
FUN_0012c088,0x0012C088,0x0012C0F8,112
FUN_0012c0f8,0x0012C0F8,0x0012C1E0,232
vcs_Opcode055A_ConditionReducer,0x0012C1E0,0x0012C2D0,240
FUN_0012c2d0,0x0012C2D0,0x0012C36C,156
FUN_0012c370,0x0012C370,0x0012C3C4,84
FUN_0012c3c8,0x0012C3C8,0x0012C898,1232
FUN_0012c898,0x0012C898,0x0012CA50,440
FUN_0012ca50,0x0012CA50,0x0012CA84,52
FUN_0012ca88,0x0012CA88,0x0012D420,2456
FUN_0012d420,0x0012D420,0x0012DD90,2416
FUN_0012dd90,0x0012DD90,0x0012DDC8,56
FUN_0012ddc8,0x0012DDC8,0x0012E940,2936
FUN_0012e940,0x0012E940,0x0012EA7C,316
FUN_0012ea80,0x0012EA80,0x0012EB20,160
FUN_0012eb20,0x0012EB20,0x0012EBD4,180
FUN_0012ebd8,0x0012EBD8,0x0012EC90,184
FUN_0012ec90,0x0012EC90,0x0012F248,1464
FUN_0012f248,0x0012F248,0x0012F2E0,152
FUN_0012f2e0,0x0012F2E0,0x0012F420,320
FUN_0012f420,0x0012F420,0x0012F570,336
FUN_0012f570,0x0012F570,0x0013027C,3336
FUN_00130280,0x00130280,0x001304F0,624
FUN_001304f0,0x001304F0,0x001305F4,260
FUN_001305f8,0x001305F8,0x00130D58,1888
FUN_00130d58,0x00130D58,0x00130DA4,76
FUN_00130da8,0x00130DA8,0x00130DC8,32
FUN_00130dc8,0x00130DC8,0x00130F3C,372
FUN_00130f40,0x00130F40,0x00130FE4,164
FUN_00130fe8,0x00130FE8,0x00131248,608
FUN_00131248,0x00131248,0x00131380,312
FUN_00131380,0x00131380,0x001313A4,36
FUN_001313a8,0x001313A8,0x001313CC,36
FUN_001313d0,0x001313D0,0x001313F8,40
FUN_001313f8,0x001313F8,0x00131708,784
FUN_00131708,0x00131708,0x00131748,64
FUN_00131748,0x00131748,0x001320D8,2448
FUN_001320d8,0x001320D8,0x00132198,192
FUN_00132198,0x00132198,0x00132318,384
FUN_00132318,0x00132318,0x00132324,12
FUN_00132328,0x00132328,0x00132C4C,2340
FUN_00132c50,0x00132C50,0x00132E68,536
FUN_00132e68,0x00132E68,0x00132F30,200
FUN_00132f30,0x00132F30,0x001330D0,416
FUN_001330d0,0x001330D0,0x00133254,388
FUN_00133258,0x00133258,0x001332A4,76
FUN_001332a8,0x001332A8,0x00133398,240
FUN_00133398,0x00133398,0x0013347C,228
FUN_00133480,0x00133480,0x00133564,228
FUN_00133568,0x00133568,0x001336B0,328
FUN_001336b0,0x001336B0,0x001336FC,76
FUN_00133700,0x00133700,0x00133754,84
FUN_001337f0,0x001337F0,0x001344D0,3296
FUN_001344d0,0x001344D0,0x00134524,84
FUN_00134528,0x00134528,0x00134554,44
FUN_00134558,0x00134558,0x0013459C,68
FUN_001345a0,0x001345A0,0x00134A28,1160
FUN_00134a28,0x00134A28,0x00135AE4,4284
FUN_00135ae8,0x00135AE8,0x00135B50,104
FUN_00135b68,0x00135B68,0x00135F8C,1060
FUN_00135f90,0x00135F90,0x00136688,1784
FUN_00136688,0x00136688,0x00136748,192
FUN_00136748,0x00136748,0x001367B0,104
FUN_001367e0,0x001367E0,0x00136808,40
FUN_00136868,0x00136868,0x00136C0C,932
FUN_00136c10,0x00136C10,0x00137C78,4200
FUN_00137c78,0x00137C78,0x00137D68,240
FUN_00137d68,0x00137D68,0x00137D70,8
FUN_00137d70,0x00137D70,0x00137D80,16
FUN_00137d80,0x00137D80,0x00137E24,164
FUN_00137e28,0x00137E28,0x00137EDC,180
FUN_00137ee0,0x00137EE0,0x00137FF4,276
FUN_00137ff8,0x00137FF8,0x00138274,636
FUN_00138280,0x00138280,0x00138B4C,2252
FUN_00138b50,0x00138B50,0x00138B68,24
FUN_00138b68,0x00138B68,0x00139ED4,4972
FUN_00139ed8,0x00139ED8,0x0013A0A0,456
FUN_0013a0a0,0x0013A0A0,0x001402D4,25136
FUN_001402d8,0x001402D8,0x00140498,448
FUN_00140498,0x00140498,0x00140A38,1440
FUN_00140a38,0x00140A38,0x00140AF0,184
FUN_00140af0,0x00140AF0,0x00140B24,52
FUN_00140b28,0x00140B28,0x001419CC,3748
FUN_001419d0,0x001419D0,0x00141FE8,1560
FUN_00141fe8,0x00141FE8,0x0014C308,41760
FUN_0014c308,0x0014C308,0x0014C6A8,928
FUN_0014c6a8,0x0014C6A8,0x0014CA80,984
FUN_0014ca80,0x0014CA80,0x0014D008,1416
FUN_0014d070,0x0014D070,0x0014D760,1776
FUN_0014d788,0x0014D788,0x0014DD5C,1492
FUN_0014dd60,0x0014DD60,0x0014DF68,520
FUN_0014df68,0x0014DF68,0x0014E21C,692
FUN_0014e228,0x0014E228,0x0014E254,44
FUN_0014e370,0x0014E370,0x0014E3DC,108
FUN_0014e3e0,0x0014E3E0,0x0014E508,296
FUN_0014e508,0x0014E508,0x0014EC30,1832
FUN_0014ec30,0x0014EC30,0x0014EE28,504
FUN_0014ee28,0x0014EE28,0x0014EE68,64
FUN_0014ee68,0x0014EE68,0x0014F420,1464
FUN_0014f420,0x0014F420,0x0014F610,496
FUN_0014f610,0x0014F610,0x0014FDA4,1940
FUN_0014fda8,0x0014FDA8,0x0014FDF0,72
FUN_0014fdf0,0x0014FDF0,0x00150078,648
FUN_00150078,0x00150078,0x00150C8C,3092
FUN_00150c90,0x00150C90,0x00151924,3220
FUN_00151928,0x00151928,0x00151A84,348
FUN_00151a88,0x00151A88,0x00151DEC,868
FUN_00151df0,0x00151DF0,0x00152070,640
FUN_00152070,0x00152070,0x00152334,708
FUN_00152338,0x00152338,0x00152394,92
FUN_00152398,0x00152398,0x0015264C,692
FUN_00152650,0x00152650,0x00152904,692
FUN_00152908,0x00152908,0x00152A5C,340
FUN_00152a60,0x00152A60,0x00152E18,952
FUN_00152e18,0x00152E18,0x00153F24,4364
FUN_00153f30,0x00153F30,0x00154464,1332
FUN_00154468,0x00154468,0x001544E8,128
FUN_001544e8,0x001544E8,0x00154AB8,1488
FUN_00154ab8,0x00154AB8,0x00154B1C,100
FUN_00154b20,0x00154B20,0x00154B40,32
FUN_00154b40,0x00154B40,0x00154B68,40
FUN_00154b68,0x00154B68,0x00154BAC,68
FUN_00154bb0,0x00154BB0,0x00154BD4,36
FUN_00154be0,0x00154BE0,0x00154C08,40
FUN_00154c08,0x00154C08,0x00154C2C,36
FUN_00154c38,0x00154C38,0x00154D10,216
FUN_00154d10,0x00154D10,0x00154F70,604
FUN_00154f70,0x00154F70,0x00155068,248
FUN_00155068,0x00155068,0x001552F4,652
FUN_001552f8,0x001552F8,0x00155338,64
FUN_00155338,0x00155338,0x001557DC,1188
FUN_001557e0,0x001557E0,0x00155C04,1060
FUN_00155c08,0x00155C08,0x00155E84,636
FUN_00155e88,0x00155E88,0x00156298,1040
FUN_00156298,0x00156298,0x001566E0,1096
FUN_001566e0,0x001566E0,0x00156710,48
FUN_00156710,0x00156710,0x00156800,240
FUN_00156800,0x00156800,0x001568EC,236
FUN_001568f8,0x001568F8,0x0015698C,148
FUN_00156990,0x00156990,0x00156AC0,304
FUN_00156ac0,0x00156AC0,0x00156CFC,572
FUN_00156d00,0x00156D00,0x00156E34,308
FUN_00156e38,0x00156E38,0x00156E7C,68
FUN_00156e80,0x00156E80,0x001572FC,1148
FUN_00157300,0x00157300,0x001574E0,480
FUN_001574e0,0x001574E0,0x00157628,328
FUN_00157628,0x00157628,0x001576B0,136
FUN_001576b0,0x001576B0,0x0015771C,108
FUN_00157720,0x00157720,0x00157798,120
FUN_00157798,0x00157798,0x00157988,496
FUN_00157988,0x00157988,0x00157C28,672
FUN_00157c28,0x00157C28,0x00157FAC,900
FUN_00157fc0,0x00157FC0,0x00158DE0,3616
FUN_00158de0,0x00158DE0,0x00158EAC,204
FUN_00158eb0,0x00158EB0,0x00158F68,184
FUN_00159088,0x00159088,0x001591FC,372
FUN_00159200,0x00159200,0x00159374,372
FUN_00159378,0x00159378,0x00159450,216
FUN_00159450,0x00159450,0x001595C4,372
FUN_001595c8,0x001595C8,0x0015973C,372
FUN_00159740,0x00159740,0x001598B4,372
FUN_001598b8,0x001598B8,0x00159A2C,372
FUN_00159a30,0x00159A30,0x00159BA4,372
FUN_00159ba8,0x00159BA8,0x00159D1C,372
FUN_00159d20,0x00159D20,0x00159E94,372
FUN_00159e98,0x00159E98,0x0015A00C,372
FUN_0015a010,0x0015A010,0x0015A184,372
FUN_0015a460,0x0015A460,0x0015A580,288
FUN_0015a580,0x0015A580,0x0015A6F4,372
FUN_0015a6f8,0x0015A6F8,0x0015A86C,372
FUN_0015a870,0x0015A870,0x0015A9E4,372
FUN_0015a9e8,0x0015A9E8,0x0015AB5C,372
FUN_0015ab60,0x0015AB60,0x0015ACD4,372
FUN_0015acd8,0x0015ACD8,0x0015AE4C,372
FUN_0015ae50,0x0015AE50,0x0015AFC4,372
FUN_0015afc8,0x0015AFC8,0x0015B13C,372
FUN_0015b140,0x0015B140,0x0015B2B4,372
FUN_0015b2b8,0x0015B2B8,0x0015B42C,372
FUN_0015b430,0x0015B430,0x0015B5A4,372
FUN_0015b5a8,0x0015B5A8,0x0015B674,204
FUN_0015b680,0x0015B680,0x0015B7F4,372
FUN_0015b7f8,0x0015B7F8,0x0015B96C,372
FUN_0015b970,0x0015B970,0x0015BA3C,204
FUN_0015ba48,0x0015BA48,0x0015BB68,288
FUN_0015bca0,0x0015BCA0,0x0015BDC0,288
FUN_0015bdc0,0x0015BDC0,0x0015BEEC,300
FUN_0015bef0,0x0015BEF0,0x0015C010,288
FUN_0015c010,0x0015C010,0x0015C130,288
FUN_0015c148,0x0015C148,0x0015C2B0,360
FUN_0015c2b0,0x0015C2B0,0x0015C424,372
FUN_0015c428,0x0015C428,0x0015C4F4,204
FUN_0015c4f8,0x0015C4F8,0x0015C5C4,204
FUN_0015c5c8,0x0015C5C8,0x0015C694,204
FUN_0015c698,0x0015C698,0x0015C800,360
FUN_0015c800,0x0015C800,0x0015C95C,348
FUN_0015c970,0x0015C970,0x0015CA3C,204
FUN_0015ca40,0x0015CA40,0x0015CB0C,204
FUN_0015cb10,0x0015CB10,0x0015CBDC,204
FUN_0015cbf0,0x0015CBF0,0x0015CC78,136
FUN_0015cc80,0x0015CC80,0x0015CDD0,336
FUN_0015cdd0,0x0015CDD0,0x0015CE9C,204
FUN_0015cea0,0x0015CEA0,0x0015D014,372
FUN_0015d018,0x0015D018,0x0015D18C,372
FUN_0015d1a0,0x0015D1A0,0x0015D26C,204
FUN_0015d270,0x0015D270,0x0015D33C,204
FUN_0015d428,0x0015D428,0x0015D50C,228
FUN_0015d510,0x0015D510,0x0015D684,372
FUN_0015d688,0x0015D688,0x0015D7E4,348
FUN_0015d7e8,0x0015D7E8,0x0015D95C,372
FUN_0015d960,0x0015D960,0x0015DAD4,372
FUN_0015dad8,0x0015DAD8,0x0015DC4C,372
FUN_0015dc50,0x0015DC50,0x0015DDC4,372
FUN_0015ddc8,0x0015DDC8,0x0015DF3C,372
FUN_0015df40,0x0015DF40,0x0015E0B4,372
FUN_0015e0b8,0x0015E0B8,0x0015E22C,372
FUN_0015e230,0x0015E230,0x0015E3A4,372
FUN_0015e3a8,0x0015E3A8,0x0015E51C,372
FUN_0015e520,0x0015E520,0x0015E694,372
FUN_0015e698,0x0015E698,0x0015E7F4,348
FUN_0015e7f8,0x0015E7F8,0x0015E8C4,204
FUN_0015e8c8,0x0015E8C8,0x0015E994,204
FUN_0015e998,0x0015E998,0x0015EA70,216
FUN_0015ea70,0x0015EA70,0x0015EBE4,372
FUN_0015ebe8,0x0015EBE8,0x0015ED5C,372
FUN_0015ed60,0x0015ED60,0x0015EED4,372
FUN_0015eed8,0x0015EED8,0x0015F028,336
FUN_0015f028,0x0015F028,0x0015F19C,372
FUN_0015f1a0,0x0015F1A0,0x0015F314,372
FUN_0015f318,0x0015F318,0x0015F48C,372
FUN_0015f490,0x0015F490,0x0015F604,372
FUN_0015f608,0x0015F608,0x0015F77C,372
FUN_0015f780,0x0015F780,0x0015F84C,204
FUN_0015f868,0x0015F868,0x0015F940,216
FUN_0015f940,0x0015F940,0x0015FA0C,204
FUN_0015fa10,0x0015FA10,0x0015FADC,204
FUN_0015fae0,0x0015FAE0,0x0015FC54,372
FUN_0015fc58,0x0015FC58,0x0015FDCC,372
FUN_0015fdd0,0x0015FDD0,0x0015FE9C,204
FUN_0015fea0,0x0015FEA0,0x00160014,372
FUN_00160018,0x00160018,0x0016018C,372
FUN_00160198,0x00160198,0x00160264,204
FUN_00160268,0x00160268,0x001603DC,372
FUN_001603e0,0x001603E0,0x0016053C,348
FUN_00160540,0x00160540,0x0016060C,204
FUN_00160610,0x00160610,0x00160784,372
FUN_00160788,0x00160788,0x001608FC,372
FUN_00160908,0x00160908,0x001609C0,184
FUN_001609c0,0x001609C0,0x00160A3C,124
FUN_00160a40,0x00160A40,0x00160B0C,204
FUN_00160b10,0x00160B10,0x00160BDC,204
FUN_00160be0,0x00160BE0,0x00160CAC,204
FUN_00160cb0,0x00160CB0,0x00160D7C,204
FUN_00160d80,0x00160D80,0x00160E4C,204
FUN_00160e50,0x00160E50,0x00160F28,216
FUN_00160f28,0x00160F28,0x0016109C,372
FUN_001610a0,0x001610A0,0x00161214,372
FUN_00161218,0x00161218,0x0016126C,84
FUN_00161270,0x00161270,0x001612C4,84
FUN_001612c8,0x001612C8,0x0016131C,84
FUN_00161320,0x00161320,0x00161374,84
FUN_00161378,0x00161378,0x00161444,204
FUN_00161448,0x00161448,0x00161514,204
FUN_00161518,0x00161518,0x001615E4,204
FUN_001615e8,0x001615E8,0x001616B4,204
FUN_001616b8,0x001616B8,0x00161784,204
FUN_00161788,0x00161788,0x00161854,204
FUN_00161858,0x00161858,0x00161924,204
FUN_00161928,0x00161928,0x001619F4,204
FUN_00161ce8,0x00161CE8,0x00161DB4,204
FUN_00161db8,0x00161DB8,0x00161E84,204
FUN_00161e88,0x00161E88,0x00161F4C,196
FUN_00161f50,0x00161F50,0x00162014,196
FUN_00162018,0x00162018,0x001620E4,204
FUN_001620e8,0x001620E8,0x001621B4,204
FUN_001621b8,0x001621B8,0x00162284,204
FUN_00162288,0x00162288,0x00162354,204
FUN_00162358,0x00162358,0x00162430,216
FUN_00162438,0x00162438,0x001625DC,420
FUN_001625e0,0x001625E0,0x00162760,384
FUN_00162760,0x00162760,0x001628E0,384
FUN_001628e0,0x001628E0,0x00162A24,324
FUN_00162a28,0x00162A28,0x00162BC0,408
FUN_00162bc0,0x00162BC0,0x00162D64,420
FUN_00162d68,0x00162D68,0x00162EF4,396
FUN_00162ef8,0x00162EF8,0x00163054,348
FUN_00163058,0x00163058,0x00163208,432
FUN_00163208,0x00163208,0x001633AC,420
FUN_001633b0,0x001633B0,0x00163548,408
FUN_00163548,0x00163548,0x001636B0,360
FUN_001636b0,0x001636B0,0x0016377C,204
FUN_00163780,0x00163780,0x001638F4,372
FUN_001638f8,0x001638F8,0x00163A6C,372
FUN_00163a70,0x00163A70,0x00163BE4,372
FUN_00163be8,0x00163BE8,0x00163D5C,372
FUN_00163d60,0x00163D60,0x00163ED4,372
FUN_00163ed8,0x00163ED8,0x0016404C,372
FUN_00164050,0x00164050,0x001641C4,372
FUN_001641c8,0x001641C8,0x0016433C,372
FUN_00164340,0x00164340,0x001644B4,372
FUN_001644b8,0x001644B8,0x0016462C,372
FUN_001647a8,0x001647A8,0x0016491C,372
FUN_00164920,0x00164920,0x00164A94,372
FUN_00164a98,0x00164A98,0x00164C00,360
FUN_00164c00,0x00164C00,0x00164D74,372
FUN_00164d78,0x00164D78,0x00164EEC,372
FUN_00164ef0,0x00164EF0,0x00165064,372
FUN_00165068,0x00165068,0x001651DC,372
FUN_001651e0,0x001651E0,0x00165330,336
FUN_00165330,0x00165330,0x001654A4,372
FUN_001654a8,0x001654A8,0x0016561C,372
FUN_00165620,0x00165620,0x00165794,372
FUN_00165798,0x00165798,0x0016590C,372
FUN_00165910,0x00165910,0x00165A84,372
FUN_00165a88,0x00165A88,0x00165BFC,372
FUN_00165c00,0x00165C00,0x00165D74,372
FUN_00165d78,0x00165D78,0x00165EEC,372
FUN_00166068,0x00166068,0x001661DC,372
FUN_001661e0,0x001661E0,0x00166354,372
FUN_00166358,0x00166358,0x001664CC,372
FUN_001664d0,0x001664D0,0x00166644,372
FUN_00166648,0x00166648,0x001667BC,372
FUN_001667c0,0x001667C0,0x00166934,372
FUN_00166938,0x00166938,0x00166A04,204
FUN_00166a08,0x00166A08,0x00166AD4,204
FUN_00166ae0,0x00166AE0,0x00166C64,388
FUN_00166c68,0x00166C68,0x00166C9C,52
FUN_00166ca0,0x00166CA0,0x00166CE0,64
FUN_00166ce0,0x00166CE0,0x00167610,2352
FUN_00167610,0x00167610,0x00167650,64
FUN_00167650,0x00167650,0x001676C4,116
FUN_001676c8,0x001676C8,0x00167D54,1676
FUN_00167d58,0x00167D58,0x00167E80,296
FUN_00167e80,0x00167E80,0x00167EB0,48
FUN_00167eb0,0x00167EB0,0x001680A8,504
FUN_001680a8,0x001680A8,0x001684F8,1104
FUN_001684f8,0x001684F8,0x00168F50,2648
FUN_00168f50,0x00168F50,0x00168FA4,84
FUN_00168fa8,0x00168FA8,0x00168FD8,48
FUN_00168fd8,0x00168FD8,0x0016905C,132
FUN_00169060,0x00169060,0x00169074,20
FUN_00169078,0x00169078,0x00169120,168
FUN_00169120,0x00169120,0x00169128,8
FUN_00169128,0x00169128,0x001692BC,404
FUN_001692c0,0x001692C0,0x00169C6C,2476
FUN_00169c70,0x00169C70,0x00169CA0,48
FUN_00169ca0,0x00169CA0,0x00169CF4,84
FUN_00169cf8,0x00169CF8,0x00169E28,304
FUN_00169e28,0x00169E28,0x00169F64,316
FUN_00169f68,0x00169F68,0x0016A024,188
FUN_0016a028,0x0016A028,0x0016A22C,516
FUN_0016a230,0x0016A230,0x0016A23C,12
FUN_0016a240,0x0016A240,0x0016AEFC,3260
FUN_0016af00,0x0016AF00,0x0016AF74,116
FUN_0016af78,0x0016AF78,0x0016B10C,404
FUN_0016b110,0x0016B110,0x0016B11C,12
FUN_0016b120,0x0016B120,0x0016B5C8,1192
FUN_0016b5c8,0x0016B5C8,0x0016B63C,116
FUN_0016b640,0x0016B640,0x0016B7E0,416
FUN_0016b7e0,0x0016B7E0,0x0016B810,48
FUN_0016b810,0x0016B810,0x0016B864,84
FUN_0016b868,0x0016B868,0x0016B984,284
FUN_0016b998,0x0016B998,0x0016BBBC,548
FUN_0016bbc0,0x0016BBC0,0x0016BC34,116
FUN_0016bc38,0x0016BC38,0x0016BEE8,688
FUN_0016bee8,0x0016BEE8,0x0016BFA8,192
FUN_0016bfa8,0x0016BFA8,0x0016BFFC,84
FUN_0016c000,0x0016C000,0x0016C490,1168
FUN_0016c490,0x0016C490,0x0016EB18,9864
FUN_0016eb18,0x0016EB18,0x0016EC44,300
FUN_0016ec48,0x0016EC48,0x0016ECFC,180
FUN_0016ed10,0x0016ED10,0x0016EE80,368
FUN_0016ee80,0x0016EE80,0x0016EEA0,32
FUN_0016eea8,0x0016EEA8,0x0016EF5C,180
FUN_0016ef60,0x0016EF60,0x0016EFC8,104
FUN_0016efc8,0x0016EFC8,0x0016F084,188
FUN_0016f088,0x0016F088,0x0016F5C8,1344
FUN_0016f5c8,0x0016F5C8,0x001704B8,3824
FUN_001704b8,0x001704B8,0x0017092C,1140
FUN_00170930,0x00170930,0x00170AF4,452
FUN_00170af8,0x00170AF8,0x00170D24,556
FUN_00170d28,0x00170D28,0x001716FC,2516
FUN_00171700,0x00171700,0x00171858,344
FUN_00171858,0x00171858,0x00171E64,1548
FUN_00171e78,0x00171E78,0x00171EF8,128
FUN_00171f00,0x00171F00,0x00171F1C,28
FUN_00171f20,0x00171F20,0x0017207C,348
FUN_00172080,0x00172080,0x00172154,212
FUN_00172158,0x00172158,0x001721D8,128
FUN_001721d8,0x001721D8,0x00174558,9088
FUN_00174558,0x00174558,0x001745DC,132
FUN_001745e0,0x001745E0,0x001747F4,532
FUN_00174818,0x00174818,0x00174828,16
FUN_00174828,0x00174828,0x00174834,12
FUN_00174838,0x00174838,0x00174A6C,564
FUN_00174a70,0x00174A70,0x00174C68,504
FUN_00174c68,0x00174C68,0x00174DA4,316
FUN_00174da8,0x00174DA8,0x00174E90,232
FUN_00174e90,0x00174E90,0x00174FC0,304
FUN_00174fc0,0x00174FC0,0x00174FE0,32
FUN_00174fe0,0x00174FE0,0x00175030,80
FUN_00175030,0x00175030,0x00175038,8
FUN_00175040,0x00175040,0x00175068,40
FUN_00175068,0x00175068,0x00175178,272
FUN_00175178,0x00175178,0x00175260,232
FUN_00175260,0x00175260,0x00175318,184
FUN_00175318,0x00175318,0x001753D0,184
FUN_001753d0,0x001753D0,0x001753D8,8
FUN_001753d8,0x001753D8,0x001753E0,8
FUN_001753e0,0x001753E0,0x001753E8,8
FUN_001753e8,0x001753E8,0x00175484,156
FUN_001754a0,0x001754A0,0x001755C0,288
FUN_001755c0,0x001755C0,0x001755DC,28
FUN_001755e0,0x001755E0,0x001755FC,28
FUN_00175600,0x00175600,0x001762EC,3308
FUN_001762f0,0x001762F0,0x001763C0,208
FUN_001763c0,0x001763C0,0x0017665C,668
FUN_00176660,0x00176660,0x00176750,240
FUN_00176750,0x00176750,0x00176774,36
FUN_00176778,0x00176778,0x00176788,16
FUN_00176788,0x00176788,0x0017679C,20
FUN_001767a0,0x001767A0,0x001767B8,24
FUN_00176818,0x00176818,0x00176880,104
FUN_00176880,0x00176880,0x001768E8,104
FUN_001768e8,0x001768E8,0x00176938,80
FUN_00176938,0x00176938,0x001769D0,152
FUN_001769d0,0x001769D0,0x001769EC,28
FUN_001769f0,0x001769F0,0x00176AF0,256
FUN_00176af0,0x00176AF0,0x00176B78,136
FUN_00176b78,0x00176B78,0x00176CFC,388
FUN_00176d00,0x00176D00,0x00176D90,144
FUN_00176d90,0x00176D90,0x00176DB0,32
FUN_00176db0,0x00176DB0,0x00176E1C,108
FUN_00176e30,0x00176E30,0x00176E94,100
FUN_00176e98,0x00176E98,0x00176EF8,96
FUN_00176ef8,0x00176EF8,0x00176F28,48
FUN_00176f28,0x00176F28,0x00177840,2328
FUN_00177848,0x00177848,0x00177864,28
FUN_00177868,0x00177868,0x00177884,28
FUN_00177888,0x00177888,0x001778DC,84
FUN_001778e0,0x001778E0,0x00177AA4,452
FUN_00177aa8,0x00177AA8,0x00177C74,460
FUN_00177c78,0x00177C78,0x00178014,924
FUN_00178018,0x00178018,0x001780DC,196
FUN_00178148,0x00178148,0x00178190,72
FUN_00178190,0x00178190,0x0017820C,124
FUN_00178228,0x00178228,0x00178264,60
FUN_00178268,0x00178268,0x001782A8,64
FUN_001782a8,0x001782A8,0x00178334,140
FUN_00178338,0x00178338,0x001783A0,104
FUN_001783a8,0x001783A8,0x001784C0,280
FUN_001784c0,0x001784C0,0x00178504,68
FUN_00178538,0x00178538,0x00178584,76
FUN_00178588,0x00178588,0x00178628,160
FUN_00178628,0x00178628,0x0017866C,68
FUN_00178670,0x00178670,0x0017868C,28
FUN_00178698,0x00178698,0x001786D8,64
FUN_001786d8,0x001786D8,0x00178730,88
FUN_00178730,0x00178730,0x0017874C,28
FUN_00178750,0x00178750,0x001787C0,112
FUN_001787c8,0x001787C8,0x00178800,56
FUN_00178808,0x00178808,0x00178844,60
FUN_00178848,0x00178848,0x00178878,44
FUN_00178878,0x00178878,0x001788C8,80
FUN_001788c8,0x001788C8,0x0017890C,68
FUN_00178910,0x00178910,0x00178980,112
FUN_00178990,0x00178990,0x001789D4,68
FUN_001789d8,0x001789D8,0x00178A08,48
FUN_001790b0,0x001790B0,0x001790D0,32
vcs_CFileMgr_SetDir,0x001790D0,0x00179160,144
vcs_CFileMgr_OpenFile,0x00179168,0x00179184,28
vcs_CFileMgr_Read,0x00179188,0x001791AC,36
vcs_CFileMgr_Seek,0x001791B8,0x001791D8,32
vcs_CFileMgr_CloseFile,0x001791E8,0x00179204,28
FUN_00179210,0x00179210,0x00179244,52
FUN_00179248,0x00179248,0x00179250,8
FUN_00179280,0x00179280,0x00179308,136
FUN_00179310,0x00179310,0x001793F0,224
FUN_001793f0,0x001793F0,0x00179430,64
FUN_00179430,0x00179430,0x00179504,212
FUN_00179510,0x00179510,0x00179558,72
FUN_00179558,0x00179558,0x0017962C,212
FUN_00179630,0x00179630,0x001796E8,184
FUN_001796e8,0x001796E8,0x00179B34,1100
FUN_00179b38,0x00179B38,0x00179FB8,1152
FUN_00179fb8,0x00179FB8,0x00179FF8,64
FUN_00179ff8,0x00179FF8,0x0017A018,32
FUN_0017a060,0x0017A060,0x0017A170,272
FUN_0017a170,0x0017A170,0x0017A28C,284
FUN_0017a290,0x0017A290,0x0017A2BC,44
FUN_0017a2c0,0x0017A2C0,0x0017A464,420
FUN_0017a468,0x0017A468,0x0017A728,704
FUN_0017a728,0x0017A728,0x0017A7C8,160
FUN_0017a7c8,0x0017A7C8,0x0017A7F8,48
FUN_0017a7f8,0x0017A7F8,0x0017A810,24
FUN_0017a810,0x0017A810,0x0017A834,36
FUN_0017a838,0x0017A838,0x0017A8CC,148
FUN_0017a8d0,0x0017A8D0,0x0017A9A0,208
FUN_0017a9a0,0x0017A9A0,0x0017AA10,112
FUN_0017aa10,0x0017AA10,0x0017AAF0,224
FUN_0017aaf0,0x0017AAF0,0x0017AB34,68
FUN_0017ab38,0x0017AB38,0x0017ABEC,176
FUN_0017abf8,0x0017ABF8,0x0017AC84,140
FUN_0017ac88,0x0017AC88,0x0017ACC8,64
FUN_0017acc8,0x0017ACC8,0x0017AD28,96
FUN_0017ad28,0x0017AD28,0x0017AD6C,68
FUN_0017ad70,0x0017AD70,0x0017ADB4,68
FUN_0017adb8,0x0017ADB8,0x0017AE6C,180
FUN_0017ae70,0x0017AE70,0x0017AF00,144
FUN_0017af00,0x0017AF00,0x0017AF5C,92
FUN_0017af60,0x0017AF60,0x0017B018,184
FUN_0017b018,0x0017B018,0x0017B044,44
FUN_0017b048,0x0017B048,0x0017B180,312
FUN_0017b180,0x0017B180,0x0017B75C,1500
FUN_0017b768,0x0017B768,0x0017B7E0,120
FUN_0017b7e0,0x0017B7E0,0x0017B8DC,252
FUN_0017b8e0,0x0017B8E0,0x0017B990,176
FUN_0017b9a0,0x0017B9A0,0x0017B9B4,20
FUN_0017b9b8,0x0017B9B8,0x0017BA18,96
FUN_0017ba18,0x0017BA18,0x0017BA80,104
FUN_0017ba80,0x0017BA80,0x0017BA9C,28
FUN_0017baa8,0x0017BAA8,0x0017BAF8,80
FUN_0017baf8,0x0017BAF8,0x0017BB34,60
FUN_0017bb38,0x0017BB38,0x0017BB68,48
FUN_0017bb68,0x0017BB68,0x0017C17C,1556
FUN_0017c180,0x0017C180,0x0017C1AC,44
FUN_0017c1b0,0x0017C1B0,0x0017C1DC,44
FUN_0017c1e0,0x0017C1E0,0x0017C22C,76
FUN_0017c238,0x0017C238,0x0017C28C,84
FUN_0017c290,0x0017C290,0x0017C2C0,48
FUN_0017c2c0,0x0017C2C0,0x0017C2E0,32
StoreU16AtOffset2,0x0017C308,0x0017C310,8
FUN_0017c318,0x0017C318,0x0017C320,8
FUN_0017c320,0x0017C320,0x0017C328,8
FUN_0017c328,0x0017C328,0x0017C330,8
FUN_0017c330,0x0017C330,0x0017C338,8
FUN_0017c338,0x0017C338,0x0017C3E8,176
FUN_0017c3e8,0x0017C3E8,0x0017C3FC,20
FUN_0017c410,0x0017C410,0x0017C418,8
FUN_0017c418,0x0017C418,0x0017C4BC,164
FUN_0017c4c0,0x0017C4C0,0x0017C4CC,12
FUN_0017c4d0,0x0017C4D0,0x0017C690,448
FUN_0017c690,0x0017C690,0x0017C698,8
FUN_0017c698,0x0017C698,0x0017C6B8,32
FUN_0017c6e0,0x0017C6E0,0x0017C750,112
FUN_0017c750,0x0017C750,0x0017C7D4,132
FUN_0017c7d8,0x0017C7D8,0x0017C81C,68
FUN_0017c820,0x0017C820,0x0017C998,376
FUN_0017c998,0x0017C998,0x0017CA18,128
FUN_0017ca18,0x0017CA18,0x0017CB20,264
FUN_0017cb20,0x0017CB20,0x0017CC44,292
FUN_0017cc48,0x0017CC48,0x0017CD2C,228
FUN_0017cd30,0x0017CD30,0x0017D2F0,1472
FUN_0017d2f0,0x0017D2F0,0x0017D888,1432
FUN_0017d888,0x0017D888,0x0017DE18,1424
FUN_0017de18,0x0017DE18,0x0017DE8C,116
FUN_0017de90,0x0017DE90,0x0017DE9C,12
FUN_0017dea0,0x0017DEA0,0x0017DEAC,12
FUN_0017deb0,0x0017DEB0,0x0017DEE0,48
FUN_0017dee0,0x0017DEE0,0x0017DF9C,188
FUN_0017dfa0,0x0017DFA0,0x0017E014,116
FUN_0017e018,0x0017E018,0x0017E0A8,144
FUN_0017e0a8,0x0017E0A8,0x0017E138,144
FUN_0017e138,0x0017E138,0x0017E1C8,144
FUN_0017e1c8,0x0017E1C8,0x0017E23C,116
FUN_0017e240,0x0017E240,0x0017E2D0,144
FUN_0017e2d0,0x0017E2D0,0x0017E364,148
FUN_0017e368,0x0017E368,0x0017E3F8,144
FUN_0017e3f8,0x0017E3F8,0x0017E488,144
FUN_0017e488,0x0017E488,0x0017E518,144
FUN_0017e518,0x0017E518,0x0017E58C,116
FUN_0017e590,0x0017E590,0x0017E620,144
FUN_0017e620,0x0017E620,0x0017E6F0,208
FUN_0017e6f0,0x0017E6F0,0x0017E794,164
vcs_Opcode047B_GetEmpireBuildingTypedPoolHandle,0x0017E798,0x0017E854,188
FUN_0017e858,0x0017E858,0x0017E93C,228
FUN_0017e940,0x0017E940,0x0017E980,64
FUN_0017e980,0x0017E980,0x0017E9C0,64
FUN_0017e9c0,0x0017E9C0,0x0017EBDC,540
FUN_0017ebe0,0x0017EBE0,0x0017EDFC,540
FUN_0017ee00,0x0017EE00,0x0017EE44,68
FUN_0017ee48,0x0017EE48,0x0017EE94,76
FUN_0017ee98,0x0017EE98,0x0017EEEC,84
FUN_0017eef0,0x0017EEF0,0x0017EF14,36
FUN_0017ef18,0x0017EF18,0x0017EF40,40
FUN_0017ef40,0x0017EF40,0x0017EF84,68
FUN_0017ef88,0x0017EF88,0x0017EFCC,68
FUN_0017efd0,0x0017EFD0,0x0017EFE8,24
FUN_0017efe8,0x0017EFE8,0x00180544,5468
FUN_00180548,0x00180548,0x00180980,1080
FUN_00180980,0x00180980,0x00180E9C,1308
FUN_00180ea0,0x00180EA0,0x00180F4C,172
FUN_00180f50,0x00180F50,0x00180FA4,84
FUN_00180fa8,0x00180FA8,0x00181150,424
FUN_00181150,0x00181150,0x001811E4,148
FUN_001811e8,0x001811E8,0x00181B58,2416
FUN_00181b58,0x00181B58,0x00181BC0,104
FUN_00181bc0,0x00181BC0,0x00181C2C,108
FUN_00181c38,0x00181C38,0x00181C78,64
FUN_00181c78,0x00181C78,0x00181C98,32
FUN_00181ca0,0x00181CA0,0x00181CEC,76
FUN_00181cf0,0x00181CF0,0x00181D58,104
FUN_00181d58,0x00181D58,0x00181D60,8
FUN_00181d60,0x00181D60,0x00181D68,8
FUN_00181d68,0x00181D68,0x00181DA4,60
FUN_00181db0,0x00181DB0,0x00181DE8,56
FUN_00181de8,0x00181DE8,0x00181E0C,36
FUN_00181e18,0x00181E18,0x00181E44,44
FUN_00181e50,0x00181E50,0x00181E74,36
FUN_00181e78,0x00181E78,0x00181E9C,36
FUN_00181eb8,0x00181EB8,0x00181F6C,180
FUN_00181f70,0x00181F70,0x00182974,2564
FUN_00182978,0x00182978,0x001829F4,124
FUN_001829f8,0x001829F8,0x00182A70,120
FUN_00182a70,0x00182A70,0x00182B70,256
FUN_00182b70,0x00182B70,0x00182C38,200
FUN_00182c38,0x00182C38,0x00182C7C,68
FUN_00182c80,0x00182C80,0x00182CA4,36
FUN_00182ca8,0x00182CA8,0x00182D68,192
FUN_00182d68,0x00182D68,0x00182E28,192
FUN_00182e28,0x00182E28,0x00182F50,296
FUN_00182f50,0x00182F50,0x00182FA8,88
FUN_00182fa8,0x00182FA8,0x00182FE4,60
FUN_00182fe8,0x00182FE8,0x00183008,32
FUN_00183008,0x00183008,0x001830A8,160
FUN_001830a8,0x001830A8,0x00183168,192
FUN_00183168,0x00183168,0x001831C8,96
FUN_001831c8,0x001831C8,0x00183224,92
FUN_00183228,0x00183228,0x0018327C,84
FUN_00183280,0x00183280,0x00183334,180
FUN_00183338,0x00183338,0x00183470,312
vcs_Opcode03F1_SwitchEmergencyServices,0x00183470,0x001834B4,68
FUN_001834b8,0x001834B8,0x001835A4,236
FUN_001835a8,0x001835A8,0x001835E8,64
FUN_001835e8,0x001835E8,0x00183694,172
FUN_00183698,0x00183698,0x0018379C,260
FUN_001837a0,0x001837A0,0x00183820,128
FUN_00183820,0x00183820,0x0018385C,60
FUN_00183860,0x00183860,0x0018389C,60
vcs_Opcode0414_PlayCharAnimation,0x001838A0,0x00183A60,448
FUN_00183a60,0x00183A60,0x00183C50,496
FUN_00183c50,0x00183C50,0x00183CC4,116
FUN_00183cc8,0x00183CC8,0x00183D84,188
FUN_00183d88,0x00183D88,0x00183F20,408
FUN_00183f20,0x00183F20,0x00184038,280
FUN_00184038,0x00184038,0x00184138,256
FUN_00184138,0x00184138,0x001841B0,120
FUN_001841b0,0x001841B0,0x00184240,144
FUN_00184240,0x00184240,0x001842C4,132
FUN_001842c8,0x001842C8,0x00184374,172
FUN_00184378,0x00184378,0x001843F4,124
FUN_00184408,0x00184408,0x001849C8,1472
vcs_Opcode01E0_SetProgressTotal,0x00184A60,0x00184AA4,68
FUN_00184aa8,0x00184AA8,0x00184AF0,72
FUN_00184af0,0x00184AF0,0x00184B38,72
FUN_00184b38,0x00184B38,0x00184B84,76
FUN_00184b88,0x00184B88,0x00184BD4,76
FUN_00184bd8,0x00184BD8,0x00184C24,76
FUN_00184c40,0x00184C40,0x00184C80,64
FUN_00184c98,0x00184C98,0x00184CE0,72
FUN_00184cf8,0x00184CF8,0x00184DB8,192
FUN_00184db8,0x00184DB8,0x00184DD8,32
FUN_00184dd8,0x00184DD8,0x00184DF8,32
FUN_00184df8,0x00184DF8,0x00184E34,60
FUN_00184e38,0x00184E38,0x00184E58,32
vcs_Opcode0296_SetTotalNumberOfMissionsNoOp,0x00184E58,0x00184E84,44
FUN_00184e88,0x00184E88,0x00184F5C,212
FUN_00184f60,0x00184F60,0x00184F9C,60
FUN_00184fa0,0x00184FA0,0x00184FDC,60
FUN_00184fe0,0x00184FE0,0x00185068,136
FUN_00185068,0x00185068,0x001850B8,80
FUN_001850b8,0x001850B8,0x001850F8,64
FUN_001850f8,0x001850F8,0x00185134,60
vcs_Opcode03AC_SetUniqueJumpsFound,0x00185138,0x00185178,64
FUN_00185178,0x00185178,0x001851A4,44
FUN_001851c0,0x001851C0,0x00185208,72
FUN_00185208,0x00185208,0x00185250,72
FUN_00185250,0x00185250,0x00185290,64
FUN_00185290,0x00185290,0x001852CC,60
FUN_001852d0,0x001852D0,0x00185354,132
FUN_00185358,0x00185358,0x00185398,64
FUN_00185398,0x00185398,0x001853D8,64
FUN_001853d8,0x001853D8,0x00185404,44
FUN_00185408,0x00185408,0x00185460,88
FUN_00185478,0x00185478,0x001854B4,60
FUN_001854b8,0x001854B8,0x00185524,108
FUN_00185588,0x00185588,0x001855D4,76
FUN_001855d8,0x001855D8,0x00185624,76
FUN_00185628,0x00185628,0x00185674,76
FUN_00185678,0x00185678,0x001856C4,76
FUN_001856c8,0x001856C8,0x00185714,76
FUN_00185718,0x00185718,0x00185764,76
FUN_00185768,0x00185768,0x001857B4,76
FUN_001857b8,0x001857B8,0x00185804,76
FUN_00185808,0x00185808,0x00185854,76
FUN_00185858,0x00185858,0x001858A4,76
FUN_001858a8,0x001858A8,0x001858F4,76
FUN_001858f8,0x001858F8,0x00185944,76
FUN_00185948,0x00185948,0x00185994,76
FUN_00185998,0x00185998,0x001859E4,76
FUN_001859e8,0x001859E8,0x00185A34,76
FUN_00185a38,0x00185A38,0x00185A84,76
FUN_00185a88,0x00185A88,0x00185AD4,76
FUN_00185ad8,0x00185AD8,0x00185B24,76
FUN_00185b28,0x00185B28,0x00185B74,76
FUN_00185b78,0x00185B78,0x00185BC4,76
FUN_00185bc8,0x00185BC8,0x00185C14,76
FUN_00185c18,0x00185C18,0x00185C64,76
FUN_00185c68,0x00185C68,0x00185CB4,76
FUN_00185cb8,0x00185CB8,0x00185D30,120
FUN_00185d30,0x00185D30,0x00185DA8,120
FUN_00185da8,0x00185DA8,0x00185DF4,76
FUN_00185df8,0x00185DF8,0x00185E44,76
FUN_00185e48,0x00185E48,0x00185EC0,120
FUN_00185ec0,0x00185EC0,0x00185F0C,76
FUN_00185f10,0x00185F10,0x00185F5C,76
FUN_00185f60,0x00185F60,0x00185FAC,76
FUN_00185fb0,0x00185FB0,0x00185FFC,76
FUN_00186000,0x00186000,0x0018604C,76
FUN_00186050,0x00186050,0x001860A8,88
vcs_Opcode054C_SetGameProgress,0x001860A8,0x00186194,236
FUN_00186198,0x00186198,0x001861E0,72
FUN_001861e0,0x001861E0,0x00186228,72
FUN_00186228,0x00186228,0x00186274,76
FUN_00186278,0x00186278,0x001862C0,72
FUN_001862c0,0x001862C0,0x00186330,112
FUN_00186330,0x00186330,0x0018637C,76
FUN_00186380,0x00186380,0x001863CC,76
FUN_001863d0,0x001863D0,0x0018641C,76
FUN_00186420,0x00186420,0x0018646C,76
FUN_00186470,0x00186470,0x001864BC,76
FUN_001864c0,0x001864C0,0x00186538,120
FUN_00186538,0x00186538,0x00186574,60
FUN_00186578,0x00186578,0x001865B4,60
FUN_001865b8,0x001865B8,0x001865F0,56
FUN_001865f0,0x001865F0,0x00186620,48
FUN_00186620,0x00186620,0x00186684,100
FUN_00186688,0x00186688,0x0018674C,196
FUN_00186750,0x00186750,0x001867D4,132
FUN_001867d8,0x001867D8,0x001868C0,232
FUN_001868c8,0x001868C8,0x0018693C,116
FUN_00186940,0x00186940,0x00186950,16
FUN_00186950,0x00186950,0x00186964,20
FUN_00186968,0x00186968,0x00186998,48
FUN_001869c8,0x001869C8,0x00186A84,188
FUN_00186a88,0x00186A88,0x00186C98,528
FUN_00186c98,0x00186C98,0x00186D10,120
FUN_00186d10,0x00186D10,0x0018722C,1308
FUN_00187230,0x00187230,0x00187750,1312
FUN_00187750,0x00187750,0x001877B0,96
FUN_001877b0,0x001877B0,0x001878D0,288
FUN_001878d0,0x001878D0,0x0018793C,108
FUN_00187940,0x00187940,0x001879AC,108
FUN_001879b0,0x001879B0,0x00188870,3776
FUN_00188870,0x00188870,0x001888EC,124
FUN_001888f0,0x001888F0,0x00188910,32
FUN_00188920,0x00188920,0x001889FC,220
FUN_00188a00,0x00188A00,0x00188C9C,668
FUN_00188ca0,0x00188CA0,0x00188EA4,516
FUN_00188eb0,0x00188EB0,0x00188EF8,72
FUN_00188ef8,0x00188EF8,0x00188F60,104
FUN_00188f60,0x00188F60,0x00188F74,20
FUN_00188f78,0x00188F78,0x00189054,220
FUN_00189058,0x00189058,0x001890A0,72
FUN_001890a0,0x001890A0,0x00189130,144
FUN_00189130,0x00189130,0x00189174,68
FUN_00189178,0x00189178,0x00189180,8
FUN_00189180,0x00189180,0x001892EC,360
FUN_001892f0,0x001892F0,0x00189300,16
FUN_00189308,0x00189308,0x001893C4,188
FUN_001893c8,0x001893C8,0x0018967C,692
FUN_00189680,0x00189680,0x00189AB0,1072
FUN_00189ab0,0x00189AB0,0x0018A220,1904
FUN_0018a220,0x0018A220,0x0018A228,8
FUN_0018a228,0x0018A228,0x0018A494,620
FUN_0018a498,0x0018A498,0x0018A514,124
FUN_0018a518,0x0018A518,0x0018A89C,900
FUN_0018a8a0,0x0018A8A0,0x0018AAB4,532
FUN_0018aab8,0x0018AAB8,0x0018B32C,2164
FUN_0018b330,0x0018B330,0x0018B338,8
FUN_0018b338,0x0018B338,0x0018B42C,244
FUN_0018b430,0x0018B430,0x0018B498,104
FUN_0018b498,0x0018B498,0x0018B50C,116
FUN_0018b510,0x0018B510,0x0018B5F0,224
FUN_0018b5f0,0x0018B5F0,0x0018B614,36
FUN_0018b618,0x0018B618,0x0018B644,44
FUN_0018b648,0x0018B648,0x0018B684,60
FUN_0018b688,0x0018B688,0x0018B714,140
FUN_0018b718,0x0018B718,0x0018B7FC,228
FUN_0018b800,0x0018B800,0x0018B8B8,184
FUN_0018b8b8,0x0018B8B8,0x0018B9EC,308
FUN_0018b9f0,0x0018B9F0,0x0018BA94,164
FUN_0018ba98,0x0018BA98,0x0018BAC0,40
FUN_0018bac0,0x0018BAC0,0x0018BB10,80
FUN_0018bb10,0x0018BB10,0x0018BB18,8
FUN_0018bb18,0x0018BB18,0x0018BB20,8
FUN_0018bb30,0x0018BB30,0x0018BB74,68
FUN_0018bb78,0x0018BB78,0x0018BBC0,72
FUN_0018bbc0,0x0018BBC0,0x0018C3B0,612
FUN_0018c3b0,0x0018C3B0,0x0018C40C,92
FUN_0018c410,0x0018C410,0x0018C598,392
FUN_0018c598,0x0018C598,0x0018C740,424
FUN_0018c740,0x0018C740,0x0018CA04,708
FUN_0018ca08,0x0018CA08,0x0018CAF8,240
FUN_0018caf8,0x0018CAF8,0x0018CB1C,36
FUN_0018cb20,0x0018CB20,0x0018CB40,32
FUN_0018cb40,0x0018CB40,0x0018CB60,32
FUN_0018cb60,0x0018CB60,0x0018CBC8,104
FUN_0018cbc8,0x0018CBC8,0x0018CC08,64
FUN_0018cc08,0x0018CC08,0x0018CC28,32
FUN_0018cc28,0x0018CC28,0x0018CC30,8
FUN_0018cc38,0x0018CC38,0x0018CC98,96
FUN_0018cc98,0x0018CC98,0x0018CCB8,32
FUN_0018ccb8,0x0018CCB8,0x0018CD64,172
FUN_0018cd68,0x0018CD68,0x0018CE5C,244
FUN_0018ce60,0x0018CE60,0x0018DD70,3856
FUN_0018dd70,0x0018DD70,0x0018DDA0,48
FUN_0018dda0,0x0018DDA0,0x0018E35C,1468
FUN_0018e360,0x0018E360,0x0018E520,448
FUN_0018e520,0x0018E520,0x0018E528,8
FUN_0018e528,0x0018E528,0x0018E548,32
FUN_0018e548,0x0018E548,0x0018E590,72
FUN_0018e598,0x0018E598,0x0018E5F0,88
FUN_0018e5f0,0x0018E5F0,0x0018E660,112
FUN_0018e660,0x0018E660,0x0018E9AC,844
FUN_0018e9b0,0x0018E9B0,0x0018EA60,176
FUN_0018ea60,0x0018EA60,0x0018EAD4,116
FUN_0018ead8,0x0018EAD8,0x0018EB50,120
FUN_0018eb50,0x0018EB50,0x0018EC28,212
FUN_0018ec28,0x0018EC28,0x0018EC68,64
FUN_0018ec68,0x0018EC68,0x0018EC78,16
FUN_0018ec78,0x0018EC78,0x0018ECA0,40
FUN_0018ecb0,0x0018ECB0,0x0018ECC4,20
FUN_0018ecc8,0x0018ECC8,0x0018ECDC,20
FUN_0018ece0,0x0018ECE0,0x0018ED00,32
FUN_0018ed08,0x0018ED08,0x0018EE24,284
FUN_0018ee28,0x0018EE28,0x0018F184,860
FUN_0018f188,0x0018F188,0x0018F1A4,28
FUN_0018f1a8,0x0018F1A8,0x0018F1E8,64
FUN_0018f1e8,0x0018F1E8,0x0018F2B4,204
FUN_0018f2b8,0x0018F2B8,0x0018F380,200
FUN_0018f380,0x0018F380,0x0018F38C,12
FUN_0018f390,0x0018F390,0x0018F3CC,60
FUN_0018f3d0,0x0018F3D0,0x0018F3D8,8
FUN_0018f3d8,0x0018F3D8,0x0018F3E0,8
FUN_0018f3e0,0x0018F3E0,0x0018F41C,60
FUN_0018f420,0x0018F420,0x0018F428,8
FUN_0018f428,0x0018F428,0x0018F430,8
FUN_0018f430,0x0018F430,0x0018F47C,76
FUN_0018f480,0x0018F480,0x0018F488,8
FUN_0018f488,0x0018F488,0x0018F494,12
FUN_0018f498,0x0018F498,0x0018F4A0,8
FUN_0018f4a0,0x0018F4A0,0x0018F4A8,8
FUN_0018f4b0,0x0018F4B0,0x0018F550,160
FUN_0018f550,0x0018F550,0x0018F5AC,92
FUN_0018f5b0,0x0018F5B0,0x0018F8D8,808
vcs_CWorld_Add,0x0018F8D8,0x0018FA30,344
FUN_0018fa30,0x0018FA30,0x0018FC68,568
FUN_0018fc68,0x0018FC68,0x0019089C,3124
FUN_001908a0,0x001908A0,0x001918C4,4132
FUN_001918c8,0x001918C8,0x00191BDC,788
FUN_00191be0,0x00191BE0,0x00192180,1440
FUN_00192180,0x00192180,0x00192338,440
FUN_00192340,0x00192340,0x001925A8,616
FUN_001925a8,0x001925A8,0x00192740,408
FUN_00192740,0x00192740,0x00192988,584
FUN_00192988,0x00192988,0x00193220,2200
FUN_00193228,0x00193228,0x0019339C,372
FUN_001933a0,0x001933A0,0x00194160,3520
FUN_00194160,0x00194160,0x00194190,48
FUN_00194190,0x00194190,0x00194394,516
FUN_00194398,0x00194398,0x00194498,256
FUN_00194498,0x00194498,0x00194698,512
FUN_00194698,0x00194698,0x00194834,412
FUN_00194838,0x00194838,0x00194BEC,948
FUN_00194bf0,0x00194BF0,0x00194CE0,240
FUN_00194ce0,0x00194CE0,0x00194EA8,456
FUN_00194ea8,0x00194EA8,0x00195268,960
FUN_00195268,0x00195268,0x00195360,248
FUN_00195360,0x00195360,0x0019573C,984
FUN_00195740,0x00195740,0x0019585C,284
FUN_00195860,0x00195860,0x00195BE8,904
FUN_00195be8,0x00195BE8,0x00195D10,296
FUN_00195d10,0x00195D10,0x001960CC,956
FUN_001960d0,0x001960D0,0x001962DC,524
FUN_001962e0,0x001962E0,0x001965FC,796
FUN_00196600,0x00196600,0x00196758,344
vcs_CWorld_FindGroundZForCoord,0x00196758,0x001967D4,124
FUN_001967d8,0x001967D8,0x00196874,156
FUN_00196878,0x00196878,0x00196918,160
FUN_00196920,0x00196920,0x00196B14,500
FUN_00196b18,0x00196B18,0x00196CD0,440
FUN_00196cd0,0x00196CD0,0x00196EA4,468
FUN_00196ea8,0x00196EA8,0x00197048,416
FUN_00197048,0x00197048,0x001971D8,400
FUN_001971d8,0x001971D8,0x00197460,648
FUN_00197460,0x00197460,0x00197798,824
FUN_001977a0,0x001977A0,0x001978DC,316
FUN_001978e8,0x001978E8,0x00197ED0,1512
FUN_00197ed0,0x00197ED0,0x00197EF4,36
FUN_00197ef8,0x00197EF8,0x001983CC,1236
FUN_001983e8,0x001983E8,0x00198488,160
FUN_00198488,0x00198488,0x00198888,1024
FUN_00198888,0x00198888,0x00198AC0,568
FUN_00198ac0,0x00198AC0,0x00198C54,404
FUN_00198c58,0x00198C58,0x00198CFC,164
FUN_00198d00,0x00198D00,0x00198E0C,268
FUN_00198e10,0x00198E10,0x001990C4,692
FUN_001990c8,0x001990C8,0x00199438,880
FUN_00199438,0x00199438,0x001995E0,424
FUN_001995e0,0x001995E0,0x001999FC,1052
FUN_00199a00,0x00199A00,0x00199AE0,224
FUN_00199ae0,0x00199AE0,0x00199B44,100
FUN_00199b48,0x00199B48,0x00199B98,80
FUN_00199b98,0x00199B98,0x00199BA4,12
FUN_00199ba8,0x00199BA8,0x00199C60,184
FUN_00199c60,0x00199C60,0x00199C80,32
FUN_00199c80,0x00199C80,0x00199D44,196
FUN_00199d48,0x00199D48,0x00199DC4,124
FUN_00199dc8,0x00199DC8,0x00199E0C,68
FUN_00199e10,0x00199E10,0x00199E88,120
FUN_00199e88,0x00199E88,0x00199F14,140
FUN_00199f18,0x00199F18,0x00199F84,108
FUN_00199f88,0x00199F88,0x0019A038,176
FUN_0019a038,0x0019A038,0x0019A068,48
FUN_0019a068,0x0019A068,0x0019A104,156
FUN_0019a108,0x0019A108,0x0019A154,76
FUN_0019a158,0x0019A158,0x0019A1A8,80
FUN_0019a1a8,0x0019A1A8,0x0019A1F8,80
FUN_0019a1f8,0x0019A1F8,0x0019A26C,116
FUN_0019a270,0x0019A270,0x0019A2F8,136
FUN_0019a2f8,0x0019A2F8,0x0019A370,120
FUN_0019a370,0x0019A370,0x0019A3C8,88
FUN_0019a3c8,0x0019A3C8,0x0019A448,128
FUN_0019a448,0x0019A448,0x0019A4D8,144
FUN_0019a4d8,0x0019A4D8,0x0019A634,348
FUN_0019a638,0x0019A638,0x0019A6A8,112
FUN_0019a6a8,0x0019A6A8,0x0019A764,188
FUN_0019a768,0x0019A768,0x0019A870,264
FUN_0019a870,0x0019A870,0x0019A97C,268
FUN_0019a980,0x0019A980,0x0019A9E4,100
FUN_0019a9e8,0x0019A9E8,0x0019AAB0,200
FUN_0019aab0,0x0019AAB0,0x0019AAE8,56
FUN_0019aae8,0x0019AAE8,0x0019AB78,144
FUN_0019ab80,0x0019AB80,0x0019ABB8,56
FUN_0019abb8,0x0019ABB8,0x0019AC88,208
FUN_0019ac88,0x0019AC88,0x0019AC9C,20
FUN_0019ad08,0x0019AD08,0x0019AD84,124
FUN_0019ad88,0x0019AD88,0x0019AEDC,340
FUN_0019af08,0x0019AF08,0x0019AF34,44
FUN_0019af38,0x0019AF38,0x0019AFF4,188
FUN_0019aff8,0x0019AFF8,0x0019B04C,84
FUN_0019b050,0x0019B050,0x0019B080,48
FUN_0019b080,0x0019B080,0x0019B0C8,72
FUN_0019b0d0,0x0019B0D0,0x0019B0F4,36
FUN_0019b0f8,0x0019B0F8,0x0019B224,300
FUN_0019b238,0x0019B238,0x0019B264,44
FUN_0019b278,0x0019B278,0x0019B2A4,44
FUN_0019b2c8,0x0019B2C8,0x0019B2F4,44
FUN_0019b300,0x0019B300,0x0019B338,56
FUN_0019b338,0x0019B338,0x0019B424,236
FUN_0019b428,0x0019B428,0x0019B454,44
FUN_0019b458,0x0019B458,0x0019B484,44
FUN_0019b488,0x0019B488,0x0019B4E0,88
FUN_0019b4e0,0x0019B4E0,0x0019B52C,76
FUN_0019b530,0x0019B530,0x0019B58C,92
FUN_0019b590,0x0019B590,0x0019B5C4,52
FUN_0019b5c8,0x0019B5C8,0x0019B6F4,300
FUN_0019b6f8,0x0019B6F8,0x0019B8FC,516
FUN_0019b900,0x0019B900,0x0019BCEC,1004
FUN_0019bcf0,0x0019BCF0,0x0019C154,1124
FUN_0019c160,0x0019C160,0x0019C1A4,68
FUN_0019c1a8,0x0019C1A8,0x0019C1B0,8
FUN_0019c1b0,0x0019C1B0,0x0019C1C4,20
FUN_0019c1e0,0x0019C1E0,0x0019C528,840
FUN_0019c528,0x0019C528,0x0019C58C,100
FUN_0019c590,0x0019C590,0x0019C5BC,44
FUN_0019c5c0,0x0019C5C0,0x0019C604,68
FUN_0019c608,0x0019C608,0x0019C668,96
FUN_0019c670,0x0019C670,0x0019ECA4,9780
FUN_0019eca8,0x0019ECA8,0x0019ED2C,132
FUN_0019ed30,0x0019ED30,0x0019F708,2520
FUN_0019f708,0x0019F708,0x0019FD7C,1652
FUN_0019fd80,0x0019FD80,0x001A312C,13228
FUN_001a3130,0x001A3130,0x001A3478,840
FUN_001a3478,0x001A3478,0x001A3630,440
FUN_001a3630,0x001A3630,0x001A3AA4,1140
FUN_001a3aa8,0x001A3AA8,0x001A4524,2684
FUN_001a4528,0x001A4528,0x001A4B00,1496
FUN_001a4b00,0x001A4B00,0x001A4C2C,300
FUN_001a4c30,0x001A4C30,0x001A5048,1048
FUN_001a5048,0x001A5048,0x001A5624,1500
FUN_001a5628,0x001A5628,0x001A6230,3080
FUN_001a6238,0x001A6238,0x001A62E0,168
FUN_001a62f0,0x001A62F0,0x001A6900,1552
FUN_001a6900,0x001A6900,0x001A6B10,528
FUN_001a6b10,0x001A6B10,0x001A6B5C,76
FUN_001a6b60,0x001A6B60,0x001A6CC0,352
FUN_001a6cc0,0x001A6CC0,0x001A6D04,68
FUN_001a6d08,0x001A6D08,0x001A6DD0,200
FUN_001a6dd0,0x001A6DD0,0x001A6EB0,224
FUN_001a6eb0,0x001A6EB0,0x001A6F2C,124
FUN_001a6f30,0x001A6F30,0x001A6F40,16
FUN_001a6f40,0x001A6F40,0x001A6F54,20
FUN_001a6f58,0x001A6F58,0x001A6F90,56
FUN_001a6f90,0x001A6F90,0x001A6FDC,76
FUN_001a6fe0,0x001A6FE0,0x001A7018,56
FUN_001a7018,0x001A7018,0x001A7090,120
FUN_001a7090,0x001A7090,0x001A7240,432
FUN_001a7240,0x001A7240,0x001A73BC,380
FUN_001a73c0,0x001A73C0,0x001A7630,624
FUN_001a7640,0x001A7640,0x001A7670,48
FUN_001a7670,0x001A7670,0x001A76D4,100
FUN_001a76d8,0x001A76D8,0x001A7708,48
FUN_001a7708,0x001A7708,0x001A7754,76
FUN_001a7bb0,0x001A7BB0,0x001A7C10,96
FUN_001a7c10,0x001A7C10,0x001A7C30,32
vcs_CModelInfo_GetModelInfoByName,0x001A7C30,0x001A7CBC,140
FUN_001a7cc8,0x001A7CC8,0x001A7D30,104
FUN_001a7d30,0x001A7D30,0x001A7D3C,12
FUN_001a7d40,0x001A7D40,0x001A7D48,8
FUN_001a7d48,0x001A7D48,0x001A7DE4,156
FUN_001a7de8,0x001A7DE8,0x001A7E78,144
FUN_001a7e80,0x001A7E80,0x001A7F14,148
FUN_001a7f18,0x001A7F18,0x001A7FAC,148
FUN_001a7fb0,0x001A7FB0,0x001A8044,148
FUN_001a8048,0x001A8048,0x001A80DC,148
FUN_001a80e0,0x001A80E0,0x001A8174,148
FUN_001a8178,0x001A8178,0x001A8238,192
FUN_001a8248,0x001A8248,0x001A956C,4900
FUN_001a9570,0x001A9570,0x001A963C,204
FUN_001a9640,0x001A9640,0x001A97C4,388
FUN_001a97c8,0x001A97C8,0x001A97E4,28
FUN_001a97e8,0x001A97E8,0x001A9834,76
FUN_001a9838,0x001A9838,0x001A9858,32
FUN_001a9858,0x001A9858,0x001A98D0,120
FUN_001a98d0,0x001A98D0,0x001A98EC,28
FUN_001a98f0,0x001A98F0,0x001A9910,32
SubmitVif0Dma,0x001A9910,0x001A9950,64
FUN_001a9980,0x001A9980,0x001A99BC,60
FUN_001a99c0,0x001A99C0,0x001A99F0,48
FUN_001a9a00,0x001A9A00,0x001A9A34,52
FUN_001a9a38,0x001A9A38,0x001A9ADC,164
FUN_001a9ae0,0x001A9AE0,0x001A9B84,164
FUN_001a9b88,0x001A9B88,0x001A9C34,172
FUN_001a9c38,0x001A9C38,0x001A9CC0,136
FUN_001a9cc0,0x001A9CC0,0x001A9ECC,524
FUN_001a9ed0,0x001A9ED0,0x001A9F14,68
FUN_001a9f18,0x001A9F18,0x001AA05C,324
FUN_001aa070,0x001AA070,0x001AA078,8
FUN_001aa078,0x001AA078,0x001AA10C,148
FUN_001aa110,0x001AA110,0x001AA338,552
FUN_001aa338,0x001AA338,0x001AA558,544
FUN_001aa558,0x001AA558,0x001AA638,224
FUN_001aa638,0x001AA638,0x001AA87C,580
FUN_001aa880,0x001AA880,0x001AA8C8,72
FUN_001aa8c8,0x001AA8C8,0x001AA918,80
FUN_001aa918,0x001AA918,0x001AA978,96
FUN_001aa978,0x001AA978,0x001AA9A0,40
FUN_001aa9a0,0x001AA9A0,0x001AAA18,120
FUN_001aaa18,0x001AAA18,0x001AAA48,48
FUN_001aaa70,0x001AAA70,0x001AAB14,164
FUN_001aab18,0x001AAB18,0x001AACFC,484
FUN_001aad00,0x001AAD00,0x001AAD40,64
FUN_001aad40,0x001AAD40,0x001AAD60,32
FUN_001aad60,0x001AAD60,0x001AADC8,104
FUN_001aadc8,0x001AADC8,0x001AAE80,184
FUN_001aae80,0x001AAE80,0x001AAF2C,172
FUN_001aaf30,0x001AAF30,0x001AAFDC,172
FUN_001aaff8,0x001AAFF8,0x001AB554,1372
FUN_001ab558,0x001AB558,0x001AB5A0,72
FUN_001ab5a0,0x001AB5A0,0x001AB624,132
FUN_001ab628,0x001AB628,0x001AB6AC,132
FUN_001ab6b0,0x001AB6B0,0x001AB6F8,72
FUN_001ab6f8,0x001AB6F8,0x001AB744,76
FUN_001ab748,0x001AB748,0x001AB810,200
FUN_001ab810,0x001AB810,0x001AB87C,108
FUN_001ab880,0x001AB880,0x001AB8E0,96
FUN_001ab8e0,0x001AB8E0,0x001AB940,96
FUN_001ab940,0x001AB940,0x001AB9AC,108
FUN_001ab9c0,0x001AB9C0,0x001ABA38,120
FUN_001aba40,0x001ABA40,0x001ABA7C,60
FUN_001aba88,0x001ABA88,0x001ABAB8,48
FUN_001abac0,0x001ABAC0,0x001ABAE8,40
FUN_001abae8,0x001ABAE8,0x001ABAF0,8
FUN_001abaf0,0x001ABAF0,0x001AC1D8,1768
FUN_001ac1d8,0x001AC1D8,0x001ACDA8,3024
FUN_001acda8,0x001ACDA8,0x001ACE20,120
FUN_001ace20,0x001ACE20,0x001ACF10,240
FUN_001acf10,0x001ACF10,0x001AD0CC,444
FUN_001ad0d0,0x001AD0D0,0x001AD2D8,520
FUN_001ad2d8,0x001AD2D8,0x001AD5A8,720
FUN_001ad5a8,0x001AD5A8,0x001AD5B8,16
FUN_001ad5c0,0x001AD5C0,0x001AD5DC,28
FUN_001ad5e0,0x001AD5E0,0x001AD5F8,24
FUN_001ad5f8,0x001AD5F8,0x001AD8E0,744
FUN_001ad8e0,0x001AD8E0,0x001AD93C,92
FUN_001ad940,0x001AD940,0x001ADB88,584
FUN_001adb88,0x001ADB88,0x001ADBF8,112
FUN_001adbf8,0x001ADBF8,0x001ADD84,396
FUN_001add88,0x001ADD88,0x001AE088,768
FUN_001ae098,0x001AE098,0x001AE104,108
FUN_001ae108,0x001AE108,0x001AE364,604
FUN_001ae370,0x001AE370,0x001AF658,4828
FUN_001af658,0x001AF658,0x001B0548,3816
FUN_001b0558,0x001B0558,0x001B19CC,5236
FUN_001b19d0,0x001B19D0,0x001B1AD8,264
FUN_001b1ad8,0x001B1AD8,0x001B1AF8,32
FUN_001b1b00,0x001B1B00,0x001B1C60,352
FUN_001b1c60,0x001B1C60,0x001B1D4C,236
FUN_001b1d50,0x001B1D50,0x001B1DC4,116
FUN_001b1dc8,0x001B1DC8,0x001B1E38,112
FUN_001b1e38,0x001B1E38,0x001B1F40,264
FUN_001b1f40,0x001B1F40,0x001B1FF0,176
FUN_001b1ff0,0x001B1FF0,0x001B207C,140
FUN_001b2080,0x001B2080,0x001B20D4,84
FUN_001b21b0,0x001B21B0,0x001B2224,116
FUN_001b2228,0x001B2228,0x001B22B8,144
FUN_001b22b8,0x001B22B8,0x001B23FC,324
FUN_001b2400,0x001B2400,0x001B24A0,160
FUN_001b24a0,0x001B24A0,0x001B2548,168
FUN_001b2548,0x001B2548,0x001B2608,192
FUN_001b2608,0x001B2608,0x001B26C0,184
FUN_001b26c0,0x001B26C0,0x001B2770,176
FUN_001b2770,0x001B2770,0x001B28E8,376
FUN_001b28e8,0x001B28E8,0x001B29A8,192
FUN_001b29a8,0x001B29A8,0x001B2A90,232
FUN_001b2a90,0x001B2A90,0x001B2B5C,204
FUN_001b2b60,0x001B2B60,0x001B2BF4,148
FUN_001b2bf8,0x001B2BF8,0x001B2CCC,212
FUN_001b2cd0,0x001B2CD0,0x001B2DD4,260
FUN_001b2dd8,0x001B2DD8,0x001B2F04,300
FUN_001b2f08,0x001B2F08,0x001B316C,608
FUN_001b3170,0x001B3170,0x001B332C,444
FUN_001b3330,0x001B3330,0x001B45F4,4804
FUN_001b45f8,0x001B45F8,0x001B4664,108
FUN_001b4668,0x001B4668,0x001B468C,36
FUN_001b4690,0x001B4690,0x001B477C,236
FUN_001b4780,0x001B4780,0x001B47F8,120
FUN_001b47f8,0x001B47F8,0x001B4854,92
FUN_001b4858,0x001B4858,0x001B48B8,96
FUN_001b48b8,0x001B48B8,0x001B48EC,52
FUN_001b48f8,0x001B48F8,0x001B492C,52
FUN_001b4938,0x001B4938,0x001B496C,52
FUN_001b4970,0x001B4970,0x001B49EC,124
FUN_001b49f0,0x001B49F0,0x001B4AD4,228
FUN_001b4ad8,0x001B4AD8,0x001B4B48,112
FUN_001b4b48,0x001B4B48,0x001B4B74,44
FUN_001b4b78,0x001B4B78,0x001B4BE0,104
FUN_001b4be0,0x001B4BE0,0x001B4C0C,44
FUN_001b4c10,0x001B4C10,0x001B4C6C,92
FUN_001b4c70,0x001B4C70,0x001B4C90,32
FUN_001b4c90,0x001B4C90,0x001B4F08,632
FUN_001b4f08,0x001B4F08,0x001B4F4C,68
FUN_001b4f50,0x001B4F50,0x001B4F88,56
FUN_001b4f88,0x001B4F88,0x001B4F98,16
FUN_001b4f98,0x001B4F98,0x001B501C,132
FUN_001b5020,0x001B5020,0x001B5090,112
FUN_001b5090,0x001B5090,0x001B50D0,64
FUN_001b50d0,0x001B50D0,0x001B50E8,24
FUN_001b50e8,0x001B50E8,0x001B5130,72
FUN_001b5130,0x001B5130,0x001B5138,8
FUN_001b5138,0x001B5138,0x001B521C,228
FUN_001b5238,0x001B5238,0x001B546C,564
FUN_001b5470,0x001B5470,0x001B5570,256
FUN_001b5570,0x001B5570,0x001B5578,8
FUN_001b5578,0x001B5578,0x001B56A0,296
FUN_001b56a0,0x001B56A0,0x001B5720,128
FUN_001b5720,0x001B5720,0x001B5748,40
FUN_001b5748,0x001B5748,0x001B57A8,96
FUN_001b57a8,0x001B57A8,0x001B5AF8,844
FUN_001b5af8,0x001B5AF8,0x001B5C8C,404
FUN_001b5c90,0x001B5C90,0x001B5D48,184
FUN_001b5d48,0x001B5D48,0x001B6384,1596
FUN_001b6388,0x001B6388,0x001B7504,4476
FUN_001b7508,0x001B7508,0x001B76AC,420
FUN_001b76b0,0x001B76B0,0x001B78B8,520
FUN_001b78b8,0x001B78B8,0x001B7AFC,580
FUN_001b7b00,0x001B7B00,0x001B7E80,896
FUN_001b7e80,0x001B7E80,0x001B8584,1796
FUN_001b8588,0x001B8588,0x001B8824,668
FUN_001b8828,0x001B8828,0x001B8830,8
FUN_001b8830,0x001B8830,0x001B8A44,532
FUN_001b8a48,0x001B8A48,0x001B9340,2296
FUN_001b9340,0x001B9340,0x001B93E0,160
FUN_001b93e0,0x001B93E0,0x001B93FC,28
FUN_001b9400,0x001B9400,0x001B9408,8
FUN_001b9408,0x001B9408,0x001B950C,260
FUN_001b9510,0x001B9510,0x001B9690,384
FUN_001b9690,0x001B9690,0x001BA5DC,3916
FUN_001ba5e0,0x001BA5E0,0x001BA984,932
FUN_001ba988,0x001BA988,0x001BAAF4,364
FUN_001baaf8,0x001BAAF8,0x001BAB6C,116
FUN_001bab70,0x001BAB70,0x001BADDC,620
FUN_001bade0,0x001BADE0,0x001BAE00,32
FUN_001bae00,0x001BAE00,0x001BAE40,64
FUN_001bae40,0x001BAE40,0x001BB134,756
FUN_001bb138,0x001BB138,0x001BB1C8,144
FUN_001bb1c8,0x001BB1C8,0x001BB31C,340
FUN_001bb320,0x001BB320,0x001BB504,484
FUN_001bb508,0x001BB508,0x001BB6A0,408
FUN_001bb6a0,0x001BB6A0,0x001BB73C,156
FUN_001bb740,0x001BB740,0x001BB8E0,416
FUN_001bb8e0,0x001BB8E0,0x001BBA3C,348
FUN_001bba40,0x001BBA40,0x001BCC8C,4684
FUN_001bcc90,0x001BCC90,0x001BCE6C,476
FUN_001bce70,0x001BCE70,0x001BD418,1448
FUN_001bd418,0x001BD418,0x001BD744,812
FUN_001bd748,0x001BD748,0x001BD8AC,356
FUN_001bd8b0,0x001BD8B0,0x001BDA28,376
FUN_001bda28,0x001BDA28,0x001BDA80,88
FUN_001bda80,0x001BDA80,0x001BDADC,92
FUN_001bdae0,0x001BDAE0,0x001BDC64,388
FUN_001bdc68,0x001BDC68,0x001BDCB4,76
FUN_001bdcb8,0x001BDCB8,0x001BDE1C,356
FUN_001bde20,0x001BDE20,0x001BDF08,232
FUN_001bdf08,0x001BDF08,0x001BDF44,60
FUN_001bdf48,0x001BDF48,0x001BE044,252
FUN_001be048,0x001BE048,0x001BE110,200
FUN_001be110,0x001BE110,0x001BE244,308
FUN_001be248,0x001BE248,0x001BE310,200
FUN_001be310,0x001BE310,0x001BE400,240
FUN_001be400,0x001BE400,0x001BE4C8,200
FUN_001be4c8,0x001BE4C8,0x001BE5DC,276
FUN_001be5e0,0x001BE5E0,0x001BE620,64
FUN_001be620,0x001BE620,0x001BE700,224
FUN_001be700,0x001BE700,0x001BE774,116
FUN_001be778,0x001BE778,0x001BFB20,5032
FUN_001bfb20,0x001BFB20,0x001BFBA0,128
FUN_001bfba0,0x001BFBA0,0x001C1FF0,9296
FUN_001c1ff0,0x001C1FF0,0x001C2004,20
FUN_001c2008,0x001C2008,0x001C2010,8
FUN_001c2010,0x001C2010,0x001C202C,28
FUN_001c2030,0x001C2030,0x001C2084,84
FUN_001c2088,0x001C2088,0x001C20B8,48
FUN_001c20b8,0x001C20B8,0x001C20C0,8
FUN_001c20c0,0x001C20C0,0x001C20C8,8
FUN_001c20c8,0x001C20C8,0x001C20F8,48
FUN_001c20f8,0x001C20F8,0x001C21B8,192
FUN_001c21b8,0x001C21B8,0x001C241C,612
FUN_001c2428,0x001C2428,0x001C2954,1324
FUN_001c2958,0x001C2958,0x001C2CE4,908
FUN_001c2ce8,0x001C2CE8,0x001C2DC0,216
FUN_001c2dc0,0x001C2DC0,0x001C2EAC,236
FUN_001c2eb0,0x001C2EB0,0x001C3030,384
FUN_001c3030,0x001C3030,0x001C3588,1368
FUN_001c3588,0x001C3588,0x001C37EC,612
FUN_001c37f0,0x001C37F0,0x001C3B4C,860
FUN_001c3b50,0x001C3B50,0x001C3CC8,376
FUN_001c3cc8,0x001C3CC8,0x001C3D4C,132
FUN_001c3d50,0x001C3D50,0x001C4DD8,4232
FUN_001c4dd8,0x001C4DD8,0x001C515C,900
FUN_001c5160,0x001C5160,0x001C55A0,1088
FUN_001c55a0,0x001C55A0,0x001C5B40,1440
FUN_001c5b40,0x001C5B40,0x001C5BC4,132
FUN_001c5bc8,0x001C5BC8,0x001C5C44,124
FUN_001c5c48,0x001C5C48,0x001C5EB8,624
FUN_001c5eb8,0x001C5EB8,0x001C6050,408
FUN_001c6050,0x001C6050,0x001C64B0,1120
FUN_001c64b0,0x001C64B0,0x001C65D0,288
FUN_001c65d0,0x001C65D0,0x001C6760,400
FUN_001c6760,0x001C6760,0x001C6768,8
FUN_001c6768,0x001C6768,0x001C6800,152
FUN_001c6800,0x001C6800,0x001C6944,324
FUN_001c6948,0x001C6948,0x001C6984,60
FUN_001c6988,0x001C6988,0x001C69BC,52
FUN_001c69c0,0x001C69C0,0x001C6A10,80
FUN_001c6a10,0x001C6A10,0x001C6A88,120
FUN_001c6a88,0x001C6A88,0x001C6B54,204
FUN_001c6b58,0x001C6B58,0x001C6BB4,92
FUN_001c6bb8,0x001C6BB8,0x001C6C10,88
FUN_001c6c10,0x001C6C10,0x001C6C48,56
FUN_001c6c48,0x001C6C48,0x001C6D54,268
FUN_001c6d58,0x001C6D58,0x001C6F88,560
FUN_001c6f88,0x001C6F88,0x001C70A0,280
FUN_001c70a0,0x001C70A0,0x001C7114,116
FUN_001c7118,0x001C7118,0x001C7134,28
FUN_001c7138,0x001C7138,0x001C7190,88
FUN_001c7190,0x001C7190,0x001C71E8,88
FUN_001c71e8,0x001C71E8,0x001C729C,180
FUN_001c72a0,0x001C72A0,0x001C7334,148
FUN_001c7338,0x001C7338,0x001C7B3C,2052
FUN_001c7b40,0x001C7B40,0x001C7F3C,1020
FUN_001c7f40,0x001C7F40,0x001C83EC,1196
FUN_001c83f0,0x001C83F0,0x001C84F8,264
FUN_001c84f8,0x001C84F8,0x001C8534,60
FUN_001c8538,0x001C8538,0x001C87B4,636
FUN_001c87b8,0x001C87B8,0x001C882C,116
FUN_001c8830,0x001C8830,0x001C8918,232
FUN_001c8918,0x001C8918,0x001C8938,32
FUN_001c8940,0x001C8940,0x001C8E38,1272
FUN_001c8e38,0x001C8E38,0x001C8E98,96
FUN_001c8e98,0x001C8E98,0x001C8F20,136
FUN_001c8f20,0x001C8F20,0x001C9070,336
FUN_001c9070,0x001C9070,0x001C93C8,856
FUN_001c93c8,0x001C93C8,0x001C9498,208
FUN_001c9498,0x001C9498,0x001C9548,176
FUN_001c9548,0x001C9548,0x001C9758,528
FUN_001c9758,0x001C9758,0x001C9A64,776
FUN_001c9a68,0x001C9A68,0x001C9F30,1224
FUN_001c9f30,0x001C9F30,0x001CA060,304
FUN_001ca060,0x001CA060,0x001CA06C,12
FUN_001ca070,0x001CA070,0x001CA07C,12
FUN_001ca080,0x001CA080,0x001CA08C,12
FUN_001ca090,0x001CA090,0x001CA098,8
FUN_001ca098,0x001CA098,0x001CA0BC,36
FUN_001ca0c0,0x001CA0C0,0x001CA0CC,12
FUN_001ca0d0,0x001CA0D0,0x001CA0DC,12
FUN_001ca0e0,0x001CA0E0,0x001CA0EC,12
FUN_001ca0f0,0x001CA0F0,0x001CA100,16
FUN_001ca100,0x001CA100,0x001CA138,56
FUN_001ca138,0x001CA138,0x001CA144,12
FUN_001ca148,0x001CA148,0x001CA150,8
FUN_001ca150,0x001CA150,0x001CA15C,12
FUN_001ca160,0x001CA160,0x001CA16C,12
FUN_001ca170,0x001CA170,0x001CA19C,44
FUN_001ca1a0,0x001CA1A0,0x001CA1C4,36
FUN_001ca1c8,0x001CA1C8,0x001CA22C,100
FUN_001ca230,0x001CA230,0x001CA2C4,148
FUN_001ca2c8,0x001CA2C8,0x001CA444,380
FUN_001ca448,0x001CA448,0x001CA674,556
FUN_001ca678,0x001CA678,0x001CA6D4,92
FUN_001ca750,0x001CA750,0x001CACE8,148
FUN_001cacf0,0x001CACF0,0x001CADF4,260
FUN_001cae10,0x001CAE10,0x001CAF34,292
FUN_001caf38,0x001CAF38,0x001CB174,572
FUN_001cb178,0x001CB178,0x001CB2F0,376
FUN_001cb2f0,0x001CB2F0,0x001CB424,308
FUN_001cb428,0x001CB428,0x001CBDA4,2428
FUN_001cbda8,0x001CBDA8,0x001CBE88,224
FUN_001cbe90,0x001CBE90,0x001CC224,916
FUN_001cc228,0x001CC228,0x001CC400,472
FUN_001cc400,0x001CC400,0x001CC4E0,224
FUN_001cc4e0,0x001CC4E0,0x001CC5C0,224
FUN_001cc5c0,0x001CC5C0,0x001CC6DC,284
FUN_001cc6e0,0x001CC6E0,0x001CC7B0,208
FUN_001cc7b0,0x001CC7B0,0x001CC92C,380
FUN_001cc930,0x001CC930,0x001CCA74,324
FUN_001cca78,0x001CCA78,0x001CCB18,160
vcs_Opcode0427_GetNameOfInfoZone,0x001CCB18,0x001CCBB8,160
vcs_Opcode0428_GetZonePedInfoTimeOfDay,0x001CCBB8,0x001CCCE0,296
FUN_001ccce0,0x001CCCE0,0x001CCD80,160
FUN_001ccd80,0x001CCD80,0x001CCE28,168
FUN_001cce28,0x001CCE28,0x001CCEA0,120
FUN_001ccea0,0x001CCEA0,0x001CCF00,96
FUN_001ccf00,0x001CCF00,0x001CE680,6016
FUN_001ce680,0x001CE680,0x001CE6A8,40
FUN_001ce6a8,0x001CE6A8,0x001CE718,112
FUN_001ce718,0x001CE718,0x001CE85C,324
FUN_001ce860,0x001CE860,0x001CE8A0,64
FUN_001ce8a0,0x001CE8A0,0x001CE8C0,32
FUN_001ce8c0,0x001CE8C0,0x001CE910,80
FUN_001ce910,0x001CE910,0x001CE964,84
FUN_001ce968,0x001CE968,0x001CE9AC,68
FUN_001ce9b8,0x001CE9B8,0x001CEA0C,84
FUN_001cea10,0x001CEA10,0x001CEA1C,12
FUN_001cea20,0x001CEA20,0x001CEA3C,28
FUN_001cea40,0x001CEA40,0x001CEA6C,44
FUN_001cea70,0x001CEA70,0x001CEA8C,28
FUN_001cea90,0x001CEA90,0x001CEABC,44
FUN_001ceac0,0x001CEAC0,0x001CEADC,28
FUN_001ceae0,0x001CEAE0,0x001CEB08,40
FUN_001ceb08,0x001CEB08,0x001CEB3C,52
FUN_001ceb40,0x001CEB40,0x001CEB6C,44
FUN_001ceb70,0x001CEB70,0x001CEBBC,76
FUN_001cebc0,0x001CEBC0,0x001CEBE0,32
FUN_001cec28,0x001CEC28,0x001CEC9C,116
FUN_001ceca0,0x001CECA0,0x001CECC4,36
FUN_001cecc8,0x001CECC8,0x001CED64,156
FUN_001ced68,0x001CED68,0x001CEDD4,108
FUN_001cedd8,0x001CEDD8,0x001CEE14,60
FUN_001cee18,0x001CEE18,0x001CEE80,104
FUN_001cee80,0x001CEE80,0x001CEEF4,116
FUN_001ceef8,0x001CEEF8,0x001CEF70,120
FUN_001cef70,0x001CEF70,0x001CEF8C,28
FUN_001cef90,0x001CEF90,0x001CEFAC,28
FUN_001cefb0,0x001CEFB0,0x001CEFF4,68
FUN_001cf000,0x001CF000,0x001CF164,356
FUN_001cf168,0x001CF168,0x001CF35C,500
FUN_001cf360,0x001CF360,0x001CF5EC,652
FUN_001cf5f0,0x001CF5F0,0x001CF828,568
FUN_001cf828,0x001CF828,0x001CF8A4,124
FUN_001cf8a8,0x001CF8A8,0x001CF9B0,264
FUN_001cf9b0,0x001CF9B0,0x001CFA28,120
FUN_001cfa28,0x001CFA28,0x001CFA6C,68
FUN_001cfa70,0x001CFA70,0x001CFAB4,68
FUN_001cfac0,0x001CFAC0,0x001CFCBC,508
FUN_001cfcc0,0x001CFCC0,0x001CFD44,132
FUN_001cfd48,0x001CFD48,0x001D015C,1044
FUN_001d0160,0x001D0160,0x001D0168,8
FUN_001d0170,0x001D0170,0x001D0178,8
FUN_001d0178,0x001D0178,0x001D067C,1284
FUN_001d0680,0x001D0680,0x001D0800,384
FUN_001d0800,0x001D0800,0x001D094C,332
FUN_001d0950,0x001D0950,0x001D190C,4028
FUN_001d1910,0x001D1910,0x001D19C8,184
FUN_001d19c8,0x001D19C8,0x001D1BB0,488
FUN_001d1bb0,0x001D1BB0,0x001D211C,1388
FUN_001d2120,0x001D2120,0x001D23A8,648
FUN_001d23a8,0x001D23A8,0x001D25A0,504
FUN_001d25a0,0x001D25A0,0x001D26A4,260
FUN_001d26a8,0x001D26A8,0x001D42FC,7252
FUN_001d4300,0x001D4300,0x001D4484,388
FUN_001d4488,0x001D4488,0x001D44EC,100
FUN_001d44f0,0x001D44F0,0x001D44F8,8
FUN_001d44f8,0x001D44F8,0x001D4500,8
FUN_001d4500,0x001D4500,0x001D4508,8
FUN_001d4508,0x001D4508,0x001D46C0,440
FUN_001d46c0,0x001D46C0,0x001D4798,216
FUN_001d4798,0x001D4798,0x001D5858,4288
FUN_001d5858,0x001D5858,0x001D599C,324
FUN_001d59a8,0x001D59A8,0x001D67DC,3636
FUN_001d67e0,0x001D67E0,0x001D6D18,1336
FUN_001d6de0,0x001D6DE0,0x001D6F00,288
FUN_001d6f00,0x001D6F00,0x001D780C,2316
FUN_001d7810,0x001D7810,0x001D7920,272
FUN_001d7920,0x001D7920,0x001D8B10,4592
FUN_001d8b10,0x001D8B10,0x001D8BE4,212
FUN_001d8c00,0x001D8C00,0x001D8D48,328
FUN_001d8d58,0x001D8D58,0x001D8E00,168
FUN_001d8e00,0x001D8E00,0x001D8ED4,212
FUN_001d8ed8,0x001D8ED8,0x001D9244,876
FUN_001d9248,0x001D9248,0x001DA300,4280
FUN_001da300,0x001DA300,0x001DB5D4,4820
FUN_001db5d8,0x001DB5D8,0x001DC3C4,3564
FUN_001dc3c8,0x001DC3C8,0x001DCEF0,2856
FUN_001dcef0,0x001DCEF0,0x001DD48C,1436
FUN_001dd490,0x001DD490,0x001DD53C,172
FUN_001dd540,0x001DD540,0x001DD668,296
entry,0x001DD680,0x001DD8C0,576
thunk_FUN_0046dc68,0x001DD8C0,0x001DD8C8,8
FUN_001dd8d0,0x001DD8D0,0x001DD954,132
FUN_001dd958,0x001DD958,0x001DDB18,448
vcs_CPickups_GenerateNewOne,0x001DDB18,0x001DDE1C,772
FUN_001dde20,0x001DDE20,0x001DDEB0,144
FUN_001ddeb0,0x001DDEB0,0x001DDFA4,244
FUN_001ddfa8,0x001DDFA8,0x001DDFC8,32
FUN_001ddfc8,0x001DDFC8,0x001DE058,144
FUN_001de058,0x001DE058,0x001DE094,60
FUN_001de098,0x001DE098,0x001DE174,220
FUN_001de178,0x001DE178,0x001DE238,192
FUN_001de238,0x001DE238,0x001DECB0,2680
FUN_001decb0,0x001DECB0,0x001DED6C,188
FUN_001ded70,0x001DED70,0x001DF3FC,1676
FUN_001df400,0x001DF400,0x001DF570,368
FUN_001df570,0x001DF570,0x001DF5F8,136
FUN_001df5f8,0x001DF5F8,0x001E0B18,5408
FUN_001e0b18,0x001E0B18,0x001E0DE8,720
FUN_001e0de8,0x001E0DE8,0x001E10C8,736
FUN_001e10c8,0x001E10C8,0x001E1578,1200
FUN_001e1580,0x001E1580,0x001E15D0,80
FUN_001e15d0,0x001E15D0,0x001E16DC,268
FUN_001e16e0,0x001E16E0,0x001E17CC,236
FUN_001e17d0,0x001E17D0,0x001E1948,376
FUN_001e1948,0x001E1948,0x001E1AD0,392
FUN_001e1ad0,0x001E1AD0,0x001E1EE4,1044
FUN_001e1ee8,0x001E1EE8,0x001E1F84,156
FUN_001e1f88,0x001E1F88,0x001E2324,924
FUN_001e2328,0x001E2328,0x001E2374,76
vcs_CPickup_GiveUsAPickUpObject,0x001E2378,0x001E2C10,2200
FUN_001e2c10,0x001E2C10,0x001E2C6C,92
vcs_CPickups_GetNewUniquePickupIndex,0x001E2C70,0x001E2CC0,80
vcs_CPickups_GetActualPickupIndex,0x001E2CC0,0x001E2CFC,60
FUN_001e2d00,0x001E2D00,0x001E2DE4,228
FUN_001e2de8,0x001E2DE8,0x001E2E58,112
FUN_001e2e58,0x001E2E58,0x001E2E98,64
FUN_001e2e98,0x001E2E98,0x001E2EB8,32
FUN_001e2eb8,0x001E2EB8,0x001E2F68,176
vcs_Opcode01AE_SwitchWidescreen,0x001E2F68,0x001E2FC8,96
FUN_001e2fc8,0x001E2FC8,0x001E3044,124
FUN_001e3048,0x001E3048,0x001E3088,64
FUN_001e3088,0x001E3088,0x001E3148,192
FUN_001e3148,0x001E3148,0x001E3188,64
vcs_Opcode02EA_SetAreaVisible,0x001E3188,0x001E31CC,68
vcs_Opcode0313_SetExtraColours,0x001E31D0,0x001E3244,116
FUN_001e3248,0x001E3248,0x001E32A8,96
FUN_001e32a8,0x001E32A8,0x001E336C,196
FUN_001e3370,0x001E3370,0x001E342C,188
FUN_001e3478,0x001E3478,0x001E34F4,124
FUN_001e34f8,0x001E34F8,0x001E35B4,188
FUN_001e35b8,0x001E35B8,0x001E35E4,44
FUN_001e3620,0x001E3620,0x001E3788,360
FUN_001e37a0,0x001E37A0,0x001E3840,160
FUN_001e3840,0x001E3840,0x001E3864,36
FUN_001e3868,0x001E3868,0x001E38D4,108
FUN_001e38d8,0x001E38D8,0x001E38F8,32
FUN_001e38f8,0x001E38F8,0x001E3A48,336
FUN_001e3a48,0x001E3A48,0x001E3A74,44
FUN_001e3a78,0x001E3A78,0x001E3AA4,44
FUN_001e3aa8,0x001E3AA8,0x001E3D08,604
FUN_001e3d08,0x001E3D08,0x001E3EB4,424
FUN_001e3eb8,0x001E3EB8,0x001E3FEC,308
FUN_001e3ff0,0x001E3FF0,0x001E42B0,704
FUN_001e42b0,0x001E42B0,0x001E4444,404
FUN_001e4448,0x001E4448,0x001E47BC,880
FUN_001e47c0,0x001E47C0,0x001E4A80,704
FUN_001e4a80,0x001E4A80,0x001E4B5C,220
FUN_001e4b60,0x001E4B60,0x001E4D88,552
FUN_001e4d88,0x001E4D88,0x001E51F4,1132
FUN_001e51f8,0x001E51F8,0x001E5434,572
FUN_001e5438,0x001E5438,0x001E55A4,364
FUN_001e55a8,0x001E55A8,0x001E56C4,284
FUN_001e56c8,0x001E56C8,0x001E58F0,552
FUN_001e58f0,0x001E58F0,0x001E59A4,180
FUN_001e59a8,0x001E59A8,0x001E5DB8,1040
FUN_001e5db8,0x001E5DB8,0x001E5EC0,264
FUN_001e5ec8,0x001E5EC8,0x001E5F38,112
FUN_001e5f38,0x001E5F38,0x001E5F58,32
FUN_001e5f58,0x001E5F58,0x001E6070,280
FUN_001e6070,0x001E6070,0x001E61F0,384
vcs_Opcode047D_GetCountInteriorElementsByType,0x001E61F0,0x001E6340,336
vcs_Opcode047E_GetInteriorElementTransform,0x001E6340,0x001E65B4,628
FUN_001e65b8,0x001E65B8,0x001E67AC,500
FUN_001e67b0,0x001E67B0,0x001E6A6C,700
FUN_001e6a80,0x001E6A80,0x001E6AC8,72
FUN_001e6ac8,0x001E6AC8,0x001E6B18,80
FUN_001e6b18,0x001E6B18,0x001E6D54,572
FUN_001e6d58,0x001E6D58,0x001E6E00,168
FUN_001e6e00,0x001E6E00,0x001E6E90,144
FUN_001e6e90,0x001E6E90,0x001E6F4C,188
FUN_001e6f50,0x001E6F50,0x001E6F6C,28
FUN_001e6f70,0x001E6F70,0x001E6FA4,52
FUN_001e6fa8,0x001E6FA8,0x001E7070,200
FUN_001e7070,0x001E7070,0x001E70E4,116
FUN_001e70e8,0x001E70E8,0x001E7140,88
FUN_001e7140,0x001E7140,0x001E723C,252
FUN_001e7240,0x001E7240,0x001E7300,192
FUN_001e7300,0x001E7300,0x001E73A8,168
FUN_001e73a8,0x001E73A8,0x001E762C,640
FUN_001e7630,0x001E7630,0x001E76A0,112
FUN_001e7710,0x001E7710,0x001E773C,44
FUN_001e7750,0x001E7750,0x001E7810,192
FUN_001e78a0,0x001E78A0,0x001E78CC,44
FUN_001e78d0,0x001E78D0,0x001E7B4C,636
FUN_001e7b50,0x001E7B50,0x001E7BA0,80
FUN_001e7ba0,0x001E7BA0,0x001E7BDC,60
FUN_001e7cd0,0x001E7CD0,0x001E7D6C,156
FUN_001e7d70,0x001E7D70,0x001E7DAC,60
FUN_001e7db0,0x001E7DB0,0x001E7E48,152
FUN_001e7e48,0x001E7E48,0x001E7F4C,260
FUN_001e7f50,0x001E7F50,0x001E7F8C,60
FUN_001e7f90,0x001E7F90,0x001E803C,172
FUN_001e8040,0x001E8040,0x001E8090,80
FUN_001e8090,0x001E8090,0x001E80B0,32
FUN_001e80b0,0x001E80B0,0x001E80B8,8
FUN_001e80c0,0x001E80C0,0x001E81A8,232
FUN_001e81a8,0x001E81A8,0x001E8E4C,3236
FUN_001e8e50,0x001E8E50,0x001E9014,452
FUN_001e9020,0x001E9020,0x001E9058,56
FUN_001e9058,0x001E9058,0x001E9C70,3096
FUN_001e9c70,0x001E9C70,0x001EAD6C,4348
FUN_001ead70,0x001EAD70,0x001EBC7C,3852
FUN_001ebc80,0x001EBC80,0x001EBCD8,88
FUN_001ebcd8,0x001EBCD8,0x001EBD0C,52
FUN_001ebd10,0x001EBD10,0x001EC050,832
FUN_001ec050,0x001EC050,0x001EC30C,700
FUN_001ec310,0x001EC310,0x001EC370,96
FUN_001ec370,0x001EC370,0x001EC390,32
FUN_001ec390,0x001EC390,0x001EC4CC,316
FUN_001ec4d0,0x001EC4D0,0x001EC520,80
FUN_001ec560,0x001EC560,0x001EC60C,172
FUN_001ec610,0x001EC610,0x001EC64C,60
FUN_001ec650,0x001EC650,0x001EC6D4,132
FUN_001ec6d8,0x001EC6D8,0x001EC744,108
FUN_001ec748,0x001EC748,0x001EC764,28
FUN_001ec768,0x001EC768,0x001EC7AC,68
FUN_001ec7b0,0x001EC7B0,0x001EC860,176
FUN_001ec860,0x001EC860,0x001EC8E0,128
FUN_001ec8e0,0x001EC8E0,0x001EC8F4,20
FUN_001ec8f8,0x001EC8F8,0x001ECAA8,432
FUN_001ecaa8,0x001ECAA8,0x001ECB50,168
FUN_001ecb50,0x001ECB50,0x001ECC98,328
FUN_001ecc98,0x001ECC98,0x001ECD14,124
FUN_001ecd18,0x001ECD18,0x001ECD80,104
FUN_001ecd80,0x001ECD80,0x001ECDC8,72
FUN_001ed208,0x001ED208,0x001ED820,1560
FUN_001ed828,0x001ED828,0x001EE714,3820
FUN_001ee718,0x001EE718,0x001EE900,488
FUN_001ee900,0x001EE900,0x001EEC24,804
FUN_001eec28,0x001EEC28,0x001EEC4C,36
FUN_001eec58,0x001EEC58,0x001EEC80,40
FUN_001eec88,0x001EEC88,0x001EEDD4,332
FUN_001eedd8,0x001EEDD8,0x001EEE80,168
FUN_001eee80,0x001EEE80,0x001EEE9C,28
FUN_001eeea0,0x001EEEA0,0x001EF4A4,1540
FUN_001ef4a8,0x001EF4A8,0x001EF578,208
FUN_001ef578,0x001EF578,0x001EF6A8,304
FUN_001ef6a8,0x001EF6A8,0x001EF900,600
FUN_001ef900,0x001EF900,0x001EF908,8
FUN_001ef908,0x001EF908,0x001EF910,8
FUN_001ef910,0x001EF910,0x001EF918,8
FUN_001ef918,0x001EF918,0x001EFA40,296
FUN_001efa40,0x001EFA40,0x001EFE74,1076
FUN_001efe78,0x001EFE78,0x001EFEEC,116
FUN_001efef0,0x001EFEF0,0x001EFF44,84
FUN_001eff48,0x001EFF48,0x001EFF94,76
FUN_001eff98,0x001EFF98,0x001F0B10,2936
FUN_001f0b10,0x001F0B10,0x001F0B98,136
FUN_001f0b98,0x001F0B98,0x001F0C2C,148
FUN_001f0c30,0x001F0C30,0x001F0C94,100
FUN_001f0c98,0x001F0C98,0x001F0D50,184
FUN_001f0d50,0x001F0D50,0x001F0E30,224
FUN_001f0e30,0x001F0E30,0x001F0EF0,192
FUN_001f0ef0,0x001F0EF0,0x001F123C,844
FUN_001f1240,0x001F1240,0x001F127C,60
FUN_001f1280,0x001F1280,0x001F1340,192
FUN_001f1340,0x001F1340,0x001F13B8,120
FUN_001f13b8,0x001F13B8,0x001F1420,104
FUN_001f1420,0x001F1420,0x001F15F8,472
FUN_001f15f8,0x001F15F8,0x001F167C,132
FUN_001f1680,0x001F1680,0x001F16B4,52
FUN_001f16b8,0x001F16B8,0x001F1C34,1404
FUN_001f1c38,0x001F1C38,0x001F1D20,232
FUN_001f1d20,0x001F1D20,0x001F24D4,1972
FUN_001f24d8,0x001F24D8,0x001F25D4,252
FUN_001f25d8,0x001F25D8,0x001F2DD4,2044
FUN_001f2dd8,0x001F2DD8,0x001F2F28,336
FUN_001f2f28,0x001F2F28,0x001F3044,284
FUN_001f3048,0x001F3048,0x001F3188,320
FUN_001f3188,0x001F3188,0x001F3374,492
FUN_001f3378,0x001F3378,0x001F4980,5640
FUN_001f4980,0x001F4980,0x001F4A44,196
FUN_001f4a48,0x001F4A48,0x001F4A58,16
FUN_001f4a58,0x001F4A58,0x001F4BD8,384
FUN_001f4bd8,0x001F4BD8,0x001F9398,18368
FUN_001f9398,0x001F9398,0x001FA3C0,4136
FUN_001fa3c0,0x001FA3C0,0x001FA414,84
FUN_001fa418,0x001FA418,0x001FA468,80
FUN_001fa468,0x001FA468,0x001FA5E4,380
FUN_001fa5e8,0x001FA5E8,0x001FA724,316
FUN_001fa728,0x001FA728,0x001FA7B4,140
FUN_001fa7b8,0x001FA7B8,0x001FA80C,84
FUN_001fa818,0x001FA818,0x001FA914,252
FUN_001fa918,0x001FA918,0x001FBADC,4548
FUN_001fbae0,0x001FBAE0,0x001FBBD4,244
FUN_001fbbd8,0x001FBBD8,0x001FBBF8,32
FUN_001fbbf8,0x001FBBF8,0x001FBC94,156
FUN_001fbc98,0x001FBC98,0x001FD9C4,7468
FUN_001fd9c8,0x001FD9C8,0x001FDA14,76
FUN_001fda18,0x001FDA18,0x001FDA60,72
FUN_001fda60,0x001FDA60,0x001FDA6C,12
FUN_001fda70,0x001FDA70,0x001FDAC8,88
FUN_001fdac8,0x001FDAC8,0x001FDB10,72
FUN_001fdb10,0x001FDB10,0x001FDB80,112
FUN_001fdd98,0x001FDD98,0x001FDE00,104
FUN_001fde00,0x001FDE00,0x001FEA14,3092
FUN_001fea18,0x001FEA18,0x001FEDA4,908
FUN_001fedb0,0x001FEDB0,0x001FFA68,3256
FUN_001ffa68,0x001FFA68,0x001FFAC0,88
FUN_001ffac0,0x001FFAC0,0x001FFB04,68
FUN_001ffb08,0x001FFB08,0x001FFC74,364
FUN_001ffc78,0x001FFC78,0x001FFD70,248
FUN_001ffd70,0x001FFD70,0x001FFE50,224
FUN_001ffe50,0x001FFE50,0x001FFE74,36
FUN_001ffe78,0x001FFE78,0x0020012C,692
FUN_00200130,0x00200130,0x00200150,32
FUN_00200150,0x00200150,0x0020021C,204
FUN_00200220,0x00200220,0x00200250,48
FUN_00200250,0x00200250,0x00200340,240
FUN_00200340,0x00200340,0x00200428,232
FUN_00200428,0x00200428,0x002004A0,120
FUN_002004a0,0x002004A0,0x002005AC,268
FUN_002005b0,0x002005B0,0x00200648,152
FUN_00200648,0x00200648,0x002012E4,3228
FUN_002012e8,0x002012E8,0x00201DA0,2744
FUN_00201da8,0x00201DA8,0x00201ED4,300
FUN_00201ed8,0x00201ED8,0x00201FB8,224
FUN_00201fb8,0x00201FB8,0x002021A0,488
FUN_002021a0,0x002021A0,0x002021EC,76
FUN_002021f0,0x002021F0,0x002022D4,228
FUN_002022d8,0x002022D8,0x002026D4,1020
FUN_002026d8,0x002026D8,0x002027EC,276
FUN_002027f0,0x002027F0,0x00202AB4,708
FUN_00202ab8,0x00202AB8,0x00202C50,408
FUN_00202c50,0x00202C50,0x00202D10,192
FUN_00202d10,0x00202D10,0x00202D60,80
FUN_00202d60,0x00202D60,0x00202F7C,540
FUN_00202f80,0x00202F80,0x00203228,680
FUN_00203228,0x00203228,0x00203898,1648
FUN_00203898,0x00203898,0x002039E4,332
FUN_002039f0,0x002039F0,0x00203A54,100
FUN_00203a58,0x00203A58,0x00203A7C,36
FUN_00203a80,0x00203A80,0x00203B84,260
FUN_00203b88,0x00203B88,0x00203CD0,328
FUN_00203cd0,0x00203CD0,0x00203CFC,44
FUN_00203d00,0x00203D00,0x00203E14,276
FUN_00203e18,0x00203E18,0x00203E74,92
FUN_00203e78,0x00203E78,0x00204020,424
FUN_00204020,0x00204020,0x00204184,356
FUN_00204188,0x00204188,0x002043A0,536
FUN_002043a0,0x002043A0,0x002044C8,296
FUN_002044c8,0x002044C8,0x00204594,204
FUN_00204598,0x00204598,0x002045D4,60
FUN_002045d8,0x002045D8,0x00204608,48
FUN_00204608,0x00204608,0x002046B4,172
FUN_002046b8,0x002046B8,0x002047B8,256
FUN_002047b8,0x002047B8,0x0020480C,84
FUN_00204818,0x00204818,0x002048D8,192
FUN_002048d8,0x002048D8,0x00204958,128
FUN_00204958,0x00204958,0x002049EC,148
FUN_002049f8,0x002049F8,0x00204C24,556
FUN_00204c28,0x00204C28,0x00205A4C,3620
FUN_00205a50,0x00205A50,0x00205C08,440
FUN_00205c08,0x00205C08,0x00205DA0,408
FUN_00205da0,0x00205DA0,0x00205DE0,64
FUN_00205de0,0x00205DE0,0x00206550,1904
FUN_00206550,0x00206550,0x00206860,780
FUN_00206860,0x00206860,0x00206CD0,1136
FUN_00206cd0,0x00206CD0,0x00206FB8,744
FUN_00206fb8,0x00206FB8,0x00207180,456
FUN_00207188,0x00207188,0x002074BC,820
FUN_002074c0,0x002074C0,0x0020768C,460
FUN_00207690,0x00207690,0x00207BAC,1304
FUN_00207bb0,0x00207BB0,0x002097A0,7152
FUN_002097a0,0x002097A0,0x002097CC,44
FUN_002097d0,0x002097D0,0x002098EC,284
FUN_002098f0,0x002098F0,0x00209CB8,968
FUN_00209cb8,0x00209CB8,0x0020A244,1420
FUN_0020a248,0x0020A248,0x0020A380,312
FUN_0020a380,0x0020A380,0x0020A39C,28
FUN_0020a3a0,0x0020A3A0,0x0020A7CC,1068
FUN_0020a800,0x0020A800,0x0020AA98,664
FUN_0020aa98,0x0020AA98,0x0020AB3C,164
FUN_0020ab40,0x0020AB40,0x0020AD90,592
FUN_0020ad90,0x0020AD90,0x0020AE60,208
FUN_0020ae60,0x0020AE60,0x0020AFC8,360
FUN_0020afc8,0x0020AFC8,0x0020B02C,100
FUN_0020b030,0x0020B030,0x0020B070,64
FUN_0020b070,0x0020B070,0x0020B0C8,88
FUN_0020b0c8,0x0020B0C8,0x0020B1A4,220
FUN_0020b1a8,0x0020B1A8,0x0020B268,192
FUN_0020b268,0x0020B268,0x0020B3C0,344
FUN_0020b3c0,0x0020B3C0,0x0020B444,132
FUN_0020b448,0x0020B448,0x0020B540,248
FUN_0020b540,0x0020B540,0x0020BF88,2632
FUN_0020bf88,0x0020BF88,0x0020C180,504
FUN_0020c180,0x0020C180,0x0020C23C,188
FUN_0020c240,0x0020C240,0x0020C2F8,184
FUN_0020c2f8,0x0020C2F8,0x0020C304,12
FUN_0020c308,0x0020C308,0x0020C330,40
FUN_0020c330,0x0020C330,0x0020C3B0,128
FUN_0020c3b0,0x0020C3B0,0x0020C3E8,56
FUN_0020c3e8,0x0020C3E8,0x0020C450,104
FUN_0020c450,0x0020C450,0x0020D7D4,4996
FUN_0020d7d8,0x0020D7D8,0x0020D99C,452
FUN_0020d9a0,0x0020D9A0,0x0020DB14,372
FUN_0020db18,0x0020DB18,0x0020E80C,3312
FUN_0020e810,0x0020E810,0x0020E914,260
FUN_0020e918,0x0020E918,0x0020EB5C,580
FUN_0020eb60,0x0020EB60,0x0020ED34,468
FUN_0020ed38,0x0020ED38,0x0020F61C,2276
FUN_0020f620,0x0020F620,0x00210614,4084
FUN_00210618,0x00210618,0x002106C8,176
FUN_002106c8,0x002106C8,0x00210704,60
FUN_00210708,0x00210708,0x00210758,80
FUN_00210768,0x00210768,0x00210898,304
FUN_00210898,0x00210898,0x00210A5C,452
FUN_00210a60,0x00210A60,0x00210CE4,644
FUN_00210ce8,0x00210CE8,0x00210D3C,84
FUN_00210d40,0x00210D40,0x00210E2C,236
FUN_00210e30,0x00210E30,0x0021184C,2588
FUN_00211850,0x00211850,0x00211898,72
FUN_00211898,0x00211898,0x00211B40,680
FUN_00211b40,0x00211B40,0x00211B9C,92
FUN_00211ba0,0x00211BA0,0x00211C58,184
FUN_00211c58,0x00211C58,0x00211D10,184
FUN_00211d10,0x00211D10,0x00211E34,292
FUN_00211e38,0x00211E38,0x00211F58,288
FUN_00211f58,0x00211F58,0x00212014,188
FUN_00212018,0x00212018,0x00212274,604
FUN_00212278,0x00212278,0x002124F4,636
FUN_002124f8,0x002124F8,0x00212D04,2060
FUN_00212d38,0x00212D38,0x00212DB4,124
FUN_00212db8,0x00212DB8,0x00212E68,176
FUN_00212e68,0x00212E68,0x00212FB8,336
FUN_00212fb8,0x00212FB8,0x002132F0,824
FUN_002132f0,0x002132F0,0x0021362C,828
FUN_00213630,0x00213630,0x0021363C,12
FUN_00213640,0x00213640,0x00213720,224
FUN_00213720,0x00213720,0x00213D80,1632
FUN_00213d80,0x00213D80,0x00213FA0,544
FUN_00213fa0,0x00213FA0,0x002148E4,2372
FUN_002148e8,0x002148E8,0x002149F0,264
FUN_002149f0,0x002149F0,0x00214A74,132
FUN_00214a78,0x00214A78,0x00214AA4,44
FUN_00214aa8,0x00214AA8,0x00214AB0,8
FUN_00214ab8,0x00214AB8,0x00214BA8,240
FUN_00214ba8,0x00214BA8,0x00215134,1420
FUN_00215138,0x00215138,0x00215144,12
FUN_00215148,0x00215148,0x00215170,40
FUN_00215170,0x00215170,0x00215178,8
FUN_00215178,0x00215178,0x002153B8,576
FUN_002153b8,0x002153B8,0x00215544,396
FUN_00215548,0x00215548,0x002155D4,140
FUN_002155d8,0x002155D8,0x002156A4,204
FUN_002156a8,0x002156A8,0x00215850,424
FUN_00215850,0x00215850,0x00215910,192
FUN_00215910,0x00215910,0x00215990,128
FUN_00215990,0x00215990,0x002159D0,64
FUN_002159d0,0x002159D0,0x002161E0,2064
FUN_002161e0,0x002161E0,0x002163A0,448
FUN_002163a0,0x002163A0,0x00216544,420
FUN_00216548,0x00216548,0x00216674,300
FUN_00216678,0x00216678,0x0021674C,212
FUN_00216750,0x00216750,0x002168D0,384
FUN_002168d0,0x002168D0,0x002169F4,292
FUN_002169f8,0x002169F8,0x00216B48,336
FUN_00216b48,0x00216B48,0x0021716C,1572
FUN_00217170,0x00217170,0x002175CC,1116
FUN_002175d0,0x002175D0,0x00217938,872
FUN_00217938,0x00217938,0x00217A70,312
FUN_00217a70,0x00217A70,0x00217AE0,112
FUN_00217ae0,0x00217AE0,0x00217E3C,860
FUN_00217e40,0x00217E40,0x00217F48,264
FUN_00217f48,0x00217F48,0x002180D4,396
FUN_002180d8,0x002180D8,0x00218280,424
FUN_00218280,0x00218280,0x002183A8,296
FUN_002183a8,0x002183A8,0x002183E4,60
FUN_002183e8,0x002183E8,0x00218460,120
FUN_00218460,0x00218460,0x002184E4,132
FUN_002184e8,0x002184E8,0x002185B4,204
FUN_002185b8,0x002185B8,0x00218628,112
FUN_00218628,0x00218628,0x00218694,108
FUN_00218698,0x00218698,0x002186D0,56
FUN_002186d0,0x002186D0,0x00218720,80
FUN_00218720,0x00218720,0x00218734,20
FUN_00218738,0x00218738,0x00218740,8
FUN_00218740,0x00218740,0x0021876C,44
FUN_00218770,0x00218770,0x00218800,144
FUN_00218800,0x00218800,0x002188C4,196
FUN_002188c8,0x002188C8,0x002188D0,8
FUN_002188d0,0x002188D0,0x002188D8,8
FUN_002188d8,0x002188D8,0x0021893C,100
FUN_00218940,0x00218940,0x00218978,56
FUN_00218978,0x00218978,0x002189C4,76
FUN_002189c8,0x002189C8,0x00218A2C,100
FUN_00218a30,0x00218A30,0x00218A7C,76
FUN_00218a80,0x00218A80,0x00218AE0,96
FUN_00218ae0,0x00218AE0,0x00218B20,64
FUN_00218b20,0x00218B20,0x00218B28,8
FUN_00218b28,0x00218B28,0x00218B40,24
FUN_00218b40,0x00218B40,0x00218B90,80
FUN_00218b90,0x00218B90,0x00218BB0,32
FUN_00218bb0,0x00218BB0,0x00218C08,88
FUN_00218c08,0x00218C08,0x00218CD0,200
FUN_00218cd0,0x00218CD0,0x00218D2C,92
FUN_00218d30,0x00218D30,0x00218D98,104
FUN_00218d98,0x00218D98,0x00218E00,104
FUN_00218e00,0x00218E00,0x00218E20,32
FUN_00218e20,0x00218E20,0x00218E28,8
FUN_00218e28,0x00218E28,0x00218E30,8
FUN_00218e30,0x00218E30,0x00218E74,68
FUN_00218e78,0x00218E78,0x00218F08,144
FUN_00218f08,0x00218F08,0x00218F4C,68
FUN_00218f50,0x00218F50,0x00218F7C,44
FUN_00218f80,0x00218F80,0x00218FD4,84
FUN_00218fd8,0x00218FD8,0x00219000,40
FUN_00219000,0x00219000,0x0021905C,92
FUN_00219060,0x00219060,0x002190A4,68
FUN_002190a8,0x002190A8,0x002190B0,8
FUN_002190b0,0x002190B0,0x00219130,128
FUN_00219130,0x00219130,0x00219194,100
FUN_00219198,0x00219198,0x002191B8,32
FUN_002191b8,0x002191B8,0x00219240,136
FUN_00219240,0x00219240,0x002192C8,136
FUN_002192c8,0x002192C8,0x00219328,96
FUN_00219328,0x00219328,0x00219400,216
FUN_00219400,0x00219400,0x00219420,32
FUN_00219420,0x00219420,0x00219428,8
FUN_00219428,0x00219428,0x00219574,332
FUN_00219578,0x00219578,0x002195C0,72
FUN_002195c0,0x002195C0,0x0021966C,172
FUN_00219670,0x00219670,0x002196C0,80
FUN_002196c0,0x002196C0,0x00219798,216
FUN_00219798,0x00219798,0x0021987C,228
FUN_00219880,0x00219880,0x00219A1C,412
FUN_00219a20,0x00219A20,0x00219A50,48
FUN_00219a50,0x00219A50,0x00219A5C,12
FUN_00219a60,0x00219A60,0x00219BE8,392
FUN_00219be8,0x00219BE8,0x00219CA0,184
FUN_00219ca0,0x00219CA0,0x00219CA8,8
FUN_00219ca8,0x00219CA8,0x00219D34,140
FUN_00219d38,0x00219D38,0x00219D68,48
FUN_00219d68,0x00219D68,0x00219DC0,88
FUN_00219dc0,0x00219DC0,0x00219EEC,300
FUN_00219ef0,0x00219EF0,0x00219FDC,236
FUN_00219fe0,0x00219FE0,0x00219FE8,8
FUN_00219fe8,0x00219FE8,0x0021A0B8,208
FUN_0021a0c0,0x0021A0C0,0x0021A140,128
FUN_0021a140,0x0021A140,0x0021A160,32
FUN_0021a160,0x0021A160,0x0021A1D8,120
FUN_0021a1d8,0x0021A1D8,0x0021A1F8,32
FUN_0021a1f8,0x0021A1F8,0x0021A294,156
FUN_0021a298,0x0021A298,0x0021A2BC,36
FUN_0021a2c0,0x0021A2C0,0x0021A504,580
FUN_0021a508,0x0021A508,0x0021A78C,644
FUN_0021a790,0x0021A790,0x0021A8AC,284
FUN_0021a948,0x0021A948,0x0021A99C,84
FUN_0021a9a0,0x0021A9A0,0x0021A9CC,44
FUN_0021a9d0,0x0021A9D0,0x0021AA60,144
FUN_0021aa60,0x0021AA60,0x0021AB24,196
FUN_0021ab28,0x0021AB28,0x0021AB78,80
FUN_0021ab78,0x0021AB78,0x0021ABC4,76
FUN_0021abc8,0x0021ABC8,0x0021AC48,128
FUN_0021ac48,0x0021AC48,0x0021ACD8,144
FUN_0021acd8,0x0021ACD8,0x0021AD4C,116
FUN_0021ad50,0x0021AD50,0x0021ADE8,152
FUN_0021adf0,0x0021ADF0,0x0021AE10,32
FUN_0021ae10,0x0021AE10,0x0021AE6C,92
FUN_0021ae70,0x0021AE70,0x0021AEAC,60
FUN_0021aeb0,0x0021AEB0,0x0021AF18,104
FUN_0021af28,0x0021AF28,0x0021AF34,12
FUN_0021af38,0x0021AF38,0x0021AF40,8
FUN_0021af40,0x0021AF40,0x0021AFAC,108
FUN_0021afb0,0x0021AFB0,0x0021AFDC,44
FUN_0021afe0,0x0021AFE0,0x0021B050,112
FUN_0021b050,0x0021B050,0x0021B114,196
FUN_0021b118,0x0021B118,0x0021B1DC,196
FUN_0021b1e8,0x0021B1E8,0x0021B240,88
FUN_0021b240,0x0021B240,0x0021B2E0,160
FUN_0021b2e0,0x0021B2E0,0x0021B3A8,200
FUN_0021b3a8,0x0021B3A8,0x0021B788,992
FUN_0021b788,0x0021B788,0x0021B7DC,84
FUN_0021b7e0,0x0021B7E0,0x0021B854,116
vcs_Opcode0483_GetBuildingTypedPoolHandle,0x0021B858,0x0021B8FC,164
vcs_Opcode0493_GetInteriorRadius,0x0021B900,0x0021B9A0,160
FUN_0021b9a0,0x0021B9A0,0x0021BA5C,188
FUN_0021ba60,0x0021BA60,0x0021BAB8,88
FUN_0021bab8,0x0021BAB8,0x0021BAFC,68
FUN_0021bb00,0x0021BB00,0x0021BC38,312
FUN_0021bc38,0x0021BC38,0x0021BEF4,700
FUN_0021bef8,0x0021BEF8,0x0021BF38,64
FUN_0021bf38,0x0021BF38,0x0021C02C,244
FUN_0021c030,0x0021C030,0x0021C1C4,404
FUN_0021c1e0,0x0021C1E0,0x0021C214,52
FUN_0021c220,0x0021C220,0x0021C228,8
FUN_0021c228,0x0021C228,0x0021C230,8
FUN_0021c230,0x0021C230,0x0021C238,8
FUN_0021c240,0x0021C240,0x0021C248,8
FUN_0021c248,0x0021C248,0x0021C258,16
FUN_0021c258,0x0021C258,0x0021C2E4,140
FUN_0021c2e8,0x0021C2E8,0x0021C390,168
FUN_0021c390,0x0021C390,0x0021C3F0,96
FUN_0021c3f0,0x0021C3F0,0x0021C44C,92
FUN_0021c450,0x0021C450,0x0021C5D0,384
FUN_0021c5d0,0x0021C5D0,0x0021C910,832
FUN_0021c910,0x0021C910,0x0021C968,88
FUN_0021c968,0x0021C968,0x0021CBB4,588
FUN_0021cbb8,0x0021CBB8,0x0021CC18,96
FUN_0021cc18,0x0021CC18,0x0021CD1C,260
FUN_0021cd20,0x0021CD20,0x0021CE9C,380
FUN_0021cea0,0x0021CEA0,0x0021CEA8,8
FUN_0021cea8,0x0021CEA8,0x0021D008,352
FUN_0021d008,0x0021D008,0x0021D1D0,456
FUN_0021d1d0,0x0021D1D0,0x0021D1EC,28
FUN_0021d1f0,0x0021D1F0,0x0021D4D4,740
FUN_0021d4d8,0x0021D4D8,0x0021DB68,1680
FUN_0021db68,0x0021DB68,0x0021DC5C,244
FUN_0021dc60,0x0021DC60,0x0021DD2C,204
FUN_0021dd30,0x0021DD30,0x0021DD38,8
FUN_0021dd38,0x0021DD38,0x0021DD64,44
FUN_0021dd68,0x0021DD68,0x0021DD74,12
FUN_0021dd78,0x0021DD78,0x0021DF84,524
FUN_0021df88,0x0021DF88,0x0021E038,176
FUN_0021e038,0x0021E038,0x0021E0FC,196
FUN_0021e100,0x0021E100,0x0021E10C,12
FUN_0021e110,0x0021E110,0x0021E138,40
FUN_0021e138,0x0021E138,0x0021E2E8,432
FUN_0021e2e8,0x0021E2E8,0x0021E2F4,12
FUN_0021e2f8,0x0021E2F8,0x0021E714,1052
FUN_0021e718,0x0021E718,0x0021E8A0,392
FUN_0021e8a8,0x0021E8A8,0x0021E8B0,8
FUN_0021e8b0,0x0021E8B0,0x0021EAD0,544
FUN_0021ead0,0x0021EAD0,0x0021EAD8,8
FUN_0021ead8,0x0021EAD8,0x0021EF10,1080
FUN_0021ef10,0x0021EF10,0x0021F078,360
FUN_0021f078,0x0021F078,0x0021F134,188
FUN_0021f138,0x0021F138,0x0021F140,8
FUN_0021f140,0x0021F140,0x0021F4CC,908
FUN_0021f4d0,0x0021F4D0,0x0021F95C,1164
FUN_0021f960,0x0021F960,0x0021FA84,292
FUN_0021fa88,0x0021FA88,0x0021FAD8,80
FUN_0021fad8,0x0021FAD8,0x0021FB9C,196
FUN_0021fba8,0x0021FBA8,0x0021FBBC,20
FUN_0021fbc0,0x0021FBC0,0x0021FC6C,172
FUN_0021fc70,0x0021FC70,0x0021FCA0,48
FUN_0021fca0,0x0021FCA0,0x0021FCC0,32
FUN_0021fcc0,0x0021FCC0,0x00220248,1416
FUN_00220248,0x00220248,0x00220328,224
FUN_00220328,0x00220328,0x002207EC,1220
FUN_00220828,0x00220828,0x00220854,44
FUN_00220858,0x00220858,0x00220878,32
FUN_00220878,0x00220878,0x00220894,28
FUN_00220898,0x00220898,0x002208B4,28
FUN_002208b8,0x002208B8,0x002208D4,28
FUN_002208d8,0x002208D8,0x002208F4,28
FUN_00220900,0x00220900,0x002209C8,196
FUN_002209c8,0x002209C8,0x00220A18,80
FUN_00220a18,0x00220A18,0x00220A54,60
FUN_00220a58,0x00220A58,0x00220AA0,72
FUN_00220aa0,0x00220AA0,0x00220AF8,88
FUN_00220af8,0x00220AF8,0x00220B40,72
FUN_00220b40,0x00220B40,0x00220B68,40
FUN_00220b68,0x00220B68,0x00220B78,16
EnumerateDirectoryAndBuildEntries,0x00220B78,0x00220D10,408
FUN_00220d10,0x00220D10,0x00220DEC,220
FUN_00220df0,0x00220DF0,0x00220F48,344
FUN_00220f48,0x00220F48,0x00220F78,48
FUN_00220f78,0x00220F78,0x0022100C,148
FUN_00221010,0x00221010,0x0022102C,28
FUN_00221030,0x00221030,0x0022104C,28
FUN_00221050,0x00221050,0x00221128,216
FUN_00221130,0x00221130,0x00221258,296
FUN_00221258,0x00221258,0x0022127C,36
FUN_00221280,0x00221280,0x00221314,148
FUN_00221318,0x00221318,0x002213F4,220
FUN_00221400,0x00221400,0x00221464,100
FUN_00221468,0x00221468,0x002214EC,132
FUN_002214f0,0x002214F0,0x00221554,96
FUN_00221558,0x00221558,0x00221640,232
FUN_00221640,0x00221640,0x002216C4,128
FUN_002216c8,0x002216C8,0x002216D0,8
FUN_002216d0,0x002216D0,0x00221728,88
FUN_00221728,0x00221728,0x002217F4,204
FUN_00221800,0x00221800,0x00221978,376
FUN_00221978,0x00221978,0x002219A0,40
FUN_002219a0,0x002219A0,0x00221A78,216
FUN_00221a78,0x00221A78,0x00221AE4,108
FUN_00221af0,0x00221AF0,0x00221B40,80
FUN_00221b60,0x00221B60,0x00221B88,40
FUN_00221b90,0x00221B90,0x00221D38,424
FUN_00221d38,0x00221D38,0x00221DD0,152
FUN_00221dd8,0x00221DD8,0x00221E00,40
FUN_00221e10,0x00221E10,0x00221E6C,92
FUN_00221e70,0x00221E70,0x00221E9C,44
FUN_00221ea0,0x00221EA0,0x00221EF0,80
FUN_00221ef0,0x00221EF0,0x00221F1C,44
FUN_00221f20,0x00221F20,0x00221F64,68
FUN_00221f68,0x00221F68,0x00222024,188
FUN_00222028,0x00222028,0x00222070,72
FUN_00222070,0x00222070,0x00222088,24
FUN_00222088,0x00222088,0x002220C4,60
FUN_002220c8,0x002220C8,0x00222108,64
FUN_00222108,0x00222108,0x002221A4,156
FUN_002221a8,0x002221A8,0x00222228,128
FUN_00222228,0x00222228,0x00222284,92
FUN_00222288,0x00222288,0x002222E8,96
FUN_002222e8,0x002222E8,0x00222348,96
FUN_00222348,0x00222348,0x0022237C,52
FUN_00222380,0x00222380,0x002224CC,332
FUN_002224d0,0x002224D0,0x00222528,88
FUN_00222528,0x00222528,0x0022255C,52
FUN_00222560,0x00222560,0x0022265C,252
FUN_00222660,0x00222660,0x002226C0,96
FUN_002226c0,0x002226C0,0x0022276C,172
FUN_00222770,0x00222770,0x002227F8,136
FUN_002227f8,0x002227F8,0x00222820,40
FUN_00222820,0x00222820,0x00222894,116
FUN_00222898,0x00222898,0x002229BC,292
FUN_002229c0,0x002229C0,0x00222A68,168
FUN_00222a68,0x00222A68,0x00222BF8,400
FUN_00222bf8,0x00222BF8,0x00222C9C,164
FUN_00222ca0,0x00222CA0,0x00222D04,100
FUN_00222d08,0x00222D08,0x00222D5C,84
FUN_00222d60,0x00222D60,0x00222E60,256
FUN_00222e60,0x00222E60,0x00222EDC,124
FUN_00222ee0,0x00222EE0,0x00222F8C,172
FUN_00222f90,0x00222F90,0x00222FF4,100
FUN_00222ff8,0x00222FF8,0x00223208,528
FUN_00223208,0x00223208,0x002232EC,228
FUN_002232f0,0x002232F0,0x002233AC,188
FUN_002233b0,0x002233B0,0x00223428,116
FUN_00223428,0x00223428,0x002235C8,416
FUN_002235c8,0x002235C8,0x0022367C,180
FUN_00223680,0x00223680,0x002237E4,356
FUN_002237e8,0x002237E8,0x0022393C,340
FUN_00223940,0x00223940,0x0022396C,44
FUN_00223970,0x00223970,0x00223AD8,360
FUN_00223ad8,0x00223AD8,0x00223C54,380
FUN_00223c58,0x00223C58,0x00223C74,28
FUN_00223c78,0x00223C78,0x00223CC4,76
FUN_00223cc8,0x00223CC8,0x00223D14,76
FUN_00223d18,0x00223D18,0x00223DBC,164
FUN_00223dc0,0x00223DC0,0x00223F24,356
FUN_00223f28,0x00223F28,0x00223F88,96
FUN_00223f88,0x00223F88,0x00224194,524
FUN_00224198,0x00224198,0x0022423C,164
FUN_00224240,0x00224240,0x0022427C,60
FUN_00224280,0x00224280,0x002243A4,292
FUN_002243a8,0x002243A8,0x002244D4,300
FUN_002244d8,0x002244D8,0x00224600,292
FUN_00224600,0x00224600,0x002246E4,228
FUN_002246e8,0x002246E8,0x00224738,80
FUN_00224738,0x00224738,0x0022485C,292
FUN_00224860,0x00224860,0x00224928,200
FUN_00224928,0x00224928,0x002249C8,160
FUN_002249c8,0x002249C8,0x00224A60,152
FUN_00224a60,0x00224A60,0x00224AD8,120
FUN_00224ad8,0x00224AD8,0x00224B50,120
FUN_00224b50,0x00224B50,0x00224C58,264
FUN_00224c58,0x00224C58,0x00224D14,184
FUN_00224d18,0x00224D18,0x00224E68,336
FUN_00224e68,0x00224E68,0x00224F04,156
FUN_00224f08,0x00224F08,0x00224F10,8
FUN_00224f18,0x00224F18,0x00224FCC,180
FUN_00224fd0,0x00224FD0,0x00225028,88
FUN_00225028,0x00225028,0x002250C4,156
FUN_002250d0,0x002250D0,0x002250E4,20
FUN_002250e8,0x002250E8,0x00225120,56
FUN_00225120,0x00225120,0x00225158,56
FUN_00225158,0x00225158,0x00225224,204
FUN_00225228,0x00225228,0x002252D0,168
FUN_002252d0,0x002252D0,0x00225500,560
FUN_00225500,0x00225500,0x00225788,648
FUN_00225798,0x00225798,0x00225A0C,628
FUN_00225a10,0x00225A10,0x00225A3C,44
FUN_00225a40,0x00225A40,0x00225A94,84
FUN_00225a98,0x00225A98,0x00225AC4,44
FUN_00225ac8,0x00225AC8,0x00225AEC,36
FUN_00225b00,0x00225B00,0x00225B30,48
FUN_00225b30,0x00225B30,0x00225C78,328
FUN_00225c78,0x00225C78,0x00225C90,24
FUN_00225c90,0x00225C90,0x00225CC0,48
FUN_00225cc0,0x00225CC0,0x00225D14,84
FUN_00225d18,0x00225D18,0x00225D6C,84
FUN_00225d70,0x00225D70,0x00225DA4,52
FUN_00225da8,0x00225DA8,0x00225FF4,588
FUN_00225ff8,0x00225FF8,0x00226054,92
FUN_00226058,0x00226058,0x00226184,300
FUN_00226188,0x00226188,0x002261E8,96
FUN_002261e8,0x002261E8,0x002264E4,764
FUN_002264e8,0x002264E8,0x00227190,3240
FUN_00227190,0x00227190,0x002274D0,832
FUN_002274d0,0x002274D0,0x002275D0,256
FUN_002275d0,0x002275D0,0x002276E0,272
FUN_002276e8,0x002276E8,0x00227830,328
FUN_00227830,0x00227830,0x00227888,88
FUN_00227888,0x00227888,0x002278F8,112
FUN_002278f8,0x002278F8,0x0022795C,100
FUN_00227960,0x00227960,0x00227984,36
FUN_00227988,0x00227988,0x002279AC,36
FUN_002279b0,0x002279B0,0x00228008,1624
FUN_00228008,0x00228008,0x002284B0,1192
FUN_002284b0,0x002284B0,0x00228510,96
FUN_00228510,0x00228510,0x00228530,32
FUN_00228530,0x00228530,0x00228550,32
FUN_00228550,0x00228550,0x0022872C,476
FUN_00228730,0x00228730,0x002287C4,148
FUN_002287d0,0x002287D0,0x0022887C,172
FUN_00228888,0x00228888,0x002288D8,80
FUN_002288d8,0x002288D8,0x0022892C,84
FUN_00228930,0x00228930,0x00228970,64
FUN_00228970,0x00228970,0x002289C4,84
FUN_002289c8,0x002289C8,0x00228B24,348
FUN_00228b28,0x00228B28,0x00228B78,80
FUN_00228b78,0x00228B78,0x00228BB8,64
FUN_00228bb8,0x00228BB8,0x00228BEC,52
FUN_00228bf0,0x00228BF0,0x00228C8C,156
FUN_00228c90,0x00228C90,0x00228D10,128
FUN_00228d10,0x00228D10,0x00228F48,568
FUN_00228f48,0x00228F48,0x00228F84,60
FUN_00228f88,0x00228F88,0x0022900C,132
FUN_00229010,0x00229010,0x00229050,64
FUN_00229050,0x00229050,0x0022908C,60
FUN_00229090,0x00229090,0x002290BC,44
FUN_002290c0,0x002290C0,0x00229528,1128
FUN_00229530,0x00229530,0x002295A0,112
FUN_002295a0,0x002295A0,0x0022962C,140
FUN_00229630,0x00229630,0x0022BED8,10408
FUN_0022bed8,0x0022BED8,0x0022BFA8,208
FUN_0022bfb0,0x0022BFB0,0x0022C07C,204
FUN_0022c088,0x0022C088,0x0022C0E8,96
FUN_0022c0e8,0x0022C0E8,0x0022C178,144
FUN_0022c178,0x0022C178,0x0022C198,32
FUN_0022c198,0x0022C198,0x0022C1E8,80
FUN_0022c1f0,0x0022C1F0,0x0022C21C,44
FUN_0022c220,0x0022C220,0x0022C294,116
FUN_0022c298,0x0022C298,0x0022C304,108
FUN_0022c308,0x0022C308,0x0022C35C,84
FUN_0022c360,0x0022C360,0x0022C3AC,76
FUN_0022c3b0,0x0022C3B0,0x0022C3FC,76
FUN_0022c410,0x0022C410,0x0022C464,84
FUN_0022c468,0x0022C468,0x0022C634,460
FUN_0022c638,0x0022C638,0x0022C6E0,168
FUN_0022c6e0,0x0022C6E0,0x0022C73C,92
FUN_0022c740,0x0022C740,0x0022C7B4,116
FUN_0022c7b8,0x0022C7B8,0x0022C824,108
FUN_0022c828,0x0022C828,0x0022C84C,36
FUN_0022c850,0x0022C850,0x0022C878,40
FUN_0022c878,0x0022C878,0x0022C898,32
FUN_0022c8a0,0x0022C8A0,0x0022C9CC,300
FUN_0022c9d0,0x0022C9D0,0x0022CA2C,92
FUN_0022ca30,0x0022CA30,0x0022CA4C,28
FUN_0022ca50,0x0022CA50,0x0022CAF0,160
FUN_0022caf0,0x0022CAF0,0x0022D108,1560
FUN_0022d108,0x0022D108,0x0022D174,108
FUN_0022d178,0x0022D178,0x0022D210,152
FUN_0022d210,0x0022D210,0x0022D21C,12
FUN_0022d220,0x0022D220,0x0022D37C,348
FUN_0022d380,0x0022D380,0x0022D59C,540
FUN_0022d5a0,0x0022D5A0,0x0022F63C,8332
FUN_0022f640,0x0022F640,0x0022F7D0,400
FUN_0022f7e8,0x0022F7E8,0x0022F834,76
FUN_0022f840,0x0022F840,0x0022F870,48
FUN_0022f870,0x0022F870,0x0022F88C,28
FUN_0022f890,0x0022F890,0x0022FD20,1168
FUN_0022fd20,0x0022FD20,0x0022FD5C,60
FUN_0022fd60,0x0022FD60,0x0022FE20,192
FUN_0022fe20,0x0022FE20,0x0022FFBC,412
FUN_00230010,0x00230010,0x00230074,100
FUN_00230078,0x00230078,0x002300A4,44
FUN_002300a8,0x002300A8,0x002304B0,1032
FUN_002304b0,0x002304B0,0x002304CC,28
FUN_002304d0,0x002304D0,0x002307C4,756
FUN_002307c8,0x002307C8,0x00231C04,5180
FUN_00231c08,0x00231C08,0x00231DA8,416
FUN_00231da8,0x00231DA8,0x00232BC4,3612
FUN_00232bc8,0x00232BC8,0x00232CB0,232
FUN_00232cb0,0x00232CB0,0x00232D18,104
FUN_00232d18,0x00232D18,0x00232F6C,596
FUN_00232f70,0x00232F70,0x00233400,1168
FUN_00233400,0x00233400,0x00233548,328
FUN_00233548,0x00233548,0x002338AC,868
FUN_002338b0,0x002338B0,0x00233AA8,504
FUN_00233aa8,0x00233AA8,0x00233B54,172
FUN_00233b58,0x00233B58,0x00233E04,684
FUN_00233e08,0x00233E08,0x00234174,876
FUN_00234178,0x00234178,0x00234568,1008
FUN_00234568,0x00234568,0x002358E8,4992
FUN_002358e8,0x002358E8,0x00235980,152
FUN_00235980,0x00235980,0x00235DF4,1140
FUN_00235df8,0x00235DF8,0x00235EB4,188
FUN_00235eb8,0x00235EB8,0x00237104,4684
FUN_00237108,0x00237108,0x002371D0,200
FUN_002371d0,0x002371D0,0x00237758,1412
FUN_00237758,0x00237758,0x0023782C,212
FUN_00237830,0x00237830,0x00237864,52
FUN_00237868,0x00237868,0x0023799C,308
FUN_002379a0,0x002379A0,0x00237B48,424
FUN_00237b48,0x00237B48,0x00237B64,28
FUN_00237b68,0x00237B68,0x00237B84,28
FUN_00237b88,0x00237B88,0x00237C3C,180
FUN_00237c40,0x00237C40,0x00237DB8,376
FUN_00237db8,0x00237DB8,0x00238138,896
FUN_00238138,0x00238138,0x00238150,24
FUN_00238150,0x00238150,0x00238180,48
FUN_00238180,0x00238180,0x002381C0,64
FUN_002381c0,0x002381C0,0x002381FC,60
FUN_00238200,0x00238200,0x00238D34,2868
FUN_00238d38,0x00238D38,0x0023903C,772
FUN_00239040,0x00239040,0x00239178,312
FUN_00239178,0x00239178,0x002391C8,80
FUN_002391c8,0x002391C8,0x00239520,856
FUN_00239528,0x00239528,0x00239530,8
FUN_00239530,0x00239530,0x002395A4,116
FUN_002395a8,0x002395A8,0x002395B4,12
FUN_002395b8,0x002395B8,0x002395C8,16
FUN_002395c8,0x002395C8,0x002395D8,16
FUN_002395d8,0x002395D8,0x00239630,88
FUN_00239630,0x00239630,0x00239638,8
FUN_00239638,0x00239638,0x00239640,8
FUN_00239640,0x00239640,0x00239648,8
FUN_00239648,0x00239648,0x00239650,8
FUN_00239660,0x00239660,0x00239A10,944
FUN_00239a10,0x00239A10,0x0023A450,2624
FUN_0023a450,0x0023A450,0x0023A484,52
FUN_0023a488,0x0023A488,0x0023A4A4,28
FUN_0023a4a8,0x0023A4A8,0x0023A5A4,252
FUN_0023a5a8,0x0023A5A8,0x0023A6BC,276
FUN_0023a6c0,0x0023A6C0,0x0023A72C,108
FUN_0023a730,0x0023A730,0x0023A854,292
FUN_0023a858,0x0023A858,0x0023A8EC,148
FUN_0023a8f0,0x0023A8F0,0x0023A998,168
FUN_0023a9e8,0x0023A9E8,0x0023A9F4,12
FUN_0023a9f8,0x0023A9F8,0x0023AACC,212
FUN_0023aad0,0x0023AAD0,0x0023AD08,568
FUN_0023ad08,0x0023AD08,0x0023AD90,136
FUN_0023ad90,0x0023AD90,0x0023AD98,8
FUN_0023ad98,0x0023AD98,0x0023AEA0,264
FUN_0023aea0,0x0023AEA0,0x0023AEB0,16
FUN_0023aeb0,0x0023AEB0,0x0023AF24,116
FUN_0023af28,0x0023AF28,0x0023AF38,16
FUN_0023af38,0x0023AF38,0x0023AF40,8
FUN_0023af40,0x0023AF40,0x0023AF48,8
FUN_0023af48,0x0023AF48,0x0023AF74,44
FUN_0023af78,0x0023AF78,0x0023AF84,12
FUN_0023af90,0x0023AF90,0x0023AFD8,72
FUN_0023afd8,0x0023AFD8,0x0023B000,40
FUN_0023b000,0x0023B000,0x0023B010,16
FUN_0023b010,0x0023B010,0x0023B130,288
FUN_0023b138,0x0023B138,0x0023B214,220
FUN_0023b218,0x0023B218,0x0023B240,40
FUN_0023b240,0x0023B240,0x0023B248,8
FUN_0023b248,0x0023B248,0x0023B2B0,104
FUN_0023b2b0,0x0023B2B0,0x0023B3A0,240
FUN_0023b3a0,0x0023B3A0,0x0023B3E4,68
FUN_0023b3e8,0x0023B3E8,0x0023B42C,68
FUN_0023b430,0x0023B430,0x0023B4B8,136
FUN_0023b4b8,0x0023B4B8,0x0023B4D8,32
FUN_0023b530,0x0023B530,0x0023B994,1124
FUN_0023b998,0x0023B998,0x0023B9B0,24
FUN_0023b9b0,0x0023B9B0,0x0023B9B8,8
FUN_0023b9b8,0x0023B9B8,0x0023B9E8,48
FUN_0023b9e8,0x0023B9E8,0x0023BA6C,132
FUN_0023ba70,0x0023BA70,0x0023BBF4,388
FUN_0023bbf8,0x0023BBF8,0x0023BC78,128
FUN_0023bc78,0x0023BC78,0x0023BF80,776
FUN_0023bf80,0x0023BF80,0x0023C0C0,320
FUN_0023c0c0,0x0023C0C0,0x0023C0F8,56
FUN_0023c0f8,0x0023C0F8,0x0023C1A0,168
FUN_0023c1a0,0x0023C1A0,0x0023C258,184
FUN_0023c258,0x0023C258,0x0023C30C,180
FUN_0023c310,0x0023C310,0x0023C6AC,920
FUN_0023c6b0,0x0023C6B0,0x0023C6B8,8
FUN_0023c6b8,0x0023C6B8,0x0023C738,128
FUN_0023c738,0x0023C738,0x0023C834,252
FUN_0023c838,0x0023C838,0x0023C884,76
FUN_0023c888,0x0023C888,0x0023C8AC,36
FUN_0023c8b0,0x0023C8B0,0x0023C9A4,244
FUN_0023c9a8,0x0023C9A8,0x0023CFB4,1548
FUN_0023cfb8,0x0023CFB8,0x0023D058,160
FUN_0023d058,0x0023D058,0x0023D170,280
FUN_0023d170,0x0023D170,0x0023D1C4,84
FUN_0023d1d8,0x0023D1D8,0x0023D23C,100
FUN_0023d240,0x0023D240,0x0023D2E0,160
FUN_0023d2e0,0x0023D2E0,0x0023D378,152
FUN_0023d378,0x0023D378,0x0023D524,428
FUN_0023d528,0x0023D528,0x0023D658,304
FUN_0023d658,0x0023D658,0x0023D6F4,156
FUN_0023d6f8,0x0023D6F8,0x0023D784,140
FUN_0023d788,0x0023D788,0x0023D8C4,316
FUN_0023d8c8,0x0023D8C8,0x0023E4B0,3044
FUN_0023e4b0,0x0023E4B0,0x0023E528,120
FUN_0023e528,0x0023E528,0x0023E548,32
FUN_0023e548,0x0023E548,0x0023E5F4,172
FUN_0023e5f8,0x0023E5F8,0x0023E620,40
FUN_0023e620,0x0023E620,0x0023E648,40
FUN_0023e648,0x0023E648,0x0023E650,8
FUN_0023e650,0x0023E650,0x0023E6CC,124
FUN_0023e6d0,0x0023E6D0,0x0023E880,432
FUN_0023e880,0x0023E880,0x0023E8A4,36
FUN_0023e8a8,0x0023E8A8,0x0023E8CC,36
FUN_0023e8d0,0x0023E8D0,0x00240940,7552
FUN_00240940,0x00240940,0x00240B4C,524
FUN_00240b50,0x00240B50,0x00241060,1296
FUN_00241060,0x00241060,0x0024133C,732
FUN_00241348,0x00241348,0x00241350,8
FUN_00241358,0x00241358,0x00241400,168
FUN_00241400,0x00241400,0x0024157C,380
FUN_00241580,0x00241580,0x002415C8,72
FUN_002415c8,0x002415C8,0x00241610,72
FUN_00241610,0x00241610,0x0024166C,92
FUN_00241670,0x00241670,0x00241738,200
FUN_00241738,0x00241738,0x00241954,540
FUN_00241958,0x00241958,0x00241A74,284
FUN_00241a78,0x00241A78,0x00241B4C,212
FUN_00241b50,0x00241B50,0x00241B58,8
FUN_00241b58,0x00241B58,0x00241B60,8
FUN_00241b60,0x00241B60,0x00241B70,16
FUN_00241b70,0x00241B70,0x00241B80,16
FUN_00241b80,0x00241B80,0x00241B9C,28
FUN_00241ba0,0x00241BA0,0x00241BFC,92
FUN_00241c08,0x00241C08,0x00241C10,8
FUN_00241c10,0x00241C10,0x00241C8C,124
FUN_00241c90,0x00241C90,0x00241CDC,76
FUN_00241ce0,0x00241CE0,0x00241EB0,464
FUN_00241eb0,0x00241EB0,0x00242084,468
FUN_00242088,0x00242088,0x002421B8,304
FUN_00242200,0x00242200,0x00242320,288
FUN_00242320,0x00242320,0x00242430,272
FUN_00242430,0x00242430,0x002424EC,188
FUN_002424f0,0x002424F0,0x00242530,64
FUN_00242530,0x00242530,0x00242550,32
FUN_00242550,0x00242550,0x002425A4,84
FUN_002425a8,0x002425A8,0x0024269C,244
FUN_002426a0,0x002426A0,0x002426F8,88
FUN_002426f8,0x002426F8,0x002427B8,192
FUN_002427b8,0x002427B8,0x002428E8,304
FUN_002428e8,0x002428E8,0x00242990,168
FUN_00242990,0x00242990,0x00242B54,452
FUN_00242b58,0x00242B58,0x00242BD4,124
FUN_00242bd8,0x00242BD8,0x00242CD8,256
FUN_00242cd8,0x00242CD8,0x00242EC8,496
FUN_00242ec8,0x00242EC8,0x00242F2C,100
FUN_00242f30,0x00242F30,0x00242FDC,172
FUN_00242fe0,0x00242FE0,0x00243074,148
FUN_00243078,0x00243078,0x002431C0,328
FUN_002431c0,0x002431C0,0x0024324C,140
FUN_00243250,0x00243250,0x002432E0,144
FUN_002432e0,0x002432E0,0x00243348,104
FUN_00243348,0x00243348,0x002433C4,124
FUN_002433c8,0x002433C8,0x00243450,136
FUN_00243450,0x00243450,0x002434D8,136
FUN_002434d8,0x002434D8,0x002436B8,480
FUN_002436b8,0x002436B8,0x00243740,136
FUN_00243740,0x00243740,0x00243784,68
FUN_00243788,0x00243788,0x002438B4,300
FUN_002438b8,0x002438B8,0x00243A28,368
FUN_00243a28,0x00243A28,0x00243A94,108
FUN_00243a98,0x00243A98,0x00244600,2920
FUN_00244600,0x00244600,0x0024461C,28
FUN_00244620,0x00244620,0x0024463C,28
FUN_00244640,0x00244640,0x002446B0,112
FUN_002446b8,0x002446B8,0x00244800,328
FUN_00244800,0x00244800,0x00244AE8,744
FUN_00244ae8,0x00244AE8,0x00244E88,928
FUN_00244e88,0x00244E88,0x00244ED0,72
FUN_00244ed0,0x00244ED0,0x00244F18,72
FUN_00244f20,0x00244F20,0x00244F84,100
FUN_00244f90,0x00244F90,0x00245798,2056
FUN_00245798,0x00245798,0x002458C4,300
FUN_002458c8,0x002458C8,0x002458F0,40
FUN_002458f0,0x002458F0,0x00245AAC,444
FUN_00245ab0,0x00245AB0,0x00245B64,180
FUN_00245b68,0x00245B68,0x00245BB0,72
FUN_00245bb0,0x00245BB0,0x00245CD0,288
FUN_00245cd0,0x00245CD0,0x0024627C,1452
FUN_00246280,0x00246280,0x002462D8,88
FUN_002462d8,0x002462D8,0x0024679C,1220
FUN_002467a0,0x002467A0,0x002468CC,300
FUN_002468d8,0x002468D8,0x00246924,76
FUN_00246928,0x00246928,0x00246974,76
FUN_00246978,0x00246978,0x002469C4,76
FUN_002469c8,0x002469C8,0x00246A34,108
FUN_00246a38,0x00246A38,0x00246AAC,116
FUN_00246ab0,0x00246AB0,0x00246B24,116
FUN_00246b28,0x00246B28,0x00247234,1800
FUN_00247238,0x00247238,0x002472E0,168
FUN_002472e0,0x002472E0,0x002473BC,220
FUN_002473c0,0x002473C0,0x002473E0,32
FUN_002473e0,0x002473E0,0x00247434,84
FUN_00247438,0x00247438,0x00247548,272
FUN_00247548,0x00247548,0x00248EB0,6500
FUN_00248eb0,0x00248EB0,0x00248ED0,32
FUN_00248ed0,0x00248ED0,0x00249208,824
FUN_00249208,0x00249208,0x00249538,816
FUN_00249538,0x00249538,0x00249840,776
FUN_00249840,0x00249840,0x0024A0BC,2172
FUN_0024a0c0,0x0024A0C0,0x0024A1E8,296
FUN_0024a1e8,0x0024A1E8,0x0024A25C,116
FUN_0024a260,0x0024A260,0x0024A2D4,116
FUN_0024a2d8,0x0024A2D8,0x0024A3BC,228
FUN_0024a3c0,0x0024A3C0,0x0024A454,148
FUN_0024a458,0x0024A458,0x0024A4D4,124
FUN_0024a4d8,0x0024A4D8,0x0024A568,144
FUN_0024a568,0x0024A568,0x0024A5B4,76
FUN_0024a5b8,0x0024A5B8,0x0024A5DC,36
FUN_0024a5e0,0x0024A5E0,0x0024A658,120
FUN_0024a658,0x0024A658,0x0024A6F0,152
FUN_0024a6f0,0x0024A6F0,0x0024A7D8,232
FUN_0024a7d8,0x0024A7D8,0x0024A7E8,16
FUN_0024a7e8,0x0024A7E8,0x0024A7F8,16
FUN_0024a7f8,0x0024A7F8,0x0024A8F8,256
FUN_0024a8f8,0x0024A8F8,0x0024AA04,268
FUN_0024aa08,0x0024AA08,0x0024AA44,60
FUN_0024aa48,0x0024AA48,0x0024AAC4,124
FUN_0024aac8,0x0024AAC8,0x0024AD48,640
FUN_0024ad48,0x0024AD48,0x0024ADC4,124
FUN_0024add0,0x0024ADD0,0x0024AE28,88
FUN_0024ae28,0x0024AE28,0x0024AE70,72
FUN_0024ae70,0x0024AE70,0x0024AEDC,108
FUN_0024aee0,0x0024AEE0,0x0024B010,304
FUN_0024b010,0x0024B010,0x0024B078,104
FUN_0024b080,0x0024B080,0x0024B104,132
FUN_0024b108,0x0024B108,0x0024B1F4,236
FUN_0024b208,0x0024B208,0x0024B278,112
FUN_0024b278,0x0024B278,0x0024B2B8,64
FUN_0024b2b8,0x0024B2B8,0x0024B2FC,68
FUN_0024b300,0x0024B300,0x0024B3C8,200
FUN_0024b3c8,0x0024B3C8,0x0024B528,352
FUN_0024b528,0x0024B528,0x0024B5F8,208
FUN_0024b5f8,0x0024B5F8,0x0024B62C,52
FUN_0024b630,0x0024B630,0x0024B678,72
FUN_0024b678,0x0024B678,0x0024B7BC,324
FUN_0024b7c0,0x0024B7C0,0x0024B9A0,480
FUN_0024b9a0,0x0024B9A0,0x0024BA44,164
FUN_0024ba48,0x0024BA48,0x0024BC5C,532
FUN_0024bc60,0x0024BC60,0x0024BE04,420
FUN_0024be08,0x0024BE08,0x0024BE28,32
FUN_0024be28,0x0024BE28,0x0024BF24,252
FUN_0024bf30,0x0024BF30,0x0024C044,276
FUN_0024c048,0x0024C048,0x0024C0A4,92
FUN_0024c0a8,0x0024C0A8,0x0024C118,112
FUN_0024c118,0x0024C118,0x0024C174,92
FUN_0024c178,0x0024C178,0x0024C1F8,128
FUN_0024c1f8,0x0024C1F8,0x0024C254,92
FUN_0024c258,0x0024C258,0x0024C2BC,100
FUN_0024c2c0,0x0024C2C0,0x0024C31C,92
FUN_0024c320,0x0024C320,0x0024C384,100
FUN_0024c388,0x0024C388,0x0024C3E4,92
FUN_0024c3e8,0x0024C3E8,0x0024C44C,100
FUN_0024c450,0x0024C450,0x0024C4AC,92
FUN_0024c4b0,0x0024C4B0,0x0024C4BC,12
FUN_0024c4c0,0x0024C4C0,0x0024C524,100
FUN_0024c528,0x0024C528,0x0024C584,92
FUN_0024c588,0x0024C588,0x0024C5B0,40
FUN_0024c5b0,0x0024C5B0,0x0024D06C,2748
FUN_0024d070,0x0024D070,0x0024D0D8,104
FUN_0024d0d8,0x0024D0D8,0x0024D4D8,1024
FUN_0024d4d8,0x0024D4D8,0x0024D73C,612
FUN_0024d740,0x0024D740,0x0024D7E0,160
FUN_0024d7e0,0x0024D7E0,0x0024D8B0,208
FUN_0024d8b0,0x0024D8B0,0x0024D95C,172
FUN_0024d960,0x0024D960,0x0024E0E4,1924
FUN_0024e0e8,0x0024E0E8,0x0024E218,304
FUN_0024e218,0x0024E218,0x0024E2F0,216
FUN_0024e2f0,0x0024E2F0,0x0024E358,104
FUN_0024e358,0x0024E358,0x0024E398,64
FUN_0024e398,0x0024E398,0x0024E3A4,12
FUN_0024e3a8,0x0024E3A8,0x0024E548,416
FUN_0024e548,0x0024E548,0x0024E588,64
FUN_0024e588,0x0024E588,0x0024E5A8,32
FUN_0024e5a8,0x0024E5A8,0x0024E5F0,72
FUN_0024e5f0,0x0024E5F0,0x0024E7D4,484
FUN_0024e7d8,0x0024E7D8,0x0024E7E0,8
FUN_0024e7e0,0x0024E7E0,0x0024E7EC,12
FUN_0024e7f0,0x0024E7F0,0x0024E7F8,8
FUN_0024e7f8,0x0024E7F8,0x0024E93C,324
FUN_0024e940,0x0024E940,0x0024E9A0,96
FUN_0024e9a0,0x0024E9A0,0x0024E9FC,92
FUN_0024ea00,0x0024EA00,0x0024EA08,8
FUN_0024ea08,0x0024EA08,0x0024EA54,76
FUN_0024ea58,0x0024EA58,0x0024ECEC,660
FUN_0024ecf0,0x0024ECF0,0x0024ED14,36
FUN_0024ed18,0x0024ED18,0x0024ED20,8
FUN_0024ed20,0x0024ED20,0x0024ED28,8
FUN_0024ed28,0x0024ED28,0x0024ED34,12
FUN_0024ed38,0x0024ED38,0x0024ED40,8
FUN_0024ed40,0x0024ED40,0x0024ED4C,12
FUN_0024ed50,0x0024ED50,0x0024EEFC,428
FUN_0024ef00,0x0024EF00,0x0024EF54,84
FUN_0024ef58,0x0024EF58,0x0024EFA4,76
FUN_0024efa8,0x0024EFA8,0x0024FE5C,3764
FUN_0024fe60,0x0024FE60,0x0025092C,2764
FUN_00250930,0x00250930,0x00250C0C,732
FUN_00250c10,0x00250C10,0x00250CF0,224
FUN_00250cf0,0x00250CF0,0x00250D78,136
FUN_00250d78,0x00250D78,0x00253104,9100
FUN_00253120,0x00253120,0x0025329C,380
FUN_002532a0,0x002532A0,0x00253B08,2152
FUN_00253b08,0x00253B08,0x00253B30,40
FUN_00253b30,0x00253B30,0x00253B60,48
FUN_00253b60,0x00253B60,0x00253B94,52
FUN_00253b98,0x00253B98,0x00253F04,876
FUN_00253f08,0x00253F08,0x00253F64,92
FUN_00253f68,0x00253F68,0x00254120,440
FUN_00254120,0x00254120,0x002545C8,1192
FUN_002545c8,0x002545C8,0x00254604,60
FUN_00254608,0x00254608,0x00254700,248
FUN_00254708,0x00254708,0x00254800,248
FUN_00254808,0x00254808,0x00254878,112
FUN_00254878,0x00254878,0x002548BC,68
FUN_002548c0,0x002548C0,0x00254918,88
FUN_00254918,0x00254918,0x00254994,124
FUN_00254998,0x00254998,0x00254B34,412
FUN_00254b38,0x00254B38,0x00254C38,256
FUN_00254c38,0x00254C38,0x00254CC4,140
FUN_00254cc8,0x00254CC8,0x00254D18,80
vcs_CRunningScript_CollectParameters,0x00254D18,0x00254F4C,564
vcs_CRunningScript_CollectNextParameterWithoutIncreasingPC,0x00254F50,0x002550F4,420
vcs_CRunningScript_StoreParameters,0x002550F8,0x00255170,120
FUN_00255170,0x00255170,0x00255180,16
vcs_GetPointerToScriptVariable,0x00255180,0x002552EC,364
vcs_CRunningScript_GetPointerToScriptVariable,0x002552F0,0x0025530C,28
FUN_00255310,0x00255310,0x00255358,72
vcs_CRunningScript_Init,0x00255358,0x00255418,192
vcs_CTheScripts_Shutdown,0x00255418,0x00255490,120
vcs_CTheScripts_Init,0x00255490,0x00255A74,1508
vcs_CRunningScript_RemoveScriptFromList,0x00255A78,0x00255AAC,52
vcs_CRunningScript_AddScriptToList,0x00255AB0,0x00255AD0,32
vcs_CTheScripts_StartNewScript,0x00255AD8,0x00255B50,120
FUN_00255b50,0x00255B50,0x00255F0C,956
FUN_00255f10,0x00255F10,0x00255F2C,28
FUN_00255f30,0x00255F30,0x00255F64,52
FUN_00255f68,0x00255F68,0x00255FF4,140
FUN_00255ff8,0x00255FF8,0x0025612C,308
vcs_CRunningScript_Process,0x00256130,0x0025625C,300
vcs_CRunningScript_ProcessOneCommand,0x00256260,0x00256304,164
vcs_ReturnFromGosubOrFunction,0x00256308,0x0025642C,292
FUN_00256430,0x00256430,0x00256480,80
FUN_00256480,0x00256480,0x002564BC,60
FUN_002564c0,0x002564C0,0x00256630,368
FUN_00256630,0x00256630,0x002566D0,160
FUN_002566d0,0x002566D0,0x00256710,64
FUN_00256710,0x00256710,0x002569F0,736
FUN_002569f0,0x002569F0,0x00256B00,272
FUN_00256b00,0x00256B00,0x00256BCC,204
FUN_00256bd0,0x00256BD0,0x00256C90,192
FUN_00256c90,0x00256C90,0x00256CE0,80
FUN_00256ce0,0x00256CE0,0x00256DA4,196
FUN_00256da8,0x00256DA8,0x00256FE8,576
FUN_00256fe8,0x00256FE8,0x00257408,1056
FUN_00257408,0x00257408,0x002577A8,928
FUN_002577a8,0x002577A8,0x00257B28,896
FUN_00257b28,0x00257B28,0x00257EA8,896
FUN_00257ea8,0x00257EA8,0x00258188,736
FUN_00258188,0x00258188,0x002583DC,596
FUN_002583e0,0x002583E0,0x00258834,1108
FUN_00258838,0x00258838,0x00258B30,760
FUN_00258b30,0x00258B30,0x00258D9C,620
FUN_00258da0,0x00258DA0,0x00258EBC,284
FUN_00258ec0,0x00258EC0,0x00258FE8,296
FUN_00258fe8,0x00258FE8,0x00259054,108
FUN_00259058,0x00259058,0x00259434,988
FUN_00259438,0x00259438,0x00259870,1080
FUN_00259870,0x00259870,0x00259C80,1040
FUN_00259c80,0x00259C80,0x0025A0F4,1140
FUN_0025a0f8,0x0025A0F8,0x0025A4D0,984
FUN_0025a4d0,0x0025A4D0,0x0025A5AC,220
FUN_0025a5b0,0x0025A5B0,0x0025A998,1000
FUN_0025a998,0x0025A998,0x0025AAAC,276
FUN_0025aab8,0x0025AAB8,0x0025ACF8,576
FUN_0025acf8,0x0025ACF8,0x0025AE48,336
FUN_0025ae48,0x0025AE48,0x0025AF20,216
FUN_0025af28,0x0025AF28,0x0025AF60,56
FUN_0025af60,0x0025AF60,0x0025B064,260
FUN_0025b068,0x0025B068,0x0025B2FC,660
FUN_0025b300,0x0025B300,0x0025B37C,124
FUN_0025b380,0x0025B380,0x0025B3E8,104
vcs_CTheScripts_ReadObjectNamesFromScript,0x0025B3E8,0x0025B508,288
vcs_CTheScripts_UpdateObjectIndices,0x0025B508,0x0025B5A8,160
vcs_CTheScripts_ReadMultiScriptFileOffsetsFromScript,0x0025B5A8,0x0025B73C,404
FUN_0025b740,0x0025B740,0x0025B7F0,176
FUN_0025b7f0,0x0025B7F0,0x0025B84C,92
FUN_0025b850,0x0025B850,0x0025BA24,468
FUN_0025ba30,0x0025BA30,0x0025BA70,64
FUN_0025ba78,0x0025BA78,0x0025BBA4,300
FUN_0025bba8,0x0025BBA8,0x0025BBC8,32
FUN_0025bbc8,0x0025BBC8,0x0025BCDC,276
FUN_0025bce0,0x0025BCE0,0x0025BD24,68
FUN_0025bd30,0x0025BD30,0x0025BE94,356
FUN_0025be98,0x0025BE98,0x0025CA7C,3044
vcs_CGarages_AddOne,0x0025CA80,0x0025CC28,424
FUN_0025cc28,0x0025CC28,0x0025CE08,480
FUN_0025ce08,0x0025CE08,0x0025CE80,120
FUN_0025ce88,0x0025CE88,0x0025CEB4,44
FUN_0025ceb8,0x0025CEB8,0x0025CF20,104
FUN_0025cf20,0x0025CF20,0x0025D118,504
FUN_0025d118,0x0025D118,0x0025D214,252
FUN_0025d218,0x0025D218,0x0025D3B0,408
FUN_0025d3b0,0x0025D3B0,0x0025D430,128
FUN_0025d430,0x0025D430,0x0025D494,100
FUN_0025d498,0x0025D498,0x0025D4BC,36
FUN_0025d4c0,0x0025D4C0,0x0025D4EC,44
FUN_0025d4f0,0x0025D4F0,0x0025D5AC,188
FUN_0025d5b0,0x0025D5B0,0x0025D5F4,68
FUN_0025d5f8,0x0025D5F8,0x0025D620,40
FUN_0025d628,0x0025D628,0x0025D650,40
vcs_CGarages_OpenGarage,0x0025D650,0x0025D6D8,136
FUN_0025d6d8,0x0025D6D8,0x0025D700,40
FUN_0025d700,0x0025D700,0x0025D738,56
FUN_0025d738,0x0025D738,0x0025D74C,20
FUN_0025d750,0x0025D750,0x0025D840,240
FUN_0025d840,0x0025D840,0x0025D84C,12
FUN_0025d850,0x0025D850,0x0025D8C8,120
FUN_0025d8c8,0x0025D8C8,0x0025D900,56
FUN_0025d900,0x0025D900,0x0025D964,100
FUN_0025d968,0x0025D968,0x0025DA88,288
FUN_0025da88,0x0025DA88,0x0025DB1C,148
FUN_0025db20,0x0025DB20,0x0025DBD4,180
FUN_0025dbd8,0x0025DBD8,0x0025DC64,140
FUN_0025dc68,0x0025DC68,0x0025E0FC,1172
FUN_0025e100,0x0025E100,0x0025E190,144
FUN_0025e190,0x0025E190,0x0025E470,736
FUN_0025e470,0x0025E470,0x0025E828,952
FUN_0025e828,0x0025E828,0x0025E958,304
FUN_0025e958,0x0025E958,0x0025E9F4,156
FUN_0025e9f8,0x0025E9F8,0x0025EA18,32
FUN_0025ebd0,0x0025EBD0,0x0025EC44,116
FUN_0025ec48,0x0025EC48,0x0025EDD0,392
FUN_0025edd0,0x0025EDD0,0x0025EF60,400
FUN_0025ef60,0x0025EF60,0x0025EF68,8
FUN_0025ef68,0x0025EF68,0x0025F204,668
FUN_0025f218,0x0025F218,0x0025F2D0,184
FUN_0025f2d0,0x0025F2D0,0x0025F3F0,288
FUN_0025f3f0,0x0025F3F0,0x0025F6FC,780
FUN_0025f700,0x0025F700,0x00260524,3620
FUN_00260528,0x00260528,0x0026079C,628
FUN_002607a0,0x002607A0,0x002609D8,568
FUN_002609d8,0x002609D8,0x00260AB0,216
FUN_00260ab0,0x00260AB0,0x00260B64,180
FUN_00260b68,0x00260B68,0x00260C08,160
FUN_00260c08,0x00260C08,0x00260C20,24
FUN_00260c20,0x00260C20,0x00260E38,536
FUN_00260e38,0x00260E38,0x00260EA0,104
FUN_00260ea0,0x00260EA0,0x00260F84,228
FUN_00260f88,0x00260F88,0x00261020,152
FUN_00261020,0x00261020,0x0026140C,1004
FUN_00261410,0x00261410,0x00261474,100
FUN_00261478,0x00261478,0x002614C0,72
FUN_002614e8,0x002614E8,0x00261564,124
FUN_00261568,0x00261568,0x002615B0,72
FUN_002615b8,0x002615B8,0x0026161C,100
FUN_00261628,0x00261628,0x002616E4,188
FUN_002616e8,0x002616E8,0x0026173C,84
FUN_00261740,0x00261740,0x00261760,32
FUN_00261760,0x00261760,0x00261768,8
FUN_00261768,0x00261768,0x00261770,8
FUN_00261770,0x00261770,0x00261778,8
FUN_00261778,0x00261778,0x00261780,8
FUN_00261780,0x00261780,0x00261788,8
FUN_00261788,0x00261788,0x00261790,8
FUN_00261790,0x00261790,0x00261BE8,1112
FUN_00261be8,0x00261BE8,0x00261C88,160
FUN_00261c88,0x00261C88,0x00261D74,236
FUN_00261d78,0x00261D78,0x00262500,1928
FUN_00262500,0x00262500,0x00262528,40
FUN_00262528,0x00262528,0x002626DC,436
FUN_002626e0,0x002626E0,0x002626F8,24
FUN_002626f8,0x002626F8,0x00262700,8
FUN_00262700,0x00262700,0x00262708,8
FUN_00262708,0x00262708,0x00262710,8
FUN_00262710,0x00262710,0x00262760,80
FUN_00262760,0x00262760,0x00262768,8
FUN_00262768,0x00262768,0x00262770,8
FUN_00262770,0x00262770,0x00262778,8
FUN_00262778,0x00262778,0x00262780,8
FUN_00262780,0x00262780,0x002629A4,544
FUN_002629a8,0x002629A8,0x00262C4C,676
FUN_00262c50,0x00262C50,0x00262DF8,420
FUN_00262e00,0x00262E00,0x00262E08,8
FUN_00262e08,0x00262E08,0x00262E24,28
FUN_00262e28,0x00262E28,0x00262E30,8
FUN_00262e30,0x00262E30,0x00262E38,8
FUN_00262e38,0x00262E38,0x00262E54,28
FUN_00262e58,0x00262E58,0x00262E60,8
FUN_00262e60,0x00262E60,0x00262E68,8
FUN_00262e68,0x00262E68,0x00262E70,8
FUN_00262e70,0x00262E70,0x00262E78,8
FUN_00262e78,0x00262E78,0x00262E9C,36
FUN_00262ea0,0x00262EA0,0x00262EC0,32
FUN_00262ec0,0x00262EC0,0x00262F7C,188
FUN_00262f80,0x00262F80,0x00262FE0,96
FUN_00262fe8,0x00262FE8,0x00263030,72
FUN_00263038,0x00263038,0x002630A8,112
FUN_002630a8,0x002630A8,0x002630F8,80
FUN_00263108,0x00263108,0x00263178,112
FUN_00263178,0x00263178,0x002631C8,80
FUN_002631c8,0x002631C8,0x002631FC,52
FUN_00263200,0x00263200,0x00263234,52
FUN_00263238,0x00263238,0x0026326C,52
FUN_00263270,0x00263270,0x00263290,32
FUN_00263290,0x00263290,0x002633AC,284
FUN_002633b0,0x002633B0,0x002637A4,1012
FUN_002637a8,0x002637A8,0x0026380C,100
FUN_00263810,0x00263810,0x00263928,280
FUN_00263928,0x00263928,0x0026394C,36
FUN_00263950,0x00263950,0x0026397C,44
FUN_00263980,0x00263980,0x00263AD8,344
FUN_00263ad8,0x00263AD8,0x00265394,6284
FUN_00265398,0x00265398,0x00265404,108
FUN_00265570,0x00265570,0x0026557C,12
FUN_00265580,0x00265580,0x0026562C,172
FUN_00265630,0x00265630,0x002658F8,712
FUN_002658f8,0x002658F8,0x002659E8,240
FUN_002659e8,0x002659E8,0x00265A0C,36
FUN_00265a10,0x00265A10,0x00265A64,84
FUN_00265aa8,0x00265AA8,0x00265C60,440
FUN_00265c60,0x00265C60,0x00265C80,32
vcs_Opcode044E_SetEmpireHudElementVisibleState,0x00265C88,0x00265D00,120
FUN_00265d00,0x00265D00,0x00265D40,64
vcs_Opcode0450_SetEmpireHudElementStartPosition,0x00265D40,0x00265DB4,116
vcs_Opcode0451_SetEmpireHudElementSize,0x00265DB8,0x00265E2C,116
vcs_Opcode0452_SetEmpireHudElementBackgroundColour,0x00265E30,0x00265ED4,164
vcs_Opcode0453_SetEmpireHudElementBorderColour,0x00265ED8,0x00265F7C,164
vcs_Opcode0454_AddEmpireHudTextElement,0x00265F80,0x002660B0,304
vcs_Opcode0455_AddEmpireHudTextElementWithNumbers,0x002660B0,0x0026620C,348
vcs_Opcode0456_RemoveEmpireHudElement,0x00266210,0x00266270,96
vcs_Opcode0457_SetEmpireHudElementColour,0x00266270,0x00266314,164
vcs_Opcode0458_SetEmpireHudTextElementSize,0x00266318,0x00266388,112
FUN_00266388,0x00266388,0x002663F8,112
FUN_002663f8,0x002663F8,0x00266468,112
FUN_00266468,0x00266468,0x002664DC,116
FUN_002664e0,0x002664E0,0x00266540,96
FUN_00266540,0x00266540,0x002665E8,168
FUN_002665e8,0x002665E8,0x00266718,304
FUN_00266718,0x00266718,0x0026678C,116
FUN_00266798,0x00266798,0x002668C4,300
FUN_002668c8,0x002668C8,0x0026693C,116
FUN_00266940,0x00266940,0x002669C4,132
FUN_002669c8,0x002669C8,0x002669F8,48
FUN_002669f8,0x002669F8,0x00266A60,104
FUN_00266a60,0x00266A60,0x00266A7C,28
FUN_00266a80,0x00266A80,0x00266CD4,596
FUN_00266cd8,0x00266CD8,0x00266CFC,36
FUN_00266d00,0x00266D00,0x00266D4C,76
FUN_00266d50,0x00266D50,0x00266E80,304
FUN_00266e80,0x00266E80,0x00267010,400
FUN_00267010,0x00267010,0x00267394,900
FUN_00267398,0x00267398,0x00267494,252
FUN_00267498,0x00267498,0x00267AB8,1568
FUN_00267ab8,0x00267AB8,0x00268028,1392
FUN_00268028,0x00268028,0x002681D8,432
FUN_002681d8,0x002681D8,0x002688E0,1800
FUN_002688e0,0x002688E0,0x00268A10,304
FUN_00268a10,0x00268A10,0x00268E80,1136
FUN_00268e80,0x00268E80,0x00269024,420
FUN_00269028,0x00269028,0x002693B4,908
FUN_002693b8,0x002693B8,0x0026978C,980
FUN_00269790,0x00269790,0x00269B08,888
FUN_00269b08,0x00269B08,0x0026A268,1888
FUN_0026a268,0x0026A268,0x0026A43C,468
FUN_0026a440,0x0026A440,0x0026A514,212
FUN_0026a518,0x0026A518,0x0026A6BC,420
FUN_0026a6c0,0x0026A6C0,0x0026A86C,428
FUN_0026a870,0x0026A870,0x0026AD10,1184
FUN_0026ad10,0x0026AD10,0x0026AE24,276
FUN_0026ae28,0x0026AE28,0x0026AFB0,392
FUN_0026afb0,0x0026AFB0,0x0026B0A4,244
FUN_0026b0a8,0x0026B0A8,0x0026B128,128
FUN_0026b128,0x0026B128,0x0026B30C,484
FUN_0026b310,0x0026B310,0x0026B38C,124
FUN_0026b390,0x0026B390,0x0026B5B4,548
FUN_0026b5b8,0x0026B5B8,0x0026B6A0,232
FUN_0026b6a0,0x0026B6A0,0x0026B734,148
FUN_0026b738,0x0026B738,0x0026B7C0,136
FUN_0026b808,0x0026B808,0x0026B9A8,416
FUN_0026b9a8,0x0026B9A8,0x0026BA0C,100
FUN_0026ba10,0x0026BA10,0x0026BA2C,28
FUN_0026ba30,0x0026BA30,0x0026BA4C,28
FUN_0026ba50,0x0026BA50,0x0026BB28,216
FUN_0026bb28,0x0026BB28,0x0026BB54,44
FUN_0026bbd0,0x0026BBD0,0x0026BBF0,32
FUN_0026bbf0,0x0026BBF0,0x0026BF8C,924
FUN_0026bf90,0x0026BF90,0x0026DE48,7864
FUN_0026de48,0x0026DE48,0x0026DE78,48
FUN_0026de78,0x0026DE78,0x0026DE80,8
FUN_0026de80,0x0026DE80,0x0026DF98,280
FUN_0026df98,0x0026DF98,0x0026E614,1656
FUN_0026e618,0x0026E618,0x0026EAD4,1212
FUN_0026ead8,0x0026EAD8,0x0026EB28,80
FUN_0026eb28,0x0026EB28,0x0026EB48,32
FUN_0026eb48,0x0026EB48,0x0026EBB8,112
FUN_0026ebb8,0x0026EBB8,0x0026EFD4,1052
FUN_0026efe0,0x0026EFE0,0x0026F294,692
FUN_0026f298,0x0026F298,0x0026F334,156
FUN_0026f338,0x0026F338,0x0026F4D8,416
FUN_0026f4d8,0x0026F4D8,0x0026F4E4,12
FUN_0026f4e8,0x0026F4E8,0x0026F6E0,504
FUN_0026f6e0,0x0026F6E0,0x00270088,2472
FUN_00270088,0x00270088,0x002700C0,56
FUN_002700c0,0x002700C0,0x002700C8,8
FUN_002700c8,0x002700C8,0x002700D0,8
FUN_002700d0,0x002700D0,0x00270188,184
FUN_00270188,0x00270188,0x00270450,712
FUN_00270450,0x00270450,0x002706DC,652
FUN_002706e0,0x002706E0,0x00270758,120
FUN_00270758,0x00270758,0x002715AC,3668
FUN_002715b0,0x002715B0,0x00271658,168
FUN_00271658,0x00271658,0x00271700,168
FUN_00271700,0x00271700,0x002717A8,168
FUN_002717a8,0x002717A8,0x00271988,480
FUN_00271988,0x00271988,0x00271B84,508
FUN_00271b88,0x00271B88,0x00271C80,248
FUN_00271c80,0x00271C80,0x00271CD8,88
FUN_00271cd8,0x00271CD8,0x00271D04,44
FUN_00271d08,0x00271D08,0x00272170,1128
FUN_00272170,0x00272170,0x00272178,8
FUN_00272178,0x00272178,0x00272384,524
FUN_00272388,0x00272388,0x002723F8,112
FUN_002723f8,0x002723F8,0x00272458,96
FUN_00272458,0x00272458,0x002724A8,80
FUN_002724a8,0x002724A8,0x00272530,136
FUN_00272530,0x00272530,0x00272578,72
FUN_00272578,0x00272578,0x002725FC,132
FUN_00272610,0x00272610,0x002726A0,144
FUN_002726a0,0x002726A0,0x002727B4,276
FUN_002727b8,0x002727B8,0x00272800,72
FUN_00272800,0x00272800,0x00272930,304
FUN_00272940,0x00272940,0x002729EC,172
FUN_002729f0,0x002729F0,0x00272A48,88
FUN_00272a48,0x00272A48,0x00272B38,240
FUN_00272b38,0x00272B38,0x00272B90,88
FUN_00272b90,0x00272B90,0x00272C08,120
FUN_00272c08,0x00272C08,0x00272C98,144
FUN_00272c98,0x00272C98,0x00272CC8,48
FUN_00272cc8,0x00272CC8,0x00272CE8,32
FUN_00272ce8,0x00272CE8,0x00272D0C,36
FUN_00272d10,0x00272D10,0x00272D38,40
FUN_00272d38,0x00272D38,0x00272DC0,136
vcs_Opcode00CB_AddHospitalRestart,0x00272DC0,0x00272E80,192
vcs_Opcode00CC_AddPoliceRestart,0x00272E80,0x00272F40,192
FUN_00272f40,0x00272F40,0x00273000,192
FUN_00273008,0x00273008,0x0027320C,516
FUN_00273210,0x00273210,0x00273314,260
FUN_00273318,0x00273318,0x002737A4,1164
FUN_002737a8,0x002737A8,0x002737F0,72
FUN_002737f0,0x002737F0,0x00273800,16
FUN_00273800,0x00273800,0x0027381C,28
FUN_00273820,0x00273820,0x0027384C,44
FUN_00273850,0x00273850,0x00273870,32
FUN_00273878,0x00273878,0x00273880,8
FUN_00273888,0x00273888,0x002738E4,92
FUN_00273908,0x00273908,0x0027394C,68
FUN_00273950,0x00273950,0x002739BC,108
FUN_002739c0,0x002739C0,0x00273A2C,108
FUN_00273a30,0x00273A30,0x00273A54,36
FUN_00273a58,0x00273A58,0x00273AD0,120
FUN_00273ad0,0x00273AD0,0x00273C30,352
FUN_00273c30,0x00273C30,0x00273D24,244
FUN_00273d28,0x00273D28,0x00273D7C,84
FUN_00273d80,0x00273D80,0x00273F7C,508
FUN_00273f80,0x00273F80,0x0027408C,268
FUN_00274090,0x00274090,0x002743BC,812
FUN_002743c0,0x002743C0,0x00274418,88
FUN_00274418,0x00274418,0x00274464,76
FUN_00274468,0x00274468,0x002744BC,84
FUN_002744c0,0x002744C0,0x0027461C,348
FUN_00274620,0x00274620,0x00274730,272
FUN_00274730,0x00274730,0x002748D4,420
FUN_002748d8,0x002748D8,0x00274B50,632
FUN_00274b50,0x00274B50,0x00274C74,292
FUN_00274c88,0x00274C88,0x00274D08,128
FUN_00274d08,0x00274D08,0x00274D9C,148
FUN_00274da0,0x00274DA0,0x00274E30,144
FUN_00274e30,0x00274E30,0x00274E88,88
FUN_00274e88,0x00274E88,0x00274F80,248
FUN_00274f80,0x00274F80,0x00275048,200
FUN_00275048,0x00275048,0x00275164,284
FUN_00275168,0x00275168,0x00275200,152
FUN_00275200,0x00275200,0x002752C0,192
FUN_002752c0,0x002752C0,0x0027536C,172
FUN_00275370,0x00275370,0x0027540C,156
FUN_00275410,0x00275410,0x00275640,560
FUN_00275640,0x00275640,0x0027569C,92
FUN_002756a0,0x002756A0,0x002756D0,48
FUN_002756d0,0x002756D0,0x002757C0,240
FUN_002757c0,0x002757C0,0x00275A28,616
FUN_00275a28,0x00275A28,0x00275AB0,136
FUN_00275ab0,0x00275AB0,0x00275B7C,204
FUN_00275b80,0x00275B80,0x00275C40,192
FUN_00275c40,0x00275C40,0x00275D00,192
FUN_00275d08,0x00275D08,0x00275E4C,324
FUN_00275e50,0x00275E50,0x00275F70,288
FUN_00275f70,0x00275F70,0x00276138,456
FUN_00276138,0x00276138,0x0027626C,308
FUN_00276270,0x00276270,0x00276328,184
FUN_00276328,0x00276328,0x0027643C,276
FUN_00276440,0x00276440,0x00276620,480
FUN_00276620,0x00276620,0x002766C0,160
FUN_002766c0,0x002766C0,0x0027674C,140
FUN_00276750,0x00276750,0x002767DC,140
FUN_002767e0,0x002767E0,0x00276808,40
FUN_00276808,0x00276808,0x00276984,380
FUN_00276988,0x00276988,0x00276994,12
FUN_00276998,0x00276998,0x00276C40,680
FUN_00276c48,0x00276C48,0x00276D88,320
FUN_00276d88,0x00276D88,0x002774AC,1828
FUN_002774b0,0x002774B0,0x002777F0,832
FUN_002777f0,0x002777F0,0x00277808,24
FUN_00277808,0x00277808,0x00277820,24
FUN_00277820,0x00277820,0x00277A40,544
FUN_00277a40,0x00277A40,0x00277B88,328
FUN_00277b88,0x00277B88,0x00277C1C,148
FUN_00277c28,0x00277C28,0x00277CB8,144
FUN_00277cb8,0x00277CB8,0x00277CF4,60
FUN_00277d08,0x00277D08,0x00277DF4,236
FUN_00277df8,0x00277DF8,0x00277E90,152
FUN_00277e98,0x00277E98,0x00277F48,172
FUN_00277f48,0x00277F48,0x00277F78,48
FUN_00277f78,0x00277F78,0x00277F98,32
FUN_00277f98,0x00277F98,0x002780A0,264
FUN_002780a0,0x002780A0,0x002780F0,80
FUN_002780f0,0x002780F0,0x002781A0,176
FUN_002781a0,0x002781A0,0x002782BC,284
FUN_002782c0,0x002782C0,0x002783AC,236
FUN_002783b0,0x002783B0,0x002784A4,244
FUN_002784a8,0x002784A8,0x00278624,380
FUN_00278628,0x00278628,0x00278884,604
FUN_00278888,0x00278888,0x00278A78,496
FUN_00278a78,0x00278A78,0x00278E00,904
FUN_00278e00,0x00278E00,0x00278FA0,416
FUN_00278fa0,0x00278FA0,0x00279084,228
FUN_00279308,0x00279308,0x00279344,60
FUN_00279348,0x00279348,0x00279368,32
FUN_00279368,0x00279368,0x002793D8,112
FUN_002793d8,0x002793D8,0x00279458,128
FUN_00279458,0x00279458,0x0027966C,532
FUN_00279670,0x00279670,0x002797C8,344
FUN_002797c8,0x002797C8,0x00279804,60
FUN_00279808,0x00279808,0x00279838,48
FUN_00279838,0x00279838,0x00279900,200
FUN_00279900,0x00279900,0x00279BE4,740
FUN_00279be8,0x00279BE8,0x00279C28,64
FUN_00279c28,0x00279C28,0x00279C48,32
FUN_00279c50,0x00279C50,0x00279CB4,100
FUN_00279cb8,0x00279CB8,0x00279D38,128
FUN_00279d38,0x00279D38,0x0027A340,1540
FUN_0027a340,0x0027A340,0x0027A440,256
FUN_0027a440,0x0027A440,0x0027B19C,3420
FUN_0027b1a0,0x0027B1A0,0x0027B770,1488
FUN_0027b770,0x0027B770,0x0027BAF0,896
FUN_0027baf0,0x0027BAF0,0x0027BE3C,844
FUN_0027be40,0x0027BE40,0x0027C18C,844
FUN_0027c190,0x0027C190,0x0027C4A0,784
FUN_0027c4a0,0x0027C4A0,0x0027C5AC,268
FUN_0027c5b0,0x0027C5B0,0x0027D150,2976
FUN_0027d150,0x0027D150,0x0027D61C,1228
FUN_0027d620,0x0027D620,0x0027DDD4,1972
FUN_0027ddd8,0x0027DDD8,0x0027DEA8,208
FUN_0027dea8,0x0027DEA8,0x0027DF14,108
FUN_0027df18,0x0027DF18,0x0027E280,872
FUN_0027e280,0x0027E280,0x0027E35C,220
FUN_0027e360,0x0027E360,0x0027E5C4,612
FUN_0027e5c8,0x0027E5C8,0x0027F288,3264
FUN_0027f288,0x0027F288,0x0027F2C8,64
FUN_0027f2c8,0x0027F2C8,0x0027F2E8,32
FUN_0027f348,0x0027F348,0x0027F37C,52
FUN_0027f380,0x0027F380,0x0027F3F8,120
FUN_0027f3f8,0x0027F3F8,0x0027F4B4,188
FUN_0027f4b8,0x0027F4B8,0x0027F4C4,12
FUN_0027f4c8,0x0027F4C8,0x0027F568,160
FUN_0027fb28,0x0027FB28,0x0027FC80,344
FUN_0027fc80,0x0027FC80,0x002800F4,1140
FUN_002800f8,0x002800F8,0x0028014C,84
FUN_00280150,0x00280150,0x0028018C,60
FUN_00280190,0x00280190,0x002801B0,32
FUN_002801c0,0x002801C0,0x00280258,152
FUN_00280258,0x00280258,0x002802CC,116
FUN_002802d0,0x002802D0,0x002802F8,40
FUN_002802f8,0x002802F8,0x0028034C,84
FUN_00280350,0x00280350,0x0028036C,28
FUN_00280370,0x00280370,0x0028038C,28
FUN_00280390,0x00280390,0x002804A0,272
FUN_002804a0,0x002804A0,0x002805E8,328
FUN_002805e8,0x002805E8,0x00280610,40
FUN_00280610,0x00280610,0x00280648,56
FUN_00280648,0x00280648,0x0028065C,20
FUN_00280660,0x00280660,0x0028075C,252
FUN_00280768,0x00280768,0x00280788,32
FUN_00280788,0x00280788,0x00280B40,952
FUN_00280b40,0x00280B40,0x00280CA0,352
FUN_00280ca0,0x00280CA0,0x00280E18,376
FUN_00280e18,0x00280E18,0x00280FFC,484
FUN_00281000,0x00281000,0x00281130,304
FUN_00281130,0x00281130,0x00281294,356
FUN_00281298,0x00281298,0x00281318,128
FUN_00281318,0x00281318,0x00281398,128
FUN_002813a0,0x002813A0,0x00281420,128
FUN_00281420,0x00281420,0x00281494,116
FUN_00281498,0x00281498,0x002814E8,80
FUN_002814f0,0x002814F0,0x00281588,152
FUN_00281588,0x00281588,0x00281814,652
FUN_00281818,0x00281818,0x00281A88,624
FUN_00281a88,0x00281A88,0x00281CF8,624
FUN_00281d08,0x00281D08,0x00281DB8,176
FUN_00281db8,0x00281DB8,0x00281F28,368
FUN_00281f28,0x00281F28,0x002822E0,952
FUN_002822e8,0x002822E8,0x00282304,28
FUN_00282308,0x00282308,0x00282324,28
FUN_00282328,0x00282328,0x00282444,284
FUN_00282450,0x00282450,0x00282564,276
FUN_00282568,0x00282568,0x00282644,220
FUN_00282648,0x00282648,0x002826F8,176
FUN_002826f8,0x002826F8,0x002827BC,196
FUN_002827c0,0x002827C0,0x00282890,208
FUN_00282890,0x00282890,0x00282960,208
FUN_00282960,0x00282960,0x00282A20,192
FUN_00282a20,0x00282A20,0x00282AEC,204
FUN_00282af0,0x00282AF0,0x00282BA4,180
FUN_00282ba8,0x00282BA8,0x00282C50,168
FUN_00282c50,0x00282C50,0x00282CF8,168
FUN_00282cf8,0x00282CF8,0x00282DA0,168
FUN_00282da0,0x00282DA0,0x00282E48,168
FUN_00282e48,0x00282E48,0x00282EF0,168
FUN_00282ef0,0x00282EF0,0x00282FA0,176
FUN_00282fa0,0x00282FA0,0x00283050,176
FUN_00283050,0x00283050,0x00283100,176
FUN_00283100,0x00283100,0x002831B0,176
FUN_002831b0,0x002831B0,0x00283260,176
FUN_00283260,0x00283260,0x00283310,176
FUN_00283310,0x00283310,0x002833DC,204
FUN_002833e0,0x002833E0,0x00283488,168
FUN_00283488,0x00283488,0x00283530,168
FUN_00283530,0x00283530,0x002835E0,176
FUN_002835e0,0x002835E0,0x0028379C,444
FUN_002837a0,0x002837A0,0x00283848,168
FUN_00283848,0x00283848,0x00283920,216
FUN_00283920,0x00283920,0x00283984,100
FUN_00283988,0x00283988,0x00283A80,248
FUN_00283a80,0x00283A80,0x00283A94,20
FUN_00283a98,0x00283A98,0x00283AA0,8
FUN_00283aa0,0x00283AA0,0x00283B64,196
FUN_00283b68,0x00283B68,0x00283CAC,324
FUN_00283cb8,0x00283CB8,0x00283DF8,320
FUN_00283df8,0x00283DF8,0x00284480,1672
FUN_00284480,0x00284480,0x00284508,136
FUN_00284508,0x00284508,0x00284528,32
FUN_00284528,0x00284528,0x00284570,72
FUN_00284570,0x00284570,0x00285204,3220
FUN_00285208,0x00285208,0x00285248,64
FUN_00285248,0x00285248,0x00285270,40
FUN_00285270,0x00285270,0x002853C8,344
FUN_002853c8,0x002853C8,0x002853F0,40
FUN_002853f0,0x002853F0,0x00285440,80
FUN_00285440,0x00285440,0x00285458,24
FUN_00285458,0x00285458,0x002855F4,412
FUN_002855f8,0x002855F8,0x002856B0,184
FUN_002856b0,0x002856B0,0x00285714,100
FUN_00285718,0x00285718,0x00285794,124
FUN_00285798,0x00285798,0x00285824,140
FUN_00285828,0x00285828,0x00285898,112
FUN_00285898,0x00285898,0x00285980,232
FUN_00285980,0x00285980,0x002859F0,112
FUN_002859f0,0x002859F0,0x00285AD8,232
FUN_00285ad8,0x00285AD8,0x00285C44,364
FUN_00285c48,0x00285C48,0x00285DB8,368
FUN_00285db8,0x00285DB8,0x00285F68,432
FUN_00285f68,0x00285F68,0x00285F9C,52
FUN_00285fa0,0x00285FA0,0x00286014,116
FUN_00286018,0x00286018,0x002860B4,156
FUN_002860b8,0x002860B8,0x002860D8,32
FUN_002860d8,0x002860D8,0x00286104,44
FUN_00286108,0x00286108,0x00286134,44
FUN_00286138,0x00286138,0x002861C8,144
FUN_002861c8,0x002861C8,0x002861E4,28
FUN_002861e8,0x002861E8,0x00286234,76
FUN_00286248,0x00286248,0x00286284,60
FUN_00286288,0x00286288,0x00286294,12
FUN_00286298,0x00286298,0x002862DC,68
FUN_002862e0,0x002862E0,0x00286318,56
FUN_00286318,0x00286318,0x00286364,76
FUN_00286368,0x00286368,0x00286384,28
FUN_00286388,0x00286388,0x002863B4,44
FUN_002863b8,0x002863B8,0x00286428,112
FUN_00286428,0x00286428,0x00286470,72
FUN_00286470,0x00286470,0x002864C0,80
FUN_002864c0,0x002864C0,0x00286578,184
FUN_00286578,0x00286578,0x002865A0,40
FUN_002865a0,0x002865A0,0x002865EC,76
FUN_002865f0,0x002865F0,0x0028663C,76
FUN_00286640,0x00286640,0x00286694,84
FUN_00286698,0x00286698,0x0028670C,116
FUN_00286710,0x00286710,0x00286718,8
FUN_00286718,0x00286718,0x002867C4,172
FUN_002867c8,0x002867C8,0x00286840,120
FUN_00286840,0x00286840,0x00286900,192
FUN_00286900,0x00286900,0x0028693C,60
FUN_00286940,0x00286940,0x002869A0,96
FUN_002869a0,0x002869A0,0x002869E4,68
FUN_002869e8,0x002869E8,0x00286A2C,68
FUN_00286a30,0x00286A30,0x00286AC0,144
FUN_00286ac0,0x00286AC0,0x00286BB8,248
FUN_00286bb8,0x00286BB8,0x00286C88,208
FUN_00286c88,0x00286C88,0x00286CB4,44
FUN_00286cb8,0x00286CB8,0x00286D10,88
FUN_00286d10,0x00286D10,0x00286D9C,140
FUN_00286da0,0x00286DA0,0x00286DE0,64
FUN_00286de0,0x00286DE0,0x00286E20,64
FUN_00286e20,0x00286E20,0x00286E60,64
FUN_00286e60,0x00286E60,0x00286EA0,64
FUN_00286ea0,0x00286EA0,0x00286EAC,12
FUN_00286eb0,0x00286EB0,0x00286EBC,12
FUN_00286ec0,0x00286EC0,0x00286F10,80
FUN_00286f10,0x00286F10,0x00286F60,80
FUN_00286f60,0x00286F60,0x00286F7C,28
FUN_00286f80,0x00286F80,0x00286FC4,68
FUN_00286fc8,0x00286FC8,0x00286FF0,40
FUN_00286ff0,0x00286FF0,0x00287020,48
FUN_00287028,0x00287028,0x0028732C,772
FUN_00287330,0x00287330,0x00287440,272
FUN_00287440,0x00287440,0x00287494,84
FUN_00287498,0x00287498,0x002874EC,84
FUN_002874f0,0x002874F0,0x00287544,84
FUN_00287548,0x00287548,0x0028759C,84
FUN_002875a8,0x002875A8,0x002875C8,32
FUN_002875c8,0x002875C8,0x002875E8,32
FUN_002875e8,0x002875E8,0x00287608,32
FUN_00287608,0x00287608,0x00287628,32
FUN_00287628,0x00287628,0x0028766C,68
FUN_00287678,0x00287678,0x002876BC,68
FUN_002876c8,0x002876C8,0x0028770C,68
FUN_00287718,0x00287718,0x0028775C,68
FUN_00287768,0x00287768,0x0028779C,52
FUN_002877a0,0x002877A0,0x002877D4,52
FUN_002877d8,0x002877D8,0x0028780C,52
FUN_00287810,0x00287810,0x00287844,52
FUN_00287848,0x00287848,0x002878A8,96
FUN_002878a8,0x002878A8,0x002878C8,32
FUN_002878c8,0x002878C8,0x00287920,88
FUN_00287920,0x00287920,0x00287974,84
FUN_00287978,0x00287978,0x002879E8,112
FUN_002879e8,0x002879E8,0x00287A58,112
FUN_00287a58,0x00287A58,0x00287A7C,36
vcs_Opcode00B9_SetFixedCameraPosition,0x00287A80,0x00287B04,132
vcs_Opcode00BA_PointCameraAtPoint,0x00287B08,0x00287BE0,216
FUN_00287be0,0x00287BE0,0x00287C38,88
FUN_00287c38,0x00287C38,0x00287CC4,140
FUN_00287cc8,0x00287CC8,0x00287D70,168
vcs_Opcode01CF_RestoreCameraJumpCut,0x00287D70,0x00287D94,36
FUN_00287d98,0x00287D98,0x00287E1C,132
vcs_Opcode0221_SetCameraBehindPlayer,0x00287E20,0x00287E44,36
FUN_00287e48,0x00287E48,0x00287E6C,36
FUN_00287e70,0x00287E70,0x00287EC4,84
FUN_00287ec8,0x00287EC8,0x00287F0C,68
FUN_00287f10,0x00287F10,0x00287F70,96
FUN_00287f70,0x00287F70,0x00287FE4,116
vcs_Opcode03B7_SetCameraPedZoomIndicator,0x00287FE8,0x00288050,104
FUN_00288050,0x00288050,0x002880C4,116
FUN_002880c8,0x002880C8,0x0028810C,68
FUN_00288110,0x00288110,0x00288170,96
FUN_00288170,0x00288170,0x002881E8,120
FUN_002881e8,0x002881E8,0x00288298,176
FUN_00288298,0x00288298,0x00288380,232
FUN_00288388,0x00288388,0x002883B8,48
FUN_002883b8,0x002883B8,0x002883E0,40
FUN_002883e0,0x002883E0,0x00288408,40
FUN_00288408,0x00288408,0x00288430,40
FUN_00288430,0x00288430,0x00288458,40
FUN_00288458,0x00288458,0x00288480,40
FUN_00288480,0x00288480,0x002884A8,40
FUN_002884b8,0x002884B8,0x002885D8,288
FUN_002885d8,0x002885D8,0x00288684,172
FUN_00288688,0x00288688,0x002886D4,76
FUN_002886d8,0x002886D8,0x00288C98,1472
FUN_00288ca0,0x00288CA0,0x00288D30,144
FUN_00288d30,0x00288D30,0x00288D68,56
FUN_00288d68,0x00288D68,0x00288D94,44
FUN_00288d98,0x00288D98,0x00288DC4,44
FUN_00288dc8,0x00288DC8,0x00288E14,76
FUN_00288e18,0x00288E18,0x00288E60,72
FUN_00288e60,0x00288E60,0x00288E68,8
FUN_00288e68,0x00288E68,0x00288E78,16
FUN_00288e78,0x00288E78,0x00288E8C,20
FUN_00288e90,0x00288E90,0x00288F08,120
FUN_00288f08,0x00288F08,0x00288F4C,68
FUN_00288f50,0x00288F50,0x00288F5C,12
FUN_00288f60,0x00288F60,0x00288FC4,100
FUN_00288fc8,0x00288FC8,0x00288FE8,32
FUN_00289dc0,0x00289DC0,0x0028A410,1616
FUN_0028a410,0x0028A410,0x0028A434,36
FUN_0028a438,0x0028A438,0x0028A45C,36
FUN_0028a460,0x0028A460,0x0028A490,48
FUN_0028a490,0x0028A490,0x0028A4C0,48
FUN_0028a4c0,0x0028A4C0,0x0028A4F0,48
FUN_0028a4f0,0x0028A4F0,0x0028A520,48
FUN_0028a520,0x0028A520,0x0028A550,48
FUN_0028a550,0x0028A550,0x0028A580,48
FUN_0028a580,0x0028A580,0x0028A5B0,48
FUN_0028a5b0,0x0028A5B0,0x0028A5E0,48
FUN_0028a5e0,0x0028A5E0,0x0028A604,36
FUN_0028a608,0x0028A608,0x0028A62C,36
FUN_0028a630,0x0028A630,0x0028A660,48
FUN_0028a660,0x0028A660,0x0028A690,48
FUN_0028a690,0x0028A690,0x0028A6FC,108
FUN_0028a700,0x0028A700,0x0028A718,24
FUN_0028a718,0x0028A718,0x0028A764,76
FUN_0028a768,0x0028A768,0x0028A7B4,76
FUN_0028a7b8,0x0028A7B8,0x0028A7CC,20
FUN_0028a7d0,0x0028A7D0,0x0028A7E4,20
FUN_0028a7e8,0x0028A7E8,0x0028A7FC,20
FUN_0028a800,0x0028A800,0x0028A818,24
FUN_0028a818,0x0028A818,0x0028A830,24
FUN_0028a830,0x0028A830,0x0028A848,24
FUN_0028a850,0x0028A850,0x0028AE7C,1580
FUN_0028ae80,0x0028AE80,0x0028B15C,732
FUN_0028b160,0x0028B160,0x0028B174,20
FUN_0028b178,0x0028B178,0x0028B184,12
FUN_0028b188,0x0028B188,0x0028B19C,20
FUN_0028b1a0,0x0028B1A0,0x0028B1C0,32
FUN_0028b1c0,0x0028B1C0,0x0028B1FC,60
FUN_0028b200,0x0028B200,0x0028B23C,60
FUN_0028b240,0x0028B240,0x0028B260,32
FUN_0028b260,0x0028B260,0x0028B26C,12
FUN_0028b270,0x0028B270,0x0028B410,416
FUN_0028b410,0x0028B410,0x0028B45C,76
FUN_0028b460,0x0028B460,0x0028E458,12280
FUN_0028e458,0x0028E458,0x0028E984,1324
FUN_0028e988,0x0028E988,0x0028EB1C,404
FUN_0028eb20,0x0028EB20,0x0028FC54,4404
FUN_0028fc58,0x0028FC58,0x00290DC4,4460
FUN_00290dc8,0x00290DC8,0x00290DF8,48
FUN_00290df8,0x00290DF8,0x00290E34,60
FUN_00290e38,0x00290E38,0x00291028,496
FUN_00291028,0x00291028,0x00291218,496
FUN_00291218,0x00291218,0x002913EC,468
FUN_002913f0,0x002913F0,0x00291454,100
FUN_00291458,0x00291458,0x002916E8,656
FUN_002916e8,0x002916E8,0x00291978,656
FUN_00291978,0x00291978,0x00291C28,688
FUN_00291c28,0x00291C28,0x00291E18,496
FUN_00291e18,0x00291E18,0x0029206C,596
FUN_00292070,0x00292070,0x0029236C,764
FUN_00292378,0x00292378,0x002925E0,616
FUN_002925e0,0x002925E0,0x0029263C,92
FUN_00292640,0x00292640,0x00292CA0,1632
FUN_00292ca0,0x00292CA0,0x00292CE8,72
FUN_00292ce8,0x00292CE8,0x00292E8C,420
FUN_00292e90,0x00292E90,0x00292F34,164
FUN_00292f40,0x00292F40,0x00293858,2328
FUN_00293858,0x00293858,0x002942E0,2696
FUN_002942e0,0x002942E0,0x002946DC,1020
FUN_002946e0,0x002946E0,0x0029542C,3404
FUN_00295430,0x00295430,0x00296474,4164
FUN_00296478,0x00296478,0x002967B8,832
FUN_002967b8,0x002967B8,0x00296A80,712
FUN_00296a80,0x00296A80,0x00296F68,1256
FUN_00296f68,0x00296F68,0x002972A0,824
FUN_002972a0,0x002972A0,0x00297D64,2752
FUN_00297d68,0x00297D68,0x00297E54,236
FUN_00297e58,0x00297E58,0x00299684,6188
FUN_00299688,0x00299688,0x002997AC,292
FUN_002997b0,0x002997B0,0x00299B34,900
FUN_00299b38,0x00299B38,0x0029AA8C,3924
FUN_0029aa90,0x0029AA90,0x0029BFA4,5396
FUN_0029bfa8,0x0029BFA8,0x0029C420,1144
FUN_0029c420,0x0029C420,0x0029DC50,6192
FUN_0029dc50,0x0029DC50,0x0029FAFC,7852
FUN_0029fb00,0x0029FB00,0x0029FC8C,396
FUN_0029fc90,0x0029FC90,0x002A1F7C,8940
FUN_002a1f80,0x002A1F80,0x002A2A04,2692
FUN_002a2a08,0x002A2A08,0x002A2FD0,1480
FUN_002a2fd0,0x002A2FD0,0x002A306C,156
FUN_002a3070,0x002A3070,0x002A3B4C,2780
FUN_002a3b50,0x002A3B50,0x002A4280,1840
FUN_002a4280,0x002A4280,0x002A46D8,1112
FUN_002a46d8,0x002A46D8,0x002A48E0,520
FUN_002a48e0,0x002A48E0,0x002A4CF0,1040
FUN_002a4cf0,0x002A4CF0,0x002A4ED4,484
FUN_002a4ed8,0x002A4ED8,0x002A4F30,88
FUN_002a4f30,0x002A4F30,0x002A5068,308
FUN_002a5068,0x002A5068,0x002A572C,1728
FUN_002a5730,0x002A5730,0x002A57BC,140
FUN_002a57c0,0x002A57C0,0x002A5CDC,1308
FUN_002a5ce0,0x002A5CE0,0x002A603C,860
FUN_002a6040,0x002A6040,0x002A60F0,176
FUN_002a60f0,0x002A60F0,0x002A6110,32
FUN_002a6118,0x002A6118,0x002A64C4,940
FUN_002a64d0,0x002A64D0,0x002A65F8,296
FUN_002a65f8,0x002A65F8,0x002A66D4,220
FUN_002a66d8,0x002A66D8,0x002A6794,188
FUN_002a6798,0x002A6798,0x002A686C,212
FUN_002a6870,0x002A6870,0x002A68DC,108
FUN_002a68e0,0x002A68E0,0x002A6984,164
FUN_002a6988,0x002A6988,0x002A69D4,76
FUN_002a69d8,0x002A69D8,0x002A6A5C,132
FUN_002a6a60,0x002A6A60,0x002A6B44,228
FUN_002a6b48,0x002A6B48,0x002A6B80,56
FUN_002a6b80,0x002A6B80,0x002A6DAC,556
FUN_002a6db0,0x002A6DB0,0x002A6DD4,36
FUN_002a6dd8,0x002A6DD8,0x002A6DFC,36
FUN_002a6e00,0x002A6E00,0x002A6E24,36
FUN_002a6e28,0x002A6E28,0x002A6E4C,36
FUN_002a6e50,0x002A6E50,0x002A6FB4,356
FUN_002a6fb8,0x002A6FB8,0x002A7070,184
FUN_002a7070,0x002A7070,0x002A72BC,588
FUN_002a72c0,0x002A72C0,0x002A735C,156
FUN_002a7360,0x002A7360,0x002A7468,264
FUN_002a7468,0x002A7468,0x002A750C,164
FUN_002a7510,0x002A7510,0x002A75B0,160
FUN_002a75b0,0x002A75B0,0x002A7700,336
FUN_002a7700,0x002A7700,0x002A7778,120
FUN_002a7778,0x002A7778,0x002A77F4,124
FUN_002a77f8,0x002A77F8,0x002A7A50,600
FUN_002a7a50,0x002A7A50,0x002A7B38,232
FUN_002a7b38,0x002A7B38,0x002A7E64,812
FUN_002a7e68,0x002A7E68,0x002A83B8,1360
FUN_002a83b8,0x002A83B8,0x002A865C,676
FUN_002a8660,0x002A8660,0x002A9010,2480
FUN_002a9010,0x002A9010,0x002A9068,88
FUN_002a9068,0x002A9068,0x002A912C,196
FUN_002a9130,0x002A9130,0x002A9174,68
FUN_002a9178,0x002A9178,0x002A91CC,84
FUN_002a91d0,0x002A91D0,0x002A9268,152
FUN_002a9268,0x002A9268,0x002A9298,48
FUN_002a9298,0x002A9298,0x002A92B8,32
FUN_002a92b8,0x002A92B8,0x002A931C,100
FUN_002a9320,0x002A9320,0x002A9344,36
FUN_002a9348,0x002A9348,0x002A93C4,124
FUN_002a93c8,0x002A93C8,0x002A9404,60
FUN_002a9408,0x002A9408,0x002A9460,88
FUN_002a9460,0x002A9460,0x002A96D8,632
FUN_002a96d8,0x002A96D8,0x002A9700,40
FUN_002a9708,0x002A9708,0x002A9714,12
FUN_002a9718,0x002A9718,0x002A98A8,400
FUN_002a98a8,0x002A98A8,0x002A9D4C,1188
FUN_002a9d50,0x002A9D50,0x002A9F98,584
FUN_002a9f98,0x002A9F98,0x002A9FA4,12
FUN_002a9fa8,0x002A9FA8,0x002A9FBC,20
FUN_002a9fc0,0x002A9FC0,0x002AA00C,76
FUN_002aa010,0x002AA010,0x002AA1DC,460
FUN_002aa1e0,0x002AA1E0,0x002AA1F4,20
FUN_002aa1f8,0x002AA1F8,0x002AA31C,292
FUN_002aa320,0x002AA320,0x002AA640,800
FUN_002aa640,0x002AA640,0x002AA9C0,896
FUN_002aa9c0,0x002AA9C0,0x002AA9F0,48
FUN_002aa9f0,0x002AA9F0,0x002AAA08,24
FUN_002aaa08,0x002AAA08,0x002AAA90,136
FUN_002aaa90,0x002AAA90,0x002AAD80,752
FUN_002aad80,0x002AAD80,0x002AADC0,64
FUN_002aadc0,0x002AADC0,0x002AAE58,152
FUN_002aae58,0x002AAE58,0x002AAF10,184
FUN_002aaf10,0x002AAF10,0x002AAF40,48
FUN_002aaf40,0x002AAF40,0x002AAF60,32
FUN_002aaf68,0x002AAF68,0x002AB01C,180
FUN_002ab028,0x002AB028,0x002AB14C,292
FUN_002ab150,0x002AB150,0x002AB6A4,1364
FUN_002ab6a8,0x002AB6A8,0x002AB6EC,68
FUN_002ab6f0,0x002AB6F0,0x002AB718,40
FUN_002ab718,0x002AB718,0x002AB758,64
FUN_002ab758,0x002AB758,0x002AB798,64
FUN_002ab798,0x002AB798,0x002AB82C,148
FUN_002ab830,0x002AB830,0x002AB8D0,160
FUN_002ab8d0,0x002AB8D0,0x002ABB34,612
FUN_002abb38,0x002ABB38,0x002ABC80,328
FUN_002abc80,0x002ABC80,0x002ABE24,420
FUN_002abe28,0x002ABE28,0x002ABE8C,100
FUN_002abe90,0x002ABE90,0x002ABF18,136
FUN_002abf20,0x002ABF20,0x002ABF88,104
FUN_002abf88,0x002ABF88,0x002AC03C,180
FUN_002ac040,0x002AC040,0x002AC090,80
FUN_002ac090,0x002AC090,0x002AC104,116
FUN_002ac108,0x002AC108,0x002AC1E8,224
FUN_002ac1e8,0x002AC1E8,0x002AC210,40
FUN_002ac220,0x002AC220,0x002AC274,84
FUN_002ac278,0x002AC278,0x002AC2CC,84
FUN_002ae9d0,0x002AE9D0,0x002AE9E0,16
FUN_002ae9e8,0x002AE9E8,0x002AEA1C,52
FUN_002aea20,0x002AEA20,0x002AEA68,72
FUN_002aea68,0x002AEA68,0x002AEB2C,196
FUN_002aeb30,0x002AEB30,0x002AF10C,1496
FUN_002af110,0x002AF110,0x002AF2CC,444
FUN_002af2d0,0x002AF2D0,0x002AF2D8,8
FUN_002af2d8,0x002AF2D8,0x002AF2E0,8
FUN_002af2e0,0x002AF2E0,0x002AF2E8,8
FUN_002af2e8,0x002AF2E8,0x002AF2F0,8
FUN_002af2f0,0x002AF2F0,0x002AF2F8,8
FUN_002af2f8,0x002AF2F8,0x002AF300,8
FUN_002af300,0x002AF300,0x002AF308,8
FUN_002af308,0x002AF308,0x002AF310,8
FUN_002af310,0x002AF310,0x002AF318,8
FUN_002af318,0x002AF318,0x002AF320,8
FUN_002af320,0x002AF320,0x002AF328,8
FUN_002af328,0x002AF328,0x002AF330,8
FUN_002af330,0x002AF330,0x002AF338,8
FUN_002af338,0x002AF338,0x002AF340,8
FUN_002af340,0x002AF340,0x002AF348,8
FUN_002af348,0x002AF348,0x002AF350,8
FUN_002af350,0x002AF350,0x002AF358,8
FUN_002af358,0x002AF358,0x002AF360,8
FUN_002af360,0x002AF360,0x002AF384,36
FUN_002af388,0x002AF388,0x002AF3D4,76
FUN_002af3d8,0x002AF3D8,0x002AF3E4,12
FUN_002af3e8,0x002AF3E8,0x002AF3F4,12
FUN_002af3f8,0x002AF3F8,0x002AF404,12
FUN_002af408,0x002AF408,0x002AF448,64
FUN_002af448,0x002AF448,0x002AF450,8
FUN_002af450,0x002AF450,0x002AF4E8,152
FUN_002af4e8,0x002AF4E8,0x002AF4F0,8
FUN_002af4f0,0x002AF4F0,0x002AF4F8,8
FUN_002af4f8,0x002AF4F8,0x002AF500,8
FUN_002af500,0x002AF500,0x002AF508,8
FUN_002af508,0x002AF508,0x002AF510,8
FUN_002af510,0x002AF510,0x002AF57C,108
FUN_002af580,0x002AF580,0x002AF588,8
FUN_002af588,0x002AF588,0x002AF59C,20
FUN_002af5a0,0x002AF5A0,0x002AF5A8,8
FUN_002af5a8,0x002AF5A8,0x002AF5B4,12
FUN_002af5b8,0x002AF5B8,0x002AF5C0,8
FUN_002af5c0,0x002AF5C0,0x002AF5C8,8
FUN_002af5c8,0x002AF5C8,0x002AF5F4,44
FUN_002af5f8,0x002AF5F8,0x002AF600,8
FUN_002af600,0x002AF600,0x002AF608,8
FUN_002af608,0x002AF608,0x002AF610,8
FUN_002af610,0x002AF610,0x002AF618,8
FUN_002af618,0x002AF618,0x002AF620,8
FUN_002af620,0x002AF620,0x002AF628,8
FUN_002af628,0x002AF628,0x002AF630,8
FUN_002af630,0x002AF630,0x002AF654,36
FUN_002af658,0x002AF658,0x002AF6C0,104
FUN_002af6c0,0x002AF6C0,0x002AF830,368
FUN_002af830,0x002AF830,0x002AF838,8
FUN_002af838,0x002AF838,0x002AF840,8
FUN_002af840,0x002AF840,0x002AF848,8
FUN_002af848,0x002AF848,0x002AF850,8
FUN_002af850,0x002AF850,0x002AF858,8
FUN_002af858,0x002AF858,0x002AF89C,68
FUN_002af8a0,0x002AF8A0,0x002AF8B8,24
FUN_002af8b8,0x002AF8B8,0x002AF99C,228
FUN_002af9a0,0x002AF9A0,0x002AFD38,920
FUN_002afd38,0x002AFD38,0x002AFDF8,192
FUN_002afdf8,0x002AFDF8,0x002AFEBC,196
FUN_002afec0,0x002AFEC0,0x002B0050,400
FUN_002b0058,0x002B0058,0x002B0244,492
FUN_002b0248,0x002B0248,0x002B03D4,396
FUN_002b03d8,0x002B03D8,0x002B0DD8,2560
FUN_002b0dd8,0x002B0DD8,0x002B0F80,424
FUN_002b0f80,0x002B0F80,0x002B1050,208
FUN_002b1050,0x002B1050,0x002B1244,500
FUN_002b1248,0x002B1248,0x002B14D0,648
FUN_002b14d0,0x002B14D0,0x002B1560,144
FUN_002b1560,0x002B1560,0x002B197C,1052
FUN_002b1980,0x002B1980,0x002B2AD8,4440
FUN_002b2ae0,0x002B2AE0,0x002B31F8,1816
FUN_002b31f8,0x002B31F8,0x002B3578,896
FUN_002b3578,0x002B3578,0x002B3764,492
FUN_002b3768,0x002B3768,0x002B3788,32
FUN_002b3788,0x002B3788,0x002B3894,268
FUN_002b3898,0x002B3898,0x002B39A0,264
FUN_002b39a0,0x002B39A0,0x002B3BE0,576
FUN_002b3be0,0x002B3BE0,0x002B3CB0,208
FUN_002b3cb0,0x002B3CB0,0x002B3D68,184
FUN_002b3d68,0x002B3D68,0x002B3D74,12
FUN_002b3d78,0x002B3D78,0x002B3E38,192
FUN_002b3e38,0x002B3E38,0x002B3E58,32
FUN_002b3e58,0x002B3E58,0x002B3E78,32
FUN_002b3e78,0x002B3E78,0x002B43DC,1376
FUN_002b43e0,0x002B43E0,0x002B43E8,8
FUN_002b43e8,0x002B43E8,0x002B469C,692
FUN_002b46a0,0x002B46A0,0x002B4760,192
FUN_002b4760,0x002B4760,0x002B4768,8
FUN_002b4768,0x002B4768,0x002B4770,8
FUN_002b4770,0x002B4770,0x002B479C,44
FUN_002b47a0,0x002B47A0,0x002B47D8,56
FUN_002b47d8,0x002B47D8,0x002B4854,124
FUN_002b4858,0x002B4858,0x002B4D94,1340
FUN_002b4d98,0x002B4D98,0x002B54C0,1832
FUN_002b54c0,0x002B54C0,0x002B5B68,1704
FUN_002b5b68,0x002B5B68,0x002B5F38,976
FUN_002b5f38,0x002B5F38,0x002B5F40,8
FUN_002b5f40,0x002B5F40,0x002B5F60,32
FUN_002b5f60,0x002B5F60,0x002B5F94,52
FUN_002b5f98,0x002B5F98,0x002B6014,124
FUN_002b6018,0x002B6018,0x002B6064,76
FUN_002b6068,0x002B6068,0x002B6104,156
FUN_002b6108,0x002B6108,0x002B6124,28
FUN_002b6128,0x002B6128,0x002B6154,44
FUN_002b6158,0x002B6158,0x002B6298,320
FUN_002b6298,0x002B6298,0x002B6320,136
FUN_002b6320,0x002B6320,0x002B64A4,388
FUN_002b64a8,0x002B64A8,0x002B6538,144
FUN_002b6538,0x002B6538,0x002B656C,52
FUN_002b6570,0x002B6570,0x002B6624,180
FUN_002b6628,0x002B6628,0x002B6668,64
FUN_002b6668,0x002B6668,0x002B6684,28
FUN_002b6688,0x002B6688,0x002B66C4,60
FUN_002b66c8,0x002B66C8,0x002B66F0,40
FUN_002b66f0,0x002B66F0,0x002B670C,28
FUN_002b6710,0x002B6710,0x002B6CB4,1444
FUN_002b6cb8,0x002B6CB8,0x002B7178,1216
FUN_002b7178,0x002B7178,0x002B74D8,864
FUN_002b74d8,0x002B74D8,0x002B7AA4,1484
FUN_002b7aa8,0x002B7AA8,0x002B7BE4,316
FUN_002b7be8,0x002B7BE8,0x002B8060,1144
FUN_002b8060,0x002B8060,0x002B86E0,1664
FUN_002b86e0,0x002B86E0,0x002B8ED4,2036
FUN_002b8ed8,0x002B8ED8,0x002B90A8,464
FUN_002b90a8,0x002B90A8,0x002BAC98,7152
FUN_002bac98,0x002BAC98,0x002BAD58,192
FUN_002bad58,0x002BAD58,0x002BB114,956
FUN_002bb118,0x002BB118,0x002BB150,56
FUN_002bb150,0x002BB150,0x002BB1A4,84
FUN_002bb1a8,0x002BB1A8,0x002BB350,424
FUN_002bb350,0x002BB350,0x002BB568,536
FUN_002bb568,0x002BB568,0x002BB790,552
FUN_002bb790,0x002BB790,0x002BB80C,124
FUN_002bb810,0x002BB810,0x002BB830,32
FUN_002bb830,0x002BB830,0x002BB878,72
FUN_002bb878,0x002BB878,0x002BB8D0,88
FUN_002bb8d0,0x002BB8D0,0x002BB914,68
FUN_002bb918,0x002BB918,0x002BB940,40
FUN_002bb940,0x002BB940,0x002BBAAC,364
FUN_002bbab0,0x002BBAB0,0x002BBAC8,24
FUN_002bbac8,0x002BBAC8,0x002BBB28,96
FUN_002bbb28,0x002BBB28,0x002BBB8C,100
FUN_002bbb90,0x002BBB90,0x002BBC1C,140
FUN_002bbc20,0x002BBC20,0x002BBCA8,136
FUN_002bbca8,0x002BBCA8,0x002BBCD8,48
FUN_002bbcd8,0x002BBCD8,0x002BBD08,48
FUN_002bbd08,0x002BBD08,0x002BBD74,108
FUN_002bbd78,0x002BBD78,0x002BBE70,248
FUN_002bbe70,0x002BBE70,0x002BBE78,8
FUN_002bbe78,0x002BBE78,0x002BBE80,8
FUN_002bbe80,0x002BBE80,0x002BBF68,232
FUN_002bbf68,0x002BBF68,0x002BC020,184
FUN_002bc020,0x002BC020,0x002BC170,336
FUN_002bc170,0x002BC170,0x002BC21C,172
FUN_002bc220,0x002BC220,0x002BC380,352
FUN_002bc380,0x002BC380,0x002BC398,24
FUN_002bc3a0,0x002BC3A0,0x002BC3F4,84
FUN_002bc3f8,0x002BC3F8,0x002BC438,64
FUN_002bc440,0x002BC440,0x002BC72C,748
FUN_002bc730,0x002BC730,0x002BC810,224
FUN_002bc810,0x002BC810,0x002BC878,104
FUN_002bc878,0x002BC878,0x002BC908,144
FUN_002bc908,0x002BC908,0x002BC9BC,180
FUN_002bc9c0,0x002BC9C0,0x002BCA64,164
FUN_002bca68,0x002BCA68,0x002BCAF0,136
FUN_002bcaf0,0x002BCAF0,0x002BCBD0,224
FUN_002bcbd0,0x002BCBD0,0x002BCC44,116
FUN_002bcc48,0x002BCC48,0x002BCE28,480
FUN_002bce28,0x002BCE28,0x002BCE44,28
FUN_002bce48,0x002BCE48,0x002BCF24,220
FUN_002bcf28,0x002BCF28,0x002BD15C,564
FUN_002bd160,0x002BD160,0x002BD198,56
FUN_002bd198,0x002BD198,0x002BD20C,116
FUN_002bd210,0x002BD210,0x002BD2A0,144
FUN_002bd2a0,0x002BD2A0,0x002BD31C,124
FUN_002bd320,0x002BD320,0x002BD350,48
FUN_002bd350,0x002BD350,0x002BD380,48
FUN_002bd380,0x002BD380,0x002BD3B0,48
FUN_002bd3b0,0x002BD3B0,0x002BD3E0,48
FUN_002bd3e0,0x002BD3E0,0x002BD410,48
FUN_002bd418,0x002BD418,0x002BD458,64
FUN_002bd458,0x002BD458,0x002BD4A4,76
FUN_002bd4a8,0x002BD4A8,0x002BD4C4,28
FUN_002bd4c8,0x002BD4C8,0x002BD4E8,32
FUN_002bd4e8,0x002BD4E8,0x002BD518,48
FUN_002bd518,0x002BD518,0x002BD59C,132
FUN_002bd5a8,0x002BD5A8,0x002BD60C,100
FUN_002bd610,0x002BD610,0x002BD64C,60
FUN_002bd650,0x002BD650,0x002BD6AC,92
FUN_002bd6b0,0x002BD6B0,0x002BD6F8,72
FUN_002bd6f8,0x002BD6F8,0x002BD7E0,232
FUN_002bd7e0,0x002BD7E0,0x002BD8C8,232
FUN_002bd8c8,0x002BD8C8,0x002BD9A0,216
FUN_002bd9a0,0x002BD9A0,0x002BDF3C,1436
FUN_002bdf40,0x002BDF40,0x002BDF9C,92
FUN_002bdfa0,0x002BDFA0,0x002BEAA8,2824
FUN_002beaa8,0x002BEAA8,0x002BEBCC,292
FUN_002bebd0,0x002BEBD0,0x002BEC90,192
FUN_002bec90,0x002BEC90,0x002BEFD4,836
FUN_002befd8,0x002BEFD8,0x002BF1F8,544
FUN_002bf1f8,0x002BF1F8,0x002BF210,24
FUN_002bf210,0x002BF210,0x002BF254,68
FUN_002bf258,0x002BF258,0x002BF2B8,96
FUN_002bf2b8,0x002BF2B8,0x002BF314,92
FUN_002bf318,0x002BF318,0x002BF35C,68
FUN_002bf360,0x002BF360,0x002BF380,32
FUN_002bf380,0x002BF380,0x002BF3B0,48
FUN_002bf3b0,0x002BF3B0,0x002BF3C8,24
FUN_002bf3d0,0x002BF3D0,0x002BF4D8,264
FUN_002bf4d8,0x002BF4D8,0x002BF5E0,264
FUN_002bf5e0,0x002BF5E0,0x002BF6DC,252
FUN_002bf6e0,0x002BF6E0,0x002BF760,128
FUN_002bf760,0x002BF760,0x002BF930,464
FUN_002bf930,0x002BF930,0x002BF950,32
vcs_Opcode0145_SetGarage,0x002BF950,0x002BF9E8,152
FUN_002bf9e8,0x002BF9E8,0x002BFA5C,116
FUN_002bfa60,0x002BFA60,0x002BFB20,192
FUN_002bfb20,0x002BFB20,0x002BFB74,84
FUN_002bfb78,0x002BFB78,0x002BFBC8,80
FUN_002bfbc8,0x002BFBC8,0x002BFC80,184
FUN_002bfc80,0x002BFC80,0x002BFCD4,84
FUN_002bfcd8,0x002BFCD8,0x002BFD28,80
FUN_002bfd28,0x002BFD28,0x002BFD78,80
FUN_002bfd78,0x002BFD78,0x002BFE38,192
FUN_002bfe38,0x002BFE38,0x002BFEF8,192
vcs_Opcode0247_OpenGarage,0x002BFEF8,0x002BFF34,60
FUN_002bff38,0x002BFF38,0x002C000C,212
FUN_002c0010,0x002C0010,0x002C004C,60
FUN_002c0050,0x002C0050,0x002C0130,224
vcs_Opcode0353_ChangeGarageType,0x002C0130,0x002C0190,96
FUN_002c0190,0x002C0190,0x002C01E0,80
vcs_Opcode01F7_HasResprayHappened,0x002C01E0,0x002C02A0,192
FUN_002c02b0,0x002C02B0,0x002C0328,120
FUN_002c0328,0x002C0328,0x002C0350,40
FUN_002c0350,0x002C0350,0x002C03CC,124
RpClumpForAllAtomics,0x002C03D0,0x002C0448,120
FUN_002c0448,0x002C0448,0x002C04EC,164
FUN_002c04f0,0x002C04F0,0x002C051C,44
FUN_002c0520,0x002C0520,0x002C0548,40
FUN_002c0548,0x002C0548,0x002C05CC,132
FUN_002c05d0,0x002C05D0,0x002C0670,160
FUN_002c0680,0x002C0680,0x002C069C,28
FUN_002c06a0,0x002C06A0,0x002C06C0,32
FUN_002c06c0,0x002C06C0,0x002C0890,464
FUN_002c0890,0x002C0890,0x002C0A1C,396
FUN_002c0a20,0x002C0A20,0x002C0B54,308
FUN_002c0b60,0x002C0B60,0x002C0C14,180
FUN_002c0c18,0x002C0C18,0x002C0DAC,404
FUN_002c0db0,0x002C0DB0,0x002C0EBC,268
FUN_002c0ec0,0x002C0EC0,0x002C0F18,88
FUN_002c0f18,0x002C0F18,0x002C0F54,60
FUN_002c0f60,0x002C0F60,0x002C0F94,52
FUN_002c0f98,0x002C0F98,0x002C1094,252
FUN_002c1098,0x002C1098,0x002C116C,212
FUN_002c1170,0x002C1170,0x002C1CF0,2944
FUN_002c1cf0,0x002C1CF0,0x002C1D84,148
FUN_002c1d88,0x002C1D88,0x002C1F58,464
FUN_002c1f58,0x002C1F58,0x002C3EBC,8036
FUN_002c3ec0,0x002C3EC0,0x002C4020,352
FUN_002c4020,0x002C4020,0x002C54F0,5324
FUN_002c54f8,0x002C54F8,0x002C5C80,1928
FUN_002c5c80,0x002C5C80,0x002C5C88,8
FUN_002c5c88,0x002C5C88,0x002C5E50,456
FUN_002c5e50,0x002C5E50,0x002C6234,996
FUN_002c6238,0x002C6238,0x002C6634,1020
FUN_002c6638,0x002C6638,0x002C7E00,6088
FUN_002c7e00,0x002C7E00,0x002C9364,5476
FUN_002c9368,0x002C9368,0x002C982C,1220
FUN_002c9838,0x002C9838,0x002C9F48,1808
FUN_002c9f48,0x002C9F48,0x002CA24C,772
FUN_002ca250,0x002CA250,0x002CA774,1312
FUN_002ca780,0x002CA780,0x002CAA58,728
FUN_002caa58,0x002CAA58,0x002CAE04,940
FUN_002cae08,0x002CAE08,0x002CB3A4,1436
FUN_002cb3a8,0x002CB3A8,0x002CB994,1516
FUN_002cb998,0x002CB998,0x002CD460,6856
FUN_002cd460,0x002CD460,0x002CD7CC,876
FUN_002cd7d0,0x002CD7D0,0x002CDC5C,1164
FUN_002cdc60,0x002CDC60,0x002CE184,1316
FUN_002ce188,0x002CE188,0x002CE1F0,104
FUN_002ce1f0,0x002CE1F0,0x002CE674,1156
FUN_002ce678,0x002CE678,0x002CEC48,1488
FUN_002cec48,0x002CEC48,0x002CEC6C,36
FUN_002cec70,0x002CEC70,0x002CECE0,112
FUN_002cece0,0x002CECE0,0x002CED04,36
FUN_002ced08,0x002CED08,0x002CEDB8,176
FUN_002cedb8,0x002CEDB8,0x002CF250,1176
FUN_002cf250,0x002CF250,0x002CF680,1072
FUN_002cf680,0x002CF680,0x002CF9F0,880
FUN_002cf9f0,0x002CF9F0,0x002CFA18,40
FUN_002cfa18,0x002CFA18,0x002CFA40,40
FUN_002cfa40,0x002CFA40,0x002CFADC,156
FUN_002cfae0,0x002CFAE0,0x002CFFCC,1260
FUN_002cffd0,0x002CFFD0,0x002D0080,176
FUN_002d0080,0x002D0080,0x002D028C,524
FUN_002d0290,0x002D0290,0x002D04F8,616
FUN_002d04f8,0x002D04F8,0x002D0520,40
FUN_002d0528,0x002D0528,0x002D09C4,1180
FUN_002d09c8,0x002D09C8,0x002D0A48,128
FUN_002d0a48,0x002D0A48,0x002D0A9C,84
FUN_002d1180,0x002D1180,0x002D1290,272
FUN_002d1290,0x002D1290,0x002D12FC,108
FUN_002d1300,0x002D1300,0x002D1410,272
FUN_002d1410,0x002D1410,0x002D14FC,236
FUN_002d1500,0x002D1500,0x002D154C,76
FUN_002d1550,0x002D1550,0x002D15B0,96
FUN_002d15b0,0x002D15B0,0x002D1888,728
FUN_002d1888,0x002D1888,0x002D19C4,316
FUN_002d19c8,0x002D19C8,0x002D1C00,568
FUN_002d1c00,0x002D1C00,0x002D1DA0,416
FUN_002d1da0,0x002D1DA0,0x002D1F70,464
FUN_002d1f70,0x002D1F70,0x002D1FD0,96
FUN_002d1fd0,0x002D1FD0,0x002D2020,80
FUN_002d2020,0x002D2020,0x002D2048,40
FUN_002d2048,0x002D2048,0x002D2050,8
FUN_002d2050,0x002D2050,0x002D2118,200
FUN_002d2118,0x002D2118,0x002D2358,576
FUN_002d2358,0x002D2358,0x002D2398,64
FUN_002d2398,0x002D2398,0x002D23B8,32
vcs_Opcode0094_AddScore,0x002D2978,0x002D29EC,116
FUN_002d29f0,0x002D29F0,0x002D2AD4,228
FUN_002d2ad8,0x002D2AD8,0x002D2B54,124
FUN_002d2b58,0x002D2B58,0x002D2C6C,276
vcs_Opcode0098_AlterWantedLevel,0x002D2C70,0x002D2CD4,100
FUN_002d2cd8,0x002D2CD8,0x002D2D3C,100
vcs_Opcode009A_IsWantedLevelGreater,0x002D2D40,0x002D2E24,228
FUN_002d2e28,0x002D2E28,0x002D2E80,88
vcs_Opcode009C_SetDeatharrestState,0x002D2E80,0x002D2ED8,88
FUN_002d2f60,0x002D2F60,0x002D3038,216
FUN_002d3038,0x002D3038,0x002D30E8,176
FUN_002d30e8,0x002D30E8,0x002D3294,428
FUN_002d3298,0x002D3298,0x002D3318,128
vcs_Opcode0128_SetMaxWantedLevel,0x002D3318,0x002D3354,60
vcs_Opcode012E_SetPoliceIgnorePlayer,0x002D3358,0x002D3408,176
FUN_002d3408,0x002D3408,0x002D346C,100
FUN_002d3470,0x002D3470,0x002D3548,216
FUN_002d3548,0x002D3548,0x002D362C,228
FUN_002d3630,0x002D3630,0x002D3650,32
FUN_002d3650,0x002D3650,0x002D36B8,104
FUN_002d36b8,0x002D36B8,0x002D37E0,296
FUN_002d37e0,0x002D37E0,0x002D38C0,224
FUN_002d38c0,0x002D38C0,0x002D3934,116
FUN_002d3938,0x002D3938,0x002D39AC,116
FUN_002d39b0,0x002D39B0,0x002D3A60,176
FUN_002d3a60,0x002D3A60,0x002D3AA4,68
FUN_002d3aa8,0x002D3AA8,0x002D3B58,176
FUN_002d3b58,0x002D3B58,0x002D3C1C,196
vcs_Opcode026E_CanPlayerStartMission,0x002D3C20,0x002D3D84,356
FUN_002d3d88,0x002D3D88,0x002D3E2C,164
FUN_002d3e30,0x002D3E30,0x002D3E9C,108
FUN_002d3ee0,0x002D3EE0,0x002D3F54,116
FUN_002d3f58,0x002D3F58,0x002D3FCC,116
FUN_002d3fd0,0x002D3FD0,0x002D4070,160
FUN_002d4070,0x002D4070,0x002D40A0,48
FUN_002d40a0,0x002D40A0,0x002D4184,228
FUN_002d4188,0x002D4188,0x002D4214,140
FUN_002d4218,0x002D4218,0x002D426C,84
vcs_Opcode02DE_IsCharInAnyBoat,0x002D4270,0x002D4380,272
FUN_002d4380,0x002D4380,0x002D4490,272
FUN_002d4490,0x002D4490,0x002D45A0,272
FUN_002d45a0,0x002D45A0,0x002D45F0,80
FUN_002d45f0,0x002D45F0,0x002D466C,124
FUN_002d4670,0x002D4670,0x002D47A0,304
FUN_002d47a0,0x002D47A0,0x002D47F4,84
FUN_002d48d0,0x002D48D0,0x002D493C,108
vcs_Opcode0318_IsPlayerWearing,0x002D4940,0x002D4AD8,408
FUN_002d4ad8,0x002D4AD8,0x002D4B44,108
FUN_002d4b48,0x002D4B48,0x002D4BEC,164
FUN_002d4bf0,0x002D4BF0,0x002D4C74,132
FUN_002d4c78,0x002D4C78,0x002D4CA0,40
FUN_002d4ca0,0x002D4CA0,0x002D4D4C,172
FUN_002d4d50,0x002D4D50,0x002D4DFC,172
vcs_Opcode0354_AreWantedStarsFlashing,0x002D4E00,0x002D4EB0,176
FUN_002d4eb0,0x002D4EB0,0x002D4F04,84
vcs_Opcode035B_IsPlayerInInfoZone,0x002D4F08,0x002D5070,360
vcs_Opcode0363_SetShortcutPickupPoint,0x002D5070,0x002D50D4,100
vcs_Opcode0364_SetShortcutDropoffPointForMission,0x002D50D8,0x002D513C,100
FUN_002d5140,0x002D5140,0x002D5248,264
FUN_002d5248,0x002D5248,0x002D5288,64
FUN_002d5288,0x002D5288,0x002D5364,220
FUN_002d5368,0x002D5368,0x002D5584,540
FUN_002d5588,0x002D5588,0x002D5630,168
FUN_002d5630,0x002D5630,0x002D5684,84
vcs_Opcode03C0_IsPlayerMadeSafe,0x002D5688,0x002D5734,172
FUN_002d57c8,0x002D57C8,0x002D5808,64
FUN_002d5808,0x002D5808,0x002D5868,96
vcs_Opcode03F8_StorePlayerOutfit,0x002D5868,0x002D58D4,108
FUN_002d58d8,0x002D58D8,0x002D593C,100
FUN_002d5940,0x002D5940,0x002D59C0,128
FUN_002d59c0,0x002D59C0,0x002D5B7C,444
FUN_002d5b80,0x002D5B80,0x002D5C14,148
FUN_002d5c18,0x002D5C18,0x002D5D30,280
FUN_002d5d30,0x002D5D30,0x002D5D8C,92
FUN_002d5d90,0x002D5D90,0x002D5DFC,108
FUN_002d5e00,0x002D5E00,0x002D5EE4,228
FUN_002d5ee8,0x002D5EE8,0x002D5FFC,276
FUN_002d6000,0x002D6000,0x002D6130,304
FUN_002d6130,0x002D6130,0x002D61E0,176
FUN_002d61e0,0x002D61E0,0x002D6200,32
FUN_002d6200,0x002D6200,0x002D6234,52
FUN_002d6238,0x002D6238,0x002D62AC,116
FUN_002d62b0,0x002D62B0,0x002D6360,176
vcs_Opcode0549_SetRadarBlipByRange,0x002D6360,0x002D63C8,104
FUN_002d63d8,0x002D63D8,0x002D64F8,288
FUN_002d64f8,0x002D64F8,0x002D6548,80
FUN_002d6550,0x002D6550,0x002D6590,64
FUN_002d6590,0x002D6590,0x002D664C,188
FUN_002d66d8,0x002D66D8,0x002D6744,108
FUN_002d6778,0x002D6778,0x002D6824,172
FUN_002d6830,0x002D6830,0x002D68A8,120
FUN_002d68a8,0x002D68A8,0x002D6A04,348
FUN_002d6a08,0x002D6A08,0x002D6AA8,160
FUN_002d6aa8,0x002D6AA8,0x002D6C50,424
FUN_002d6c50,0x002D6C50,0x002D6E60,528
FUN_002d6e60,0x002D6E60,0x002D6FA0,320
FUN_002d6fa0,0x002D6FA0,0x002D71F8,600
FUN_002d71f8,0x002D71F8,0x002D72CC,212
FUN_002d72d0,0x002D72D0,0x002D7378,168
FUN_002d7378,0x002D7378,0x002D7420,168
FUN_002d7420,0x002D7420,0x002D7804,996
FUN_002d7808,0x002D7808,0x002D7A2C,548
FUN_002d7a30,0x002D7A30,0x002D7A50,32
FUN_002d7a50,0x002D7A50,0x002D7A70,32
FUN_002d7a70,0x002D7A70,0x002D7A94,36
FUN_002d7a98,0x002D7A98,0x002D7ABC,36
FUN_002d7ac0,0x002D7AC0,0x002D7BA0,224
FUN_002d7ba0,0x002D7BA0,0x002D7BCC,44
FUN_002d7bd0,0x002D7BD0,0x002D7C80,176
FUN_002d7c80,0x002D7C80,0x002D7CDC,92
vcs_Opcode013F_CreatePickup,0x002D7CE0,0x002D7E24,324
FUN_002d7e28,0x002D7E28,0x002D7EE8,192
FUN_002d7ee8,0x002D7EE8,0x002D7F24,60
FUN_002d7f28,0x002D7F28,0x002D8050,296
vcs_Opcode01F9_CreatePickupWithAmmo,0x002D8050,0x002D8194,324
FUN_002d8198,0x002D8198,0x002D8360,456
FUN_002d8360,0x002D8360,0x002D8488,296
FUN_002d8488,0x002D8488,0x002D8618,400
FUN_002d8628,0x002D8628,0x002D87A0,376
FUN_002d87a8,0x002D87A8,0x002D8908,352
FUN_002d8908,0x002D8908,0x002D8964,92
FUN_002d8968,0x002D8968,0x002D9398,2608
FUN_002d9398,0x002D9398,0x002D93EC,84
FUN_002d93f0,0x002D93F0,0x002D9A3C,1612
FUN_002d9a40,0x002D9A40,0x002D9EC4,1156
FUN_002d9ec8,0x002D9EC8,0x002D9EF8,48
FUN_002d9ef8,0x002D9EF8,0x002DABE4,3308
FUN_002dabe8,0x002DABE8,0x002DACF8,272
FUN_002dad10,0x002DAD10,0x002DADC8,184
FUN_002dadc8,0x002DADC8,0x002DAEF8,304
FUN_002daef8,0x002DAEF8,0x002DAFF0,248
FUN_002daff0,0x002DAFF0,0x002DB0AC,188
FUN_002db0b0,0x002DB0B0,0x002DB294,484
FUN_002db298,0x002DB298,0x002DB35C,196
FUN_002db360,0x002DB360,0x002DB390,48
FUN_002db390,0x002DB390,0x002DB3C0,48
FUN_002db3c0,0x002DB3C0,0x002DB3EC,44
FUN_002db3f0,0x002DB3F0,0x002DB418,40
FUN_002db418,0x002DB418,0x002DB43C,36
FUN_002db440,0x002DB440,0x002DB490,80
FUN_002db490,0x002DB490,0x002DB504,116
FUN_002db508,0x002DB508,0x002DB558,80
FUN_002db558,0x002DB558,0x002DB578,32
FUN_002db578,0x002DB578,0x002DB5A0,40
FUN_002db5a0,0x002DB5A0,0x002DB61C,124
FUN_002db620,0x002DB620,0x002DB658,56
FUN_002db658,0x002DB658,0x002DB6D4,124
FUN_002db6d8,0x002DB6D8,0x002DB7A8,208
FUN_002db7a8,0x002DB7A8,0x002DB7F8,80
FUN_002db7f8,0x002DB7F8,0x002DB81C,36
FUN_002db820,0x002DB820,0x002DB844,36
FUN_002db848,0x002DB848,0x002DB8C4,124
FUN_002db8c8,0x002DB8C8,0x002DB938,112
FUN_002db938,0x002DB938,0x002DBA0C,212
FUN_002dba10,0x002DBA10,0x002DBA80,112
FUN_002dba80,0x002DBA80,0x002DBB38,184
FUN_002dbb38,0x002DBB38,0x002DBCB4,380
FUN_002dbcb8,0x002DBCB8,0x002DBDAC,244
FUN_002dbdb0,0x002DBDB0,0x002DBE20,112
FUN_002dbe20,0x002DBE20,0x002DBE80,96
FUN_002dbe80,0x002DBE80,0x002DC034,436
FUN_002dc038,0x002DC038,0x002DC068,48
FUN_002dc068,0x002DC068,0x002DC0CC,100
FUN_002dc0d0,0x002DC0D0,0x002DC0D8,8
FUN_002dc0d8,0x002DC0D8,0x002DC128,80
FUN_002dc128,0x002DC128,0x002DC180,88
FUN_002dc180,0x002DC180,0x002DC1D8,88
FUN_002dc1d8,0x002DC1D8,0x002DC20C,52
FUN_002dc210,0x002DC210,0x002DC218,8
FUN_002dc218,0x002DC218,0x002DC220,8
FUN_002dc220,0x002DC220,0x002DC228,8
FUN_002dc228,0x002DC228,0x002DC2BC,148
FUN_002dc2c0,0x002DC2C0,0x002DC2EC,44
FUN_002dc2f0,0x002DC2F0,0x002DC39C,172
FUN_002dc3a0,0x002DC3A0,0x002DC474,212
FUN_002dc478,0x002DC478,0x002DC508,144
FUN_002dc508,0x002DC508,0x002DC5C8,192
FUN_002dc5c8,0x002DC5C8,0x002DC644,124
FUN_002dc648,0x002DC648,0x002DC7AC,352
FUN_002dc7b0,0x002DC7B0,0x002DC8D8,296
FUN_002dc8d8,0x002DC8D8,0x002DC92C,84
FUN_002dc930,0x002DC930,0x002DC99C,108
FUN_002dc9a0,0x002DC9A0,0x002DC9D8,56
FUN_002dc9d8,0x002DC9D8,0x002DCE98,1216
FUN_002dce98,0x002DCE98,0x002DCEC0,40
FUN_002dcec0,0x002DCEC0,0x002DCEFC,60
FUN_002dcf00,0x002DCF00,0x002DD0A4,420
FUN_002dd0a8,0x002DD0A8,0x002DD15C,180
FUN_002dd160,0x002DD160,0x002DD19C,60
FUN_002dd1a0,0x002DD1A0,0x002DD270,208
FUN_002dd270,0x002DD270,0x002DD29C,44
FUN_002dd2a0,0x002DD2A0,0x002DD2FC,92
FUN_002dd300,0x002DD300,0x002DD36C,108
FUN_002dd370,0x002DD370,0x002DD404,148
FUN_002dd408,0x002DD408,0x002DD4C8,192
FUN_002dd4c8,0x002DD4C8,0x002DD52C,100
FUN_002dd530,0x002DD530,0x002DD554,36
FUN_002dd558,0x002DD558,0x002DD588,48
FUN_002dd588,0x002DD588,0x002DD5D4,76
FUN_002dd5d8,0x002DD5D8,0x002DD69C,196
FUN_002dd6a0,0x002DD6A0,0x002DD70C,108
FUN_002dd710,0x002DD710,0x002DD758,72
FUN_002dd758,0x002DD758,0x002DD7A0,72
FUN_002dd7a0,0x002DD7A0,0x002DD7E8,72
FUN_002dd7e8,0x002DD7E8,0x002DD830,72
FUN_002dd830,0x002DD830,0x002DD8B4,132
FUN_002dd8b8,0x002DD8B8,0x002DD98C,212
FUN_002dd990,0x002DD990,0x002DD9AC,28
FUN_002dd9b0,0x002DD9B0,0x002DDA2C,124
FUN_002dda30,0x002DDA30,0x002DDAAC,124
FUN_002ddab0,0x002DDAB0,0x002DDAD0,32
FUN_002ddad0,0x002DDAD0,0x002DDAF0,32
FUN_002ddaf0,0x002DDAF0,0x002DDB0C,28
FUN_002ddb10,0x002DDB10,0x002DDBC8,184
FUN_002ddbc8,0x002DDBC8,0x002DDC80,184
FUN_002ddc80,0x002DDC80,0x002DDCBC,60
FUN_002ddcc0,0x002DDCC0,0x002DDD10,80
FUN_002ddd10,0x002DDD10,0x002DDD6C,92
FUN_002ddd70,0x002DDD70,0x002DDDAC,60
FUN_002dddb0,0x002DDDB0,0x002DDDEC,60
FUN_002dddf0,0x002DDDF0,0x002DDE68,120
FUN_002dde68,0x002DDE68,0x002DDEC4,92
FUN_002ddec8,0x002DDEC8,0x002DDF24,92
FUN_002ddf28,0x002DDF28,0x002DDFB0,136
FUN_002ddfb0,0x002DDFB0,0x002DE01C,108
FUN_002de020,0x002DE020,0x002DE088,104
FUN_002de088,0x002DE088,0x002DE0D0,72
FUN_002de0d0,0x002DE0D0,0x002DE118,72
FUN_002de118,0x002DE118,0x002DE190,120
FUN_002de190,0x002DE190,0x002DE278,232
FUN_002de278,0x002DE278,0x002DE2B0,56
FUN_002de2b0,0x002DE2B0,0x002DE308,88
FUN_002de308,0x002DE308,0x002DE330,40
FUN_002de330,0x002DE330,0x002DE38C,92
FUN_002de390,0x002DE390,0x002DE3DC,76
FUN_002de3e0,0x002DE3E0,0x002DE440,96
FUN_002de440,0x002DE440,0x002DE460,32
FUN_002de460,0x002DE460,0x002DE4C4,100
FUN_002de4c8,0x002DE4C8,0x002DE52C,100
FUN_002de530,0x002DE530,0x002DE580,80
FUN_002de580,0x002DE580,0x002DE5C4,68
FUN_002de5c8,0x002DE5C8,0x002DE698,208
FUN_002de698,0x002DE698,0x002DE74C,180
FUN_002de750,0x002DE750,0x002DE814,196
FUN_002de818,0x002DE818,0x002DE8AC,148
FUN_002de8b0,0x002DE8B0,0x002DE914,100
FUN_002de918,0x002DE918,0x002DE9B0,152
FUN_002de9b0,0x002DE9B0,0x002DEA48,152
FUN_002dea48,0x002DEA48,0x002DEAE0,152
FUN_002deae0,0x002DEAE0,0x002DEB78,152
FUN_002deb78,0x002DEB78,0x002DEBDC,100
FUN_002debe0,0x002DEBE0,0x002DEC44,100
FUN_002dec48,0x002DEC48,0x002DECAC,100
FUN_002decb0,0x002DECB0,0x002DECF8,72
FUN_002decf8,0x002DECF8,0x002DED28,48
FUN_002ded28,0x002DED28,0x002DED58,48
FUN_002ded58,0x002DED58,0x002DED90,56
FUN_002ded90,0x002DED90,0x002DEDD8,72
FUN_002dedd8,0x002DEDD8,0x002DEE38,96
FUN_002dee38,0x002DEE38,0x002DEEB4,124
FUN_002deeb8,0x002DEEB8,0x002DEEF4,60
FUN_002deef8,0x002DEEF8,0x002DEF90,152
FUN_002def90,0x002DEF90,0x002DEFFC,108
FUN_002df000,0x002DF000,0x002DF084,132
FUN_002df088,0x002DF088,0x002DF138,176
FUN_002df138,0x002DF138,0x002DF1BC,132
FUN_002df1c0,0x002DF1C0,0x002DF61C,1116
FUN_002df620,0x002DF620,0x002DF7CC,428
FUN_002df7d0,0x002DF7D0,0x002DF820,80
FUN_002df820,0x002DF820,0x002DF910,240
FUN_002df910,0x002DF910,0x002DF948,56
FUN_002df948,0x002DF948,0x002DF9C4,124
FUN_002df9c8,0x002DF9C8,0x002DF9F4,44
FUN_002df9f8,0x002DF9F8,0x002DFA28,48
FUN_002dfa28,0x002DFA28,0x002DFA58,48
FUN_002dfa58,0x002DFA58,0x002DFAA0,72
FUN_002dfaa0,0x002DFAA0,0x002DFAE8,72
FUN_002dfae8,0x002DFAE8,0x002DFBE0,248
FUN_002dfbe0,0x002DFBE0,0x002DFCC0,224
FUN_002dfcc0,0x002DFCC0,0x002DFCEC,44
FUN_002dfcf0,0x002DFCF0,0x002DFD34,68
FUN_002dfd38,0x002DFD38,0x002DFD80,72
FUN_002dfd80,0x002DFD80,0x002DFDEC,108
FUN_002dfdf0,0x002DFDF0,0x002DFE58,104
FUN_002dfe58,0x002DFE58,0x002DFE78,32
FUN_002dfe78,0x002DFE78,0x002DFF6C,244
FUN_002dff70,0x002DFF70,0x002DFFB8,72
FUN_002dffb8,0x002DFFB8,0x002DFFF0,56
FUN_002dfff0,0x002DFFF0,0x002E00A4,180
FUN_002e00a8,0x002E00A8,0x002E0108,96
FUN_002e0108,0x002E0108,0x002E0198,144
FUN_002e0198,0x002E0198,0x002E01E0,72
FUN_002e01f0,0x002E01F0,0x002E038C,412
FUN_002e0390,0x002E0390,0x002E0450,192
FUN_002e0450,0x002E0450,0x002E05FC,428
FUN_002e0600,0x002E0600,0x002E0818,536
FUN_002e0818,0x002E0818,0x002E09B8,416
FUN_002e09b8,0x002E09B8,0x002E0A3C,132
FUN_002e0a40,0x002E0A40,0x002E0A9C,92
FUN_002e0aa0,0x002E0AA0,0x002E0B04,100
FUN_002e0b08,0x002E0B08,0x002E0B64,92
FUN_002e0b68,0x002E0B68,0x002E0B94,44
FUN_002e0b98,0x002E0B98,0x002E0BB8,32
FUN_002e0bb8,0x002E0BB8,0x002E0C4C,148
FUN_002e0c58,0x002E0C58,0x002E0D10,184
FUN_002e0d10,0x002E0D10,0x002E0DEC,220
FUN_002e0df0,0x002E0DF0,0x002E0F50,352
FUN_002e0f50,0x002E0F50,0x002E1088,312
FUN_002e1088,0x002E1088,0x002E1104,124
FUN_002e1108,0x002E1108,0x002E11A8,160
FUN_002e11a8,0x002E11A8,0x002E1274,204
FUN_002e1278,0x002E1278,0x002E1298,32
FUN_002e1298,0x002E1298,0x002E12B8,32
FUN_002e12b8,0x002E12B8,0x002E12D8,32
FUN_002e12d8,0x002E12D8,0x002E12F8,32
FUN_002e12f8,0x002E12F8,0x002E1314,28
FUN_002e1320,0x002E1320,0x002E2580,4704
FUN_002e2580,0x002E2580,0x002E3578,4088
FUN_002e3578,0x002E3578,0x002E3624,172
FUN_002e3628,0x002E3628,0x002E36A4,124
FUN_002e36a8,0x002E36A8,0x002E3708,96
FUN_002e3708,0x002E3708,0x002E3728,32
FUN_002e3748,0x002E3748,0x002E4454,3340
FUN_002e4458,0x002E4458,0x002E45A4,332
FUN_002e45a8,0x002E45A8,0x002E4608,96
FUN_002e4608,0x002E4608,0x002E4784,380
FUN_002e4788,0x002E4788,0x002E4C40,1208
FUN_002e4c40,0x002E4C40,0x002E4CA4,100
FUN_002e4ca8,0x002E4CA8,0x002E4CBC,20
FUN_002e4cc0,0x002E4CC0,0x002E4D64,164
FUN_002e4d68,0x002E4D68,0x002E4DB0,72
FUN_002e4db0,0x002E4DB0,0x002E4DFC,76
FUN_002e4e00,0x002E4E00,0x002E4E94,148
FUN_002e4e98,0x002E4E98,0x002E4F18,128
FUN_002e4f18,0x002E4F18,0x002E50CC,436
FUN_002e50d0,0x002E50D0,0x002E542C,860
FUN_002e5430,0x002E5430,0x002E5484,84
FUN_002e5488,0x002E5488,0x002E57AC,804
FUN_002e57b0,0x002E57B0,0x002E5804,84
FUN_002e5808,0x002E5808,0x002E5834,44
FUN_002e5838,0x002E5838,0x002E5868,48
FUN_002e5868,0x002E5868,0x002E58B8,80
FUN_002e58b8,0x002E58B8,0x002E58EC,52
FUN_002e58f0,0x002E58F0,0x002E5920,48
FUN_002e5920,0x002E5920,0x002E5944,36
FUN_002e5948,0x002E5948,0x002E596C,36
FUN_002e5970,0x002E5970,0x002E5A94,292
FUN_002e5a98,0x002E5A98,0x002E5ADC,68
FUN_002e5ae0,0x002E5AE0,0x002E6068,1416
FUN_002e6068,0x002E6068,0x002E612C,196
FUN_002e6130,0x002E6130,0x002E622C,252
FUN_002e6230,0x002E6230,0x002E62EC,188
FUN_002e62f0,0x002E62F0,0x002E63A8,184
FUN_002e63a8,0x002E63A8,0x002E63CC,36
FUN_002e63d0,0x002E63D0,0x002E63F4,36
FUN_002e63f8,0x002E63F8,0x002E6400,8
FUN_002e6400,0x002E6400,0x002E64A8,168
FUN_002e64a8,0x002E64A8,0x002E64C8,32
FUN_002e64c8,0x002E64C8,0x002E663C,372
FUN_002e6640,0x002E6640,0x002E6694,84
FUN_002e6698,0x002E6698,0x002E7244,2988
FUN_002e7248,0x002E7248,0x002E77E0,1432
FUN_002e77e0,0x002E77E0,0x002E8544,3428
FUN_002e8548,0x002E8548,0x002E8C7C,1844
FUN_002e8c80,0x002E8C80,0x002E9B4C,3788
FUN_002e9b50,0x002E9B50,0x002E9DAC,604
FUN_002e9db0,0x002E9DB0,0x002E9E00,80
FUN_002e9e30,0x002E9E30,0x002E9EDC,172
FUN_002e9ee0,0x002E9EE0,0x002EA190,688
FUN_002ea190,0x002EA190,0x002EA228,152
FUN_002ea230,0x002EA230,0x002EA23C,12
FUN_002ea240,0x002EA240,0x002EA5DC,924
FUN_002ea5e0,0x002EA5E0,0x002EA880,672
FUN_002ea888,0x002EA888,0x002EA8DC,84
FUN_002ea8e0,0x002EA8E0,0x002EACD8,1016
FUN_002eacd8,0x002EACD8,0x002EAD94,188
FUN_002ead98,0x002EAD98,0x002EB234,1180
FUN_002eb238,0x002EB238,0x002EB38C,340
FUN_002eb398,0x002EB398,0x002EB8FC,1380
FUN_002eb900,0x002EB900,0x002EBB90,656
FUN_002ebb90,0x002EBB90,0x002EBBB8,40
FUN_002ebbe8,0x002EBBE8,0x002EBC50,104
FUN_002ebc50,0x002EBC50,0x002EBC70,32
FUN_002ebc70,0x002EBC70,0x002EC094,1060
FUN_002ec098,0x002EC098,0x002EC0A0,8
FUN_002ec0a0,0x002EC0A0,0x002EC134,148
FUN_002ec138,0x002EC138,0x002EC194,92
FUN_002ec198,0x002EC198,0x002EC1F8,96
FUN_002ec1f8,0x002EC1F8,0x002EC250,88
FUN_002ec250,0x002EC250,0x002EC2BC,108
FUN_002ec2c0,0x002EC2C0,0x002EC388,200
FUN_002ec388,0x002EC388,0x002EC39C,20
FUN_002ec3a0,0x002EC3A0,0x002EC3BC,28
FUN_002ec3c0,0x002EC3C0,0x002EC53C,380
FUN_002ec540,0x002EC540,0x002EC704,448
FUN_002ec708,0x002EC708,0x002EC718,16
FUN_002ec718,0x002EC718,0x002EC720,8
FUN_002ec720,0x002EC720,0x002EC728,8
FUN_002ec728,0x002EC728,0x002EC764,60
FUN_002ec768,0x002EC768,0x002EC7C8,96
FUN_002ec7c8,0x002EC7C8,0x002EC7F0,40
FUN_002ec7f8,0x002EC7F8,0x002EC86C,116
FUN_002ec870,0x002EC870,0x002EC878,8
FUN_002ec878,0x002EC878,0x002ECA28,432
FUN_002eca28,0x002ECA28,0x002ECA90,104
FUN_002eca90,0x002ECA90,0x002ECAD4,68
FUN_002ecad8,0x002ECAD8,0x002EDA14,3900
FUN_002eda18,0x002EDA18,0x002EDAC8,176
FUN_002edac8,0x002EDAC8,0x002EDB24,92
FUN_002edb28,0x002EDB28,0x002EDE88,864
FUN_002ede88,0x002EDE88,0x002EDEB8,48
FUN_002edeb8,0x002EDEB8,0x002EDF7C,196
FUN_002edf80,0x002EDF80,0x002EE178,504
FUN_002ee178,0x002EE178,0x002EE2A8,304
FUN_002ee2a8,0x002EE2A8,0x002EE364,188
FUN_002ee368,0x002EE368,0x002EE69C,820
FUN_002ee6a0,0x002EE6A0,0x002EE7A4,260
FUN_002ee7a8,0x002EE7A8,0x002EE8D0,296
FUN_002ee8d0,0x002EE8D0,0x002EEC08,824
FUN_002eec08,0x002EEC08,0x002EF0B0,1192
FUN_002ef0b0,0x002EF0B0,0x002EF120,112
FUN_002ef120,0x002EF120,0x002EF1C8,168
FUN_002ef1c8,0x002EF1C8,0x002EF3C4,508
FUN_002ef3c8,0x002EF3C8,0x002EF56C,420
FUN_002ef570,0x002EF570,0x002EF60C,156
FUN_002ef610,0x002EF610,0x002EF670,96
FUN_002ef670,0x002EF670,0x002EF678,8
FUN_002ef678,0x002EF678,0x002EF69C,36
FUN_002ef6a0,0x002EF6A0,0x002EF7C0,288
FUN_002ef7c8,0x002EF7C8,0x002EF884,188
FUN_002ef888,0x002EF888,0x002F008C,2052
FUN_002f0090,0x002F0090,0x002F0308,632
FUN_002f0308,0x002F0308,0x002F0348,64
FUN_002f0358,0x002F0358,0x002F0388,48
FUN_002f0388,0x002F0388,0x002F03A8,32
FUN_002f03a8,0x002F03A8,0x002F0540,408
FUN_002f0540,0x002F0540,0x002F0940,1024
FUN_002f0948,0x002F0948,0x002F0994,76
FUN_002f0998,0x002F0998,0x002F0AF8,352
FUN_002f0af8,0x002F0AF8,0x002F0B2C,52
FUN_002f0b30,0x002F0B30,0x002F0B8C,92
FUN_002f0b90,0x002F0B90,0x002F0BF0,96
FUN_002f0bf0,0x002F0BF0,0x002F0C48,88
FUN_002f0c48,0x002F0C48,0x002F0CFC,180
FUN_002f0d00,0x002F0D00,0x002F0EEC,492
FUN_002f0ef0,0x002F0EF0,0x002F1144,596
FUN_002f1148,0x002F1148,0x002F1198,80
FUN_002f1198,0x002F1198,0x002F15A4,1036
FUN_002f1f18,0x002F1F18,0x002F2070,344
FUN_002f2078,0x002F2078,0x002F20C8,80
FUN_002f20c8,0x002F20C8,0x002F214C,132
FUN_002f2150,0x002F2150,0x002F216C,28
FUN_002f2170,0x002F2170,0x002F21FC,140
FUN_002f2200,0x002F2200,0x002F224C,76
FUN_002f2250,0x002F2250,0x002F22B8,104
FUN_002f22b8,0x002F22B8,0x002F2340,136
FUN_002f2340,0x002F2340,0x002F2430,240
FUN_002f2430,0x002F2430,0x002F2544,276
FUN_002f2548,0x002F2548,0x002F29E8,1184
FUN_002f29e8,0x002F29E8,0x002F2D74,908
FUN_002f2d78,0x002F2D78,0x002F3238,1216
FUN_002f3238,0x002F3238,0x002F39AC,1908
FUN_002f39b0,0x002F39B0,0x002F3AA8,248
FUN_002f3ab0,0x002F3AB0,0x002F3AE4,52
FUN_002f3ae8,0x002F3AE8,0x002F3B20,56
FUN_002f3b20,0x002F3B20,0x002F3B50,48
FUN_002f3b50,0x002F3B50,0x002F3B80,48
FUN_002f3b80,0x002F3B80,0x002F3BB0,48
FUN_002f3bb8,0x002F3BB8,0x002F3DD8,544
FUN_002f3dd8,0x002F3DD8,0x002F3EC8,240
FUN_002f3ec8,0x002F3EC8,0x002F3FAC,228
FUN_002f3fb0,0x002F3FB0,0x002F425C,684
FUN_002f4260,0x002F4260,0x002F428C,44
FUN_002f4290,0x002F4290,0x002F46EC,1116
FUN_002f46f0,0x002F46F0,0x002F476C,124
FUN_002f4770,0x002F4770,0x002F47C0,80
FUN_002f47c0,0x002F47C0,0x002F47E8,40
FUN_002f47e8,0x002F47E8,0x002F4810,40
FUN_002f4810,0x002F4810,0x002F484C,60
FUN_002f4850,0x002F4850,0x002F48A0,80
FUN_002f48d8,0x002F48D8,0x002F4938,96
FUN_002f4938,0x002F4938,0x002F4998,96
FUN_002f49a0,0x002F49A0,0x002F49F4,84
FUN_002f49f8,0x002F49F8,0x002F4A1C,36
FUN_002f4a38,0x002F4A38,0x002F4B14,220
FUN_002f4b18,0x002F4B18,0x002F4B3C,36
FUN_002f4b40,0x002F4B40,0x002F4E84,836
vcs_MissionStreamScopeEnter,0x002F4E88,0x002F4E9C,20
vcs_MissionStreamScopeLeave,0x002F4EA0,0x002F4ED0,48
FUN_002f4ed0,0x002F4ED0,0x002F4EDC,12
FUN_002f4ee0,0x002F4EE0,0x002F4F0C,44
FUN_002f4f10,0x002F4F10,0x002F4F34,36
FUN_002f4f38,0x002F4F38,0x002F4F48,16
FUN_002f4f48,0x002F4F48,0x002F4F54,12
FUN_002f4f58,0x002F4F58,0x002F4F74,28
FUN_002f4f78,0x002F4F78,0x002F4FC4,76
FUN_002f4fc8,0x002F4FC8,0x002F5050,136
FUN_002f5050,0x002F5050,0x002F5088,56
FUN_002f5088,0x002F5088,0x002F50D0,72
FUN_002f50d8,0x002F50D8,0x002F50E8,16
InitializePrimaryRenderStateConfiguration,0x002F5180,0x002F55B8,1080
FUN_002f55b8,0x002F55B8,0x002F5700,328
FUN_002f5700,0x002F5700,0x002F5740,64
FUN_002f5740,0x002F5740,0x002F578C,76
FUN_002f5790,0x002F5790,0x002F57E4,84
FUN_002f57e8,0x002F57E8,0x002F5808,32
FUN_002f5808,0x002F5808,0x002F5978,368
FUN_002f5980,0x002F5980,0x002F5BF4,628
FUN_002f5bf8,0x002F5BF8,0x002F5E18,544
FUN_002f5e18,0x002F5E18,0x002F5E60,72
FUN_002f5e60,0x002F5E60,0x002F5EB4,84
SelectRenderState,0x002F5EB8,0x002F5F20,104
FUN_002f5f20,0x002F5F20,0x002F5F48,40
SetRenderStateSlot,0x002F5F48,0x002F5F70,40
FUN_002f5f70,0x002F5F70,0x002F5FE0,112
FUN_002f5fe0,0x002F5FE0,0x002F6010,48
FUN_002f6010,0x002F6010,0x002F6080,112
FUN_002f6080,0x002F6080,0x002F60DC,92
FUN_002f60f0,0x002F60F0,0x002F6198,168
FUN_002f6198,0x002F6198,0x002F61E8,80
FUN_002f61e8,0x002F61E8,0x002F6268,128
FUN_002f6268,0x002F6268,0x002F6370,264
FUN_002f6370,0x002F6370,0x002F639C,44
FUN_002f63a0,0x002F63A0,0x002F6444,164
FUN_002f6448,0x002F6448,0x002F6494,76
FUN_002f6498,0x002F6498,0x002F6B48,1712
FUN_002f6b48,0x002F6B48,0x002F6C54,268
FUN_002f6c58,0x002F6C58,0x002F6FA8,848
FUN_002f6fa8,0x002F6FA8,0x002F6FC0,24
FUN_002f6fc0,0x002F6FC0,0x002F7048,136
FUN_002f7048,0x002F7048,0x002F70BC,116
FUN_002f70c0,0x002F70C0,0x002F7134,116
FUN_002f7138,0x002F7138,0x002F71E0,168
FUN_002f71e8,0x002F71E8,0x002F7270,136
FUN_002f7270,0x002F7270,0x002F7380,272
FUN_002f7380,0x002F7380,0x002F74A4,292
FUN_002f74a8,0x002F74A8,0x002F7524,124
FUN_002f7528,0x002F7528,0x002F754C,36
FUN_002f7550,0x002F7550,0x002F7564,20
FUN_002f7568,0x002F7568,0x002F759C,52
FUN_002f75a0,0x002F75A0,0x002F75B8,24
FUN_002f75b8,0x002F75B8,0x002F75F4,60
FUN_002f75f8,0x002F75F8,0x002F7600,8
FUN_002f7600,0x002F7600,0x002F760C,12
FUN_002f7610,0x002F7610,0x002F7704,244
FUN_002f7708,0x002F7708,0x002F77FC,244
FUN_002f7800,0x002F7800,0x002F7AE8,744
FUN_002f7ae8,0x002F7AE8,0x002F7D10,552
FUN_002f7d10,0x002F7D10,0x002F7F38,552
FUN_002f7f38,0x002F7F38,0x002F808C,340
FUN_002f8090,0x002F8090,0x002F8204,372
FUN_002f8208,0x002F8208,0x002F8228,32
FUN_002f8228,0x002F8228,0x002F824C,36
FUN_002f8250,0x002F8250,0x002F8280,48
FUN_002f8280,0x002F8280,0x002F8430,432
BuildVif1MicroprogramPacket,0x002F8430,0x002F88EC,1212
ApplyRenderStateCallbacksAndPacketTemplates,0x002F88F0,0x002F955C,3180
FUN_002f9568,0x002F9568,0x002F97C0,600
FUN_002f97c0,0x002F97C0,0x002F99C4,512
FUN_002f99c8,0x002F99C8,0x002F99D0,8
FUN_002f99d0,0x002F99D0,0x002F9C80,688
FUN_002f9c80,0x002F9C80,0x002F9EC0,576
FUN_002f9ec8,0x002F9EC8,0x002F9EFC,52
FUN_002f9f00,0x002F9F00,0x002FA048,328
FUN_002fa048,0x002FA048,0x002FA050,8
FUN_002fa050,0x002FA050,0x002FA134,228
FUN_002fa138,0x002FA138,0x002FA180,72
FUN_002fa180,0x002FA180,0x002FA2D8,344
FUN_002fa2f8,0x002FA2F8,0x002FA304,12
FUN_002fa308,0x002FA308,0x002FA314,12
FUN_002fa318,0x002FA318,0x002FA47C,356
FUN_002fa480,0x002FA480,0x002FA4A0,32
FUN_002fa4a0,0x002FA4A0,0x002FA570,208
FUN_002fa570,0x002FA570,0x002FA590,32
FUN_002fa590,0x002FA590,0x002FA5B0,32
FUN_002fa5b0,0x002FA5B0,0x002FA5D0,32
FUN_002fa5d0,0x002FA5D0,0x002FA5F0,32
FUN_002fa5f0,0x002FA5F0,0x002FA610,32
FUN_002fa610,0x002FA610,0x002FA634,36
FUN_002fa638,0x002FA638,0x002FA65C,36
FUN_002fa660,0x002FA660,0x002FA6F8,152
FUN_002fa6f8,0x002FA6F8,0x002FA718,32
FUN_002fa718,0x002FA718,0x002FA78C,116
FUN_002fa790,0x002FA790,0x002FA804,116
FUN_002fa808,0x002FA808,0x002FA844,60
FUN_002fa848,0x002FA848,0x002FA884,60
FUN_002fa888,0x002FA888,0x002FA8A8,32
FUN_002fa8a8,0x002FA8A8,0x002FA900,88
FUN_002fa900,0x002FA900,0x002FA920,32
FUN_002fa920,0x002FA920,0x002FA99C,124
FUN_002fa9a0,0x002FA9A0,0x002FA9C0,32
FUN_002fa9c0,0x002FA9C0,0x002FA9E8,40
FUN_002fa9e8,0x002FA9E8,0x002FAA50,104
FUN_002faa50,0x002FAA50,0x002FAA74,36
FUN_002faa78,0x002FAA78,0x002FAAA4,44
FUN_002faaa8,0x002FAAA8,0x002FAAC8,32
FUN_002faac8,0x002FAAC8,0x002FAAE8,32
FUN_002faae8,0x002FAAE8,0x002FAB0C,36
FUN_002fab10,0x002FAB10,0x002FAB34,36
FUN_002fab38,0x002FAB38,0x002FAB58,32
FUN_002fab58,0x002FAB58,0x002FAB78,32
FUN_002fab78,0x002FAB78,0x002FABA8,48
FUN_002faba8,0x002FABA8,0x002FABD8,48
FUN_002fabd8,0x002FABD8,0x002FAC0C,52
FUN_002fac10,0x002FAC10,0x002FAC44,52
FUN_002fac48,0x002FAC48,0x002FAC84,60
FUN_002fac90,0x002FAC90,0x002FACC8,56
FUN_002facc8,0x002FACC8,0x002FACF8,48
FUN_002facf8,0x002FACF8,0x002FAD30,56
FUN_002fad30,0x002FAD30,0x002FAD60,48
FUN_002fad60,0x002FAD60,0x002FAD8C,44
FUN_002fad90,0x002FAD90,0x002FADC8,56
FUN_002fadc8,0x002FADC8,0x002FADF8,48
FUN_002fae00,0x002FAE00,0x002FAE20,32
FUN_002fae20,0x002FAE20,0x002FAE40,32
FUN_002fae40,0x002FAE40,0x002FAE64,36
FUN_002fae68,0x002FAE68,0x002FAE8C,36
FUN_002fae90,0x002FAE90,0x002FAEB0,32
FUN_002faeb0,0x002FAEB0,0x002FAED0,32
FUN_002faed0,0x002FAED0,0x002FAEF4,36
FUN_002faef8,0x002FAEF8,0x002FAF1C,36
FUN_002faf20,0x002FAF20,0x002FAF2C,12
FUN_002faf30,0x002FAF30,0x002FAF50,32
FUN_002faf50,0x002FAF50,0x002FAF70,32
FUN_002faf70,0x002FAF70,0x002FAF90,32
FUN_002faf90,0x002FAF90,0x002FAFB0,32
FUN_002fafb0,0x002FAFB0,0x002FAFD0,32
FUN_002fafd0,0x002FAFD0,0x002FAFF0,32
FUN_002faff0,0x002FAFF0,0x002FB010,32
FUN_002fb010,0x002FB010,0x002FB03C,44
FUN_002fb040,0x002FB040,0x002FB07C,60
FUN_002fb080,0x002FB080,0x002FB088,8
FUN_002fb088,0x002FB088,0x002FB0A8,32
InitializePs2RenderBackendState,0x002FB0A8,0x002FB0D4,44
FUN_002fb0d8,0x002FB0D8,0x002FB1A8,208
FUN_002fb1a8,0x002FB1A8,0x002FB1B0,8
FUN_002fb1b0,0x002FB1B0,0x002FB260,176
FUN_002fb260,0x002FB260,0x002FB314,180
FUN_002fb318,0x002FB318,0x002FB328,16
FUN_002fb328,0x002FB328,0x002FB5A0,632
FUN_002fb5a0,0x002FB5A0,0x002FB870,720
FUN_002fb870,0x002FB870,0x002FBBB0,832
FUN_002fbbb0,0x002FBBB0,0x002FBF2C,888
FUN_002fbf30,0x002FBF30,0x002FBF50,32
FUN_002fbf50,0x002FBF50,0x002FBF58,8
FUN_002fbf58,0x002FBF58,0x002FBFE4,140
FUN_002fbfe8,0x002FBFE8,0x002FC048,96
FUN_002fc048,0x002FC048,0x002FC0B4,108
FUN_002fc0b8,0x002FC0B8,0x002FC188,208
PrepareIndexedPrimitiveRenderState,0x002FC188,0x002FC2D8,336
FUN_002fc2d8,0x002FC2D8,0x002FC3CC,244
FUN_002fc3d0,0x002FC3D0,0x002FC3F0,32
FUN_002fc3f0,0x002FC3F0,0x002FC4BC,204
FUN_002fc4c0,0x002FC4C0,0x002FC4C8,8
BuildVifPacketForIndexedPrimitiveList,0x002FC4C8,0x002FCA18,1360
BuildVifPacketForAlternateIndexedPrimitiveList,0x002FCA18,0x002FCE04,1004
FUN_002fce08,0x002FCE08,0x002FCE14,12
FUN_002fce18,0x002FCE18,0x002FCE20,8
FUN_002fce20,0x002FCE20,0x002FCE2C,12
FUN_002fce30,0x002FCE30,0x002FCE38,8
FUN_002fce38,0x002FCE38,0x002FCE40,8
FUN_002fce40,0x002FCE40,0x002FCE48,8
FUN_002fce48,0x002FCE48,0x002FCE50,8
FUN_002fce60,0x002FCE60,0x002FCFE0,384
FUN_002fcfe0,0x002FCFE0,0x002FD0EC,268
FUN_002fd0f0,0x002FD0F0,0x002FD174,132
FUN_002fd178,0x002FD178,0x002FD278,256
FUN_002fd278,0x002FD278,0x002FD844,1484
FUN_002fd848,0x002FD848,0x002FDA18,464
FUN_002fda18,0x002FDA18,0x002FE088,1648
FUN_002fe088,0x002FE088,0x002FE15C,212
FUN_002fe160,0x002FE160,0x002FE46C,780
FUN_002fe9c0,0x002FE9C0,0x00300548,7048
FUN_00300548,0x00300548,0x003007A4,604
FUN_003007a8,0x003007A8,0x003009EC,580
FUN_003009f8,0x003009F8,0x00300D68,880
FUN_00300d68,0x00300D68,0x00301460,1784
FUN_00301460,0x00301460,0x00301468,8
FUN_00301468,0x00301468,0x003016E0,632
FUN_003016e0,0x003016E0,0x003019BC,732
FUN_003019c0,0x003019C0,0x00301C1C,604
FUN_00301c20,0x00301C20,0x00301FB4,916
FUN_00301fb8,0x00301FB8,0x0030239C,996
FUN_003023a0,0x003023A0,0x00302610,624
FUN_00302610,0x00302610,0x00302A94,1156
FUN_00302a98,0x00302A98,0x003035AC,2836
FUN_003035b0,0x003035B0,0x003039DC,1068
FUN_003039e0,0x003039E0,0x00304118,1848
FUN_00304118,0x00304118,0x00304618,1280
FUN_00304618,0x00304618,0x003055E4,4044
FUN_003055e8,0x003055E8,0x00305B54,1388
FUN_00305b58,0x00305B58,0x00306148,1520
FUN_00306148,0x00306148,0x003061D4,140
FUN_003061d8,0x003061D8,0x003061E4,12
FUN_00306860,0x00306860,0x00306FF8,1944
FUN_00306ff8,0x00306FF8,0x003071B8,448
FUN_003071b8,0x003071B8,0x00307730,1400
FUN_00307730,0x00307730,0x00307AE0,944
FUN_00307ae0,0x00307AE0,0x00308998,3768
FUN_00308998,0x00308998,0x003097B8,3616
FUN_003097b8,0x003097B8,0x00309CBC,1284
FUN_00309cc0,0x00309CC0,0x0030A32C,1644
FUN_0030a330,0x0030A330,0x0030A4F8,456
FUN_0030a4f8,0x0030A4F8,0x0030A648,336
FUN_0030a648,0x0030A648,0x0030A700,184
FUN_0030a700,0x0030A700,0x0030A808,264
FUN_0030a808,0x0030A808,0x0030A8E0,216
FUN_0030a8e0,0x0030A8E0,0x0030A9AC,204
FUN_0030a9b0,0x0030A9B0,0x0030ABC8,536
FUN_0030abc8,0x0030ABC8,0x0030ACA4,220
FUN_0030aca8,0x0030ACA8,0x0030AF08,608
FUN_0030af08,0x0030AF08,0x0030AFE8,224
FUN_0030afe8,0x0030AFE8,0x0030B04C,100
FUN_0030b050,0x0030B050,0x0030B074,36
FUN_0030b078,0x0030B078,0x0030B45C,996
FUN_0030b460,0x0030B460,0x0030B4B0,80
FUN_0030b4b0,0x0030B4B0,0x0030B548,152
FUN_0030b580,0x0030B580,0x0030B5D4,84
FUN_0030b5d8,0x0030B5D8,0x0030B5F8,32
FUN_0030b5f8,0x0030B5F8,0x0030B630,56
FUN_0030b630,0x0030B630,0x0030B67C,76
FUN_0030b680,0x0030B680,0x0030B6F4,116
FUN_0030b6f8,0x0030B6F8,0x0030B7C0,200
FUN_0030b7c0,0x0030B7C0,0x0030B808,72
FUN_0030b808,0x0030B808,0x0030B874,108
FUN_0030b878,0x0030B878,0x0030B880,8
FUN_0030b888,0x0030B888,0x0030BBB8,816
FUN_0030bbb8,0x0030BBB8,0x0030BE4C,660
FUN_0030be50,0x0030BE50,0x0030BF74,292
FUN_0030bf78,0x0030BF78,0x0030C040,200
FUN_0030c040,0x0030C040,0x0030C170,304
FUN_0030c170,0x0030C170,0x0030C264,244
FUN_0030c410,0x0030C410,0x0030C478,104
FUN_0030c478,0x0030C478,0x0030C498,32
FUN_0030c498,0x0030C498,0x0030C4C8,48
FUN_0030c4c8,0x0030C4C8,0x0030C4F0,40
FUN_0030c4f0,0x0030C4F0,0x0030C518,40
FUN_0030c518,0x0030C518,0x0030C540,40
FUN_0030c540,0x0030C540,0x0030C568,40
FUN_0030c568,0x0030C568,0x0030C5DC,116
FUN_0030c5e0,0x0030C5E0,0x0030C628,72
FUN_0030c628,0x0030C628,0x0030C6CC,164
FUN_0030c6d0,0x0030C6D0,0x0030C718,72
FUN_0030c718,0x0030C718,0x0030C798,128
FUN_0030c798,0x0030C798,0x0030C8C0,296
FUN_0030c8c0,0x0030C8C0,0x0030C978,184
FUN_0030c978,0x0030C978,0x0030CA40,200
FUN_0030ca40,0x0030CA40,0x0030CA84,68
FUN_0030ca88,0x0030CA88,0x0030CAB4,44
FUN_0030cab4,0x0030CAB4,0x0030CAE0,44
FUN_0030cae0,0x0030CAE0,0x0030CB20,64
FUN_0030cb20,0x0030CB20,0x0030CB40,32
FUN_0030cb58,0x0030CB58,0x0030CB64,12
FUN_0030cb64,0x0030CB64,0x0030CB70,12
FUN_0030cb70,0x0030CB70,0x0030CEBC,844
FUN_0030cec0,0x0030CEC0,0x0030CFDC,284
FUN_0030cfe0,0x0030CFE0,0x0030D030,80
FUN_0030d030,0x0030D030,0x0030D11C,236
FUN_0030d120,0x0030D120,0x0030D1F8,216
FUN_0030d1f8,0x0030D1F8,0x0030D2BC,196
vcs_Opcode00D2_GetObjectHeading,0x0030D2C0,0x0030D3C0,256
vcs_Opcode00D3_SetObjectHeading,0x0030D3C0,0x0030D4E4,292
vcs_Opcode010C_GetObjectCoordinates,0x0030D4E8,0x0030D59C,180
vcs_Opcode010D_SetObjectCoordinates,0x0030D5A0,0x0030D6A8,264
FUN_0030d6a8,0x0030D6A8,0x0030D724,124
vcs_Opcode0117_DontRemoveObject,0x0030D728,0x0030D794,108
vcs_Opcode01AA_CreateObject,0x0030D798,0x0030DAD4,828
FUN_0030dad8,0x0030DAD8,0x0030DCB4,476
FUN_0030dcb8,0x0030DCB8,0x0030E4AC,2036
FUN_0030e4b0,0x0030E4B0,0x0030ECCC,2076
FUN_0030ecd0,0x0030ECD0,0x0030F5FC,2348
FUN_0030f600,0x0030F600,0x0030F68C,140
FUN_0030f690,0x0030F690,0x0030F6FC,108
FUN_0030f700,0x0030F700,0x0030FA24,804
FUN_0030fa28,0x0030FA28,0x0030FB0C,228
FUN_0030fb10,0x0030FB10,0x0030FB8C,124
vcs_Opcode0225_SetObjectCollision,0x0030FB90,0x0030FC0C,124
FUN_0030fc10,0x0030FC10,0x0030FCCC,188
FUN_0030fcd0,0x0030FCD0,0x0030FD7C,172
FUN_0030fd80,0x0030FD80,0x0030FE5C,220
FUN_0030fe60,0x0030FE60,0x0030FFD4,372
FUN_0030ffd8,0x0030FFD8,0x00310060,136
vcs_Opcode02AC_SetObjectRotation,0x00310060,0x003102B4,596
FUN_003102b8,0x003102B8,0x00310344,140
FUN_00310348,0x00310348,0x00310414,204
FUN_00310418,0x00310418,0x0031050C,244
FUN_00310510,0x00310510,0x00310558,72
FUN_00310558,0x00310558,0x00310640,232
FUN_00310640,0x00310640,0x003106A8,104
FUN_003106a8,0x003106A8,0x0031077C,212
FUN_00310780,0x00310780,0x00310884,260
FUN_00310888,0x00310888,0x0031092C,164
FUN_00310930,0x00310930,0x00310A20,240
FUN_00310a20,0x00310A20,0x00310A98,120
FUN_00310a98,0x00310A98,0x00310BA4,268
FUN_00310ba8,0x00310BA8,0x00310BFC,84
FUN_00310c00,0x00310C00,0x00310D40,320
FUN_00310d40,0x00310D40,0x00310D98,88
FUN_00310d98,0x00310D98,0x00310FDC,580
FUN_00310fe0,0x00310FE0,0x00311070,144
FUN_00311070,0x00311070,0x003110D4,100
FUN_003110d8,0x003110D8,0x00311330,600
FUN_00311330,0x00311330,0x003113C8,152
FUN_003113c8,0x003113C8,0x003113E8,32
FUN_003113e8,0x003113E8,0x0031152C,324
FUN_00311530,0x00311530,0x003115C0,144
FUN_003115c0,0x003115C0,0x00311640,128
FUN_00311640,0x00311640,0x003116B4,116
FUN_003116b8,0x003116B8,0x00311854,412
FUN_00311858,0x00311858,0x003118E8,144
FUN_003118e8,0x003118E8,0x00311908,32
FUN_00311908,0x00311908,0x00311A00,248
FUN_00311a00,0x00311A00,0x00311B9C,412
vcs_Opcode0559_SetObjectFlag10000000,0x00311BA0,0x00311BF8,88
FUN_00311bf8,0x00311BF8,0x00311E84,652
FUN_00311e90,0x00311E90,0x00311F94,260
FUN_00311f98,0x00311F98,0x00312250,696
FUN_00312250,0x00312250,0x00312630,992
FUN_00312630,0x00312630,0x00312740,272
FUN_00312740,0x00312740,0x003129BC,636
FUN_003129c0,0x003129C0,0x00312CD8,64
FUN_00312ce0,0x00312CE0,0x00312D20,64
FUN_00312d20,0x00312D20,0x00312D74,84
FUN_00312d78,0x00312D78,0x00312E8C,276
FUN_00312e90,0x00312E90,0x00312EB0,32
FUN_00312ec0,0x00312EC0,0x0031348C,1484
FUN_00313490,0x00313490,0x003134F8,104
FUN_003134f8,0x003134F8,0x00313570,120
FUN_00313570,0x00313570,0x003135CC,92
FUN_003135d0,0x003135D0,0x0031362C,92
FUN_00313630,0x00313630,0x0031365C,44
FUN_00313660,0x00313660,0x00315798,8504
FUN_00315798,0x00315798,0x003157A0,8
FUN_003157a0,0x003157A0,0x0031586C,204
FUN_00315880,0x00315880,0x003158D8,88
FUN_003158d8,0x003158D8,0x0031598C,180
FUN_00315990,0x00315990,0x003159BC,44
FUN_003159c0,0x003159C0,0x00315BB4,500
FUN_00315bb8,0x00315BB8,0x00315C30,120
FUN_00315c30,0x00315C30,0x00315CC0,144
FUN_00315cc0,0x00315CC0,0x00315D50,144
FUN_00315d50,0x00315D50,0x00315D84,52
FUN_00315d88,0x00315D88,0x00315DB0,40
FUN_00315db0,0x00315DB0,0x00315E68,184
FUN_00315e68,0x00315E68,0x00315F58,240
FUN_00315f58,0x00315F58,0x00315FDC,132
FUN_00315fe0,0x00315FE0,0x00315FE8,8
FUN_00315fe8,0x00315FE8,0x00316040,88
FUN_00316040,0x00316040,0x0031606C,44
FUN_00316070,0x00316070,0x003160A0,48
FUN_003160a0,0x003160A0,0x003160A8,8
FUN_003160a8,0x003160A8,0x00316108,96
FUN_00316108,0x00316108,0x00316130,40
FUN_00316130,0x00316130,0x003161A0,112
FUN_003161a0,0x003161A0,0x003161CC,44
FUN_003161d0,0x003161D0,0x003161E0,16
FUN_003161e0,0x003161E0,0x003161F0,16
FUN_003161f0,0x003161F0,0x00316204,20
FUN_00316208,0x00316208,0x003163A4,412
FUN_003163a8,0x003163A8,0x00316478,208
FUN_00316478,0x00316478,0x00316548,208
FUN_00316548,0x00316548,0x00316564,28
FUN_00316568,0x00316568,0x003165B8,80
FUN_003165b8,0x003165B8,0x00316670,184
FUN_00316670,0x00316670,0x003166CC,92
vcs_Opcode0080To0085_LocateChar2D,0x003166D0,0x003166F0,32
FUN_003166f0,0x003166F0,0x00316710,32
vcs_Opcode0089To008E_LocateChar3D,0x00316710,0x00316730,32
FUN_00316730,0x00316730,0x00316750,32
FUN_00316750,0x00316750,0x00316770,32
FUN_00316770,0x00316770,0x00316790,32
FUN_00316790,0x00316790,0x003167B0,32
FUN_003167b0,0x003167B0,0x003167D0,32
FUN_003167d0,0x003167D0,0x003167F0,32
FUN_003167f0,0x003167F0,0x003168B4,196
FUN_003168b8,0x003168B8,0x0031691C,100
FUN_00316920,0x00316920,0x003169A0,128
FUN_003169a0,0x003169A0,0x003169F0,80
FUN_003169f0,0x003169F0,0x00316A48,88
FUN_00316a48,0x00316A48,0x00316ACC,132
FUN_00316ad0,0x00316AD0,0x00316B48,120
FUN_00316b48,0x00316B48,0x00316B88,64
FUN_00316b88,0x00316B88,0x00316C20,152
FUN_00316c20,0x00316C20,0x00316CBC,156
FUN_00316cc0,0x00316CC0,0x00316CE4,36
FUN_00316ce8,0x00316CE8,0x00316D24,60
FUN_00316d28,0x00316D28,0x00316E48,288
FUN_00316e48,0x00316E48,0x00316E70,40
FUN_00316e70,0x00316E70,0x00316E98,40
FUN_00316e98,0x00316E98,0x00316F18,128
FUN_00316f18,0x00316F18,0x00316F54,60
FUN_00316f58,0x00316F58,0x00317034,220
FUN_00317038,0x00317038,0x00317088,80
FUN_00317088,0x00317088,0x00317110,136
FUN_00317110,0x00317110,0x003171DC,204
FUN_003171e0,0x003171E0,0x0031729C,188
FUN_003172a0,0x003172A0,0x003174C8,552
FUN_003174c8,0x003174C8,0x00317504,60
FUN_00317508,0x00317508,0x00317540,56
FUN_00317540,0x00317540,0x003175D8,152
FUN_003175d8,0x003175D8,0x00317714,316
FUN_00317718,0x00317718,0x00317754,60
FUN_00317758,0x00317758,0x00317790,56
FUN_00317790,0x00317790,0x00317894,260
FUN_00317898,0x00317898,0x003178DC,68
FUN_003178e0,0x003178E0,0x00317920,64
FUN_00317920,0x00317920,0x00317968,72
FUN_00317968,0x00317968,0x003179C0,88
FUN_003179c0,0x003179C0,0x00317AE0,288
FUN_00317ae0,0x00317AE0,0x00317B0C,44
FUN_00317b10,0x00317B10,0x00317B80,112
FUN_00317b80,0x00317B80,0x00317C88,264
FUN_00317c88,0x00317C88,0x00317CA8,32
FUN_00317ca8,0x00317CA8,0x00317CBC,20
FUN_00317cc0,0x00317CC0,0x00317D2C,108
FUN_00317d30,0x00317D30,0x00317D84,84
FUN_00317d88,0x00317D88,0x00317E18,144
FUN_00317e18,0x00317E18,0x00317E70,88
FUN_00317e70,0x00317E70,0x00317EA0,48
FUN_00317ea0,0x00317EA0,0x00317EC8,40
FUN_00317ec8,0x00317EC8,0x00317EFC,52
FUN_00317f00,0x00317F00,0x00317F24,36
FUN_00317f28,0x00317F28,0x00317FE0,184
FUN_00317fe0,0x00317FE0,0x00317FFC,28
FUN_00318000,0x00318000,0x0031805C,92
FUN_00318060,0x00318060,0x003180F0,144
FUN_003180f0,0x003180F0,0x00318198,168
FUN_00318198,0x00318198,0x00318304,364
FUN_00318308,0x00318308,0x0031832C,36
FUN_00318330,0x00318330,0x0031836C,60
FUN_00318370,0x00318370,0x00318390,32
FUN_003183b0,0x003183B0,0x00318708,856
FUN_00318708,0x00318708,0x00318A50,840
FUN_00318a50,0x00318A50,0x00318EAC,1116
FUN_00318eb0,0x00318EB0,0x00318EB8,8
FUN_00318ec0,0x00318EC0,0x00318FBC,252
FUN_00318fc8,0x00318FC8,0x003190FC,308
FUN_00319100,0x00319100,0x00319114,20
FUN_00319118,0x00319118,0x00319160,72
FUN_00319160,0x00319160,0x00319234,212
FUN_00319238,0x00319238,0x00319838,1536
FUN_00319858,0x00319858,0x00319A58,512
FUN_00319a58,0x00319A58,0x00319B88,304
FUN_00319b88,0x00319B88,0x0031A328,1952
FUN_0031a328,0x0031A328,0x0031A37C,84
FUN_0031a380,0x0031A380,0x0031A3A0,32
FUN_0031a3a0,0x0031A3A0,0x0031A3C0,32
FUN_0031a3c0,0x0031A3C0,0x0031A3E8,40
FUN_0031a3e8,0x0031A3E8,0x0031A578,400
FUN_0031a578,0x0031A578,0x0031A678,256
FUN_0031a680,0x0031A680,0x0031A6A0,32
FUN_0031a6a0,0x0031A6A0,0x0031A6BC,28
FUN_0031a6c0,0x0031A6C0,0x0031A6DC,28
FUN_0031a6e0,0x0031A6E0,0x0031A6E8,8
FUN_0031a6e8,0x0031A6E8,0x0031A71C,52
FUN_0031a728,0x0031A728,0x0031A730,8
FUN_0031a730,0x0031A730,0x0031A73C,12
FUN_0031a740,0x0031A740,0x0031A788,72
FUN_0031a788,0x0031A788,0x0031A7A4,28
FUN_0031a7b0,0x0031A7B0,0x0031A888,216
FUN_0031a888,0x0031A888,0x0031A8D0,72
FUN_0031a8d0,0x0031A8D0,0x0031A960,144
FUN_0031a960,0x0031A960,0x0031AB5C,508
FUN_0031ab68,0x0031AB68,0x0031ABA0,56
FUN_0031ac00,0x0031AC00,0x0031AC50,80
FUN_0031ac50,0x0031AC50,0x0031AD80,304
FUN_0031ad80,0x0031AD80,0x0031ADB4,52
FUN_0031adb8,0x0031ADB8,0x0031AE0C,84
FUN_0031ae18,0x0031AE18,0x0031AE40,40
FUN_0031ae40,0x0031AE40,0x0031AE94,84
FUN_0031ae98,0x0031AE98,0x0031AEB8,32
FUN_0031aeb8,0x0031AEB8,0x0031AF50,152
FUN_0031af50,0x0031AF50,0x0031AFA4,84
FUN_0031afa8,0x0031AFA8,0x0031B010,104
FUN_0031b010,0x0031B010,0x0031B018,8
FUN_0031b018,0x0031B018,0x0031B4D4,1212
FUN_0031b4d8,0x0031B4D8,0x0031B870,920
FUN_0031b880,0x0031B880,0x0031BA04,388
FUN_0031ba10,0x0031BA10,0x0031BA44,52
FUN_0031ba48,0x0031BA48,0x0031BA88,64
FUN_0031ba88,0x0031BA88,0x0031BAD0,72
FUN_0031bad0,0x0031BAD0,0x0031BB7C,172
FUN_0031bb80,0x0031BB80,0x0031BBE8,104
FUN_0031bbf8,0x0031BBF8,0x0031BCE0,232
FUN_0031bce0,0x0031BCE0,0x0031BD3C,92
FUN_0031bd48,0x0031BD48,0x0031BDDC,148
FUN_0031bde0,0x0031BDE0,0x0031BE14,52
FUN_0031be40,0x0031BE40,0x0031BE48,8
FUN_0031be50,0x0031BE50,0x0031BEA8,88
FUN_0031bea8,0x0031BEA8,0x0031BEC8,32
FUN_0031bed0,0x0031BED0,0x0031BF74,164
FUN_0031bf78,0x0031BF78,0x0031C0F4,380
FUN_0031c0f8,0x0031C0F8,0x0031C2B8,448
FUN_0031c2b8,0x0031C2B8,0x0031C348,144
FUN_0031c348,0x0031C348,0x0031C350,8
FUN_0031c350,0x0031C350,0x0031C358,8
FUN_0031c358,0x0031C358,0x0031C360,8
FUN_0031c360,0x0031C360,0x0031C4F0,400
FUN_0031c4f0,0x0031C4F0,0x0031C4FC,12
FUN_0031c500,0x0031C500,0x0031C508,8
FUN_0031c508,0x0031C508,0x0031C808,768
FUN_0031c808,0x0031C808,0x0031CB48,832
FUN_0031cb48,0x0031CB48,0x0031CBF8,176
FUN_0031cbf8,0x0031CBF8,0x0031CC60,104
FUN_0031cc60,0x0031CC60,0x0031DA88,3624
FUN_0031da88,0x0031DA88,0x0031DAF0,104
FUN_0031daf0,0x0031DAF0,0x0031DC5C,364
FUN_0031dc60,0x0031DC60,0x0031DC74,20
FUN_0031dc78,0x0031DC78,0x0031DCDC,100
FUN_0031dce0,0x0031DCE0,0x0031DCFC,28
FUN_0031dd00,0x0031DD00,0x0031E344,1604
FUN_0031e348,0x0031E348,0x0031E5D4,652
FUN_0031e5d8,0x0031E5D8,0x0031ECF8,1824
FUN_0031ecf8,0x0031ECF8,0x0031EEF0,504
FUN_0031eef0,0x0031EEF0,0x0031F0CC,476
FUN_0031f0e0,0x0031F0E0,0x0031F0E8,8
FUN_0031f0e8,0x0031F0E8,0x0031F450,872
FUN_0031f450,0x0031F450,0x0031F4A0,80
FUN_0031f4a0,0x0031F4A0,0x0031F4B0,16
FUN_0031f4b0,0x0031F4B0,0x0031F4C0,16
FUN_0031f4c0,0x0031F4C0,0x0031F4D0,16
FUN_0031f4d0,0x0031F4D0,0x0031F53C,108
FUN_0031f548,0x0031F548,0x0031F588,64
FUN_0031f588,0x0031F588,0x0031F590,8
FUN_0031f590,0x0031F590,0x0031F598,8
FUN_0031f598,0x0031F598,0x0031F5A0,8
FUN_0031f5a0,0x0031F5A0,0x0031F5A8,8
FUN_0031f5a8,0x0031F5A8,0x0031F5B0,8
FUN_0031f5b0,0x0031F5B0,0x0031F5B8,8
FUN_0031f5b8,0x0031F5B8,0x0031F5C0,8
FUN_0031f5c0,0x0031F5C0,0x0031F5C8,8
FUN_0031f5c8,0x0031F5C8,0x0031F5D0,8
FUN_0031f5d0,0x0031F5D0,0x0031F610,64
FUN_0031f610,0x0031F610,0x0031F624,20
FUN_0031f628,0x0031F628,0x0031F630,8
FUN_0031f630,0x0031F630,0x0031F638,8
FUN_0031f638,0x0031F638,0x0031F640,8
FUN_0031f640,0x0031F640,0x0031F648,8
FUN_0031f648,0x0031F648,0x0031F650,8
FUN_0031f650,0x0031F650,0x0031F658,8
FUN_0031f658,0x0031F658,0x0031FEC8,2160
FUN_0031fec8,0x0031FEC8,0x0031FFD0,264
FUN_0031ffd0,0x0031FFD0,0x003201CC,508
FUN_003201d0,0x003201D0,0x00320514,836
FUN_00320518,0x00320518,0x003208EC,980
FUN_003208f0,0x003208F0,0x00320BB0,704
FUN_00320bb0,0x00320BB0,0x00320DE4,564
FUN_00320de8,0x00320DE8,0x00321104,796
FUN_00321108,0x00321108,0x003216DC,1492
FUN_003216e0,0x003216E0,0x00321934,596
FUN_00321938,0x00321938,0x00321BBC,644
FUN_00321bc0,0x00321BC0,0x00321ED8,792
FUN_00321ed8,0x00321ED8,0x00322380,1192
FUN_00322380,0x00322380,0x00322848,1224
FUN_00322848,0x00322848,0x0032293C,244
FUN_00322940,0x00322940,0x00322ADC,412
FUN_00322ae0,0x00322AE0,0x00322DE8,776
FUN_00322de8,0x00322DE8,0x003231E8,1024
FUN_003231e8,0x003231E8,0x003231F8,16
FUN_003231f8,0x003231F8,0x003241C8,4048
FUN_003241c8,0x003241C8,0x0032455C,916
FUN_00324568,0x00324568,0x00324A20,1208
FUN_00324a20,0x00324A20,0x00324AEC,204
FUN_00324af0,0x00324AF0,0x00324B10,32
FUN_00324b30,0x00324B30,0x00324BF8,200
FUN_00324bf8,0x00324BF8,0x00324C20,40
FUN_00324c30,0x00324C30,0x00324C80,80
FUN_00324c80,0x00324C80,0x00324C9C,28
FUN_00324ca0,0x00324CA0,0x00324DDC,316
FUN_00324de0,0x00324DE0,0x00324E18,56
FUN_00324e18,0x00324E18,0x00324E38,32
FUN_00324e38,0x00324E38,0x00324E58,32
FUN_00324e58,0x00324E58,0x00324EC4,108
FUN_00324ec8,0x00324EC8,0x00324EE8,32
FUN_00324ee8,0x00324EE8,0x0032512C,580
FUN_00325130,0x00325130,0x003251A8,120
FUN_003251a8,0x003251A8,0x00325EB8,3340
FUN_00325eb8,0x00325EB8,0x00326FF8,4416
FUN_00326ff8,0x00326FF8,0x003271B4,444
FUN_003271b8,0x003271B8,0x003273C8,528
FUN_003273c8,0x003273C8,0x00327658,656
FUN_00327658,0x00327658,0x00327920,712
FUN_00327920,0x00327920,0x00327BA4,644
FUN_00327ba8,0x00327BA8,0x00327F78,976
FUN_00327f78,0x00327F78,0x003283E0,1128
FUN_003283e0,0x003283E0,0x00328454,116
FUN_00328458,0x00328458,0x00328484,44
FUN_00328488,0x00328488,0x003284E0,88
FUN_003284e0,0x003284E0,0x003285AC,204
FUN_003285b0,0x003285B0,0x00328690,224
FUN_00328690,0x00328690,0x00328720,144
FUN_00328720,0x00328720,0x003287DC,188
FUN_003287e0,0x003287E0,0x003288D8,248
FUN_003288d8,0x003288D8,0x00328948,112
FUN_00328948,0x00328948,0x003289AC,100
FUN_003289b8,0x003289B8,0x003289D0,24
FUN_00328b58,0x00328B58,0x00328B98,64
FUN_00328b98,0x00328B98,0x00328BA0,8
FUN_00328ba0,0x00328BA0,0x00328BA8,8
FUN_00328ba8,0x00328BA8,0x00328BB0,8
FUN_00328bb0,0x00328BB0,0x00328BB8,8
FUN_00328bb8,0x00328BB8,0x00328BC0,8
FUN_00328bd0,0x00328BD0,0x00328BD8,8
FUN_00328bd8,0x00328BD8,0x00328C00,40
FUN_00328c00,0x00328C00,0x00328C08,8
FUN_00328c28,0x00328C28,0x00328EB8,656
FUN_00328eb8,0x00328EB8,0x00328ED8,32
FUN_00329048,0x00329048,0x003291C4,380
FUN_003291c8,0x003291C8,0x00329398,464
FUN_00329398,0x00329398,0x0032950C,372
FUN_00329510,0x00329510,0x00329634,292
FUN_00329638,0x00329638,0x00329720,232
FUN_00329720,0x00329720,0x00329808,232
FUN_00329810,0x00329810,0x00329848,56
FUN_00329848,0x00329848,0x003298E8,160
FUN_003298e8,0x003298E8,0x00329988,160
FUN_00329988,0x00329988,0x00329990,8
FUN_00329990,0x00329990,0x00329A00,112
FUN_00329a00,0x00329A00,0x00329A20,32
FUN_00329a20,0x00329A20,0x00329AB0,144
FUN_00329ab8,0x00329AB8,0x00329DDC,804
FUN_00329de0,0x00329DE0,0x00329E08,40
FUN_00329e08,0x00329E08,0x00329E28,32
FUN_00329e28,0x00329E28,0x00329E48,32
FUN_00329e48,0x00329E48,0x00329E90,72
FUN_00329e90,0x00329E90,0x00329E98,8
FUN_00329e98,0x00329E98,0x0032A21C,900
FUN_0032a220,0x0032A220,0x0032A30C,236
FUN_0032a310,0x0032A310,0x0032A464,340
FUN_0032a468,0x0032A468,0x0032AC58,2032
FUN_0032ac58,0x0032AC58,0x0032ACFC,164
FUN_0032ad00,0x0032AD00,0x0032B0E4,996
FUN_0032b0e8,0x0032B0E8,0x0032B200,280
FUN_0032b200,0x0032B200,0x0032B2A8,168
FUN_0032b2a8,0x0032B2A8,0x0032B300,88
FUN_0032b300,0x0032B300,0x0032B33C,60
FUN_0032b340,0x0032B340,0x0032B400,192
FUN_0032b400,0x0032B400,0x0032B494,148
FUN_0032b498,0x0032B498,0x0032B548,176
FUN_0032b548,0x0032B548,0x0032BD60,2072
FUN_0032bd60,0x0032BD60,0x0032BE6C,268
FUN_0032be70,0x0032BE70,0x0032C308,1176
FUN_0032c310,0x0032C310,0x0032C390,128
FUN_0032c390,0x0032C390,0x0032C454,196
FUN_0032c458,0x0032C458,0x0032C474,28
FUN_0032c478,0x0032C478,0x0032C4B8,64
FUN_0032c4b8,0x0032C4B8,0x0032C534,124
FUN_0032c538,0x0032C538,0x0032C618,224
vcs_Opcode0436_IsCharFighting,0x0032C618,0x0032C6F4,220
FUN_0032c6f8,0x0032C6F8,0x0032C850,344
FUN_0032c850,0x0032C850,0x0032C9A8,344
FUN_0032c9a8,0x0032C9A8,0x0032C9DC,52
FUN_0032c9e0,0x0032C9E0,0x0032CA70,144
FUN_0032ca70,0x0032CA70,0x0032CC1C,428
FUN_0032cc20,0x0032CC20,0x0032CC74,84
FUN_0032cc78,0x0032CC78,0x0032CDDC,356
FUN_0032cde8,0x0032CDE8,0x0032CEA4,188
FUN_0032ceb8,0x0032CEB8,0x0032CEE4,44
FUN_0032cee8,0x0032CEE8,0x0032CEF4,12
FUN_0032cf00,0x0032CF00,0x0032CF40,64
FUN_0032cf40,0x0032CF40,0x0032D434,1268
FUN_0032d438,0x0032D438,0x0032D660,552
FUN_0032d660,0x0032D660,0x0032D9A8,840
FUN_0032d9a8,0x0032D9A8,0x0032DA5C,180
FUN_0032da60,0x0032DA60,0x0032E564,2820
FUN_0032e568,0x0032E568,0x0032E58C,36
FUN_0032e5b0,0x0032E5B0,0x0032E5F0,64
FUN_0032e620,0x0032E620,0x0032E64C,44
FUN_0032e694,0x0032E694,0x0032E6B0,28
FUN_0032e6b0,0x0032E6B0,0x0032E6CC,28
FUN_0032e6cc,0x0032E6CC,0x0032E6E8,28
FUN_0032e6e8,0x0032E6E8,0x0032E710,40
FUN_0032e710,0x0032E710,0x0032E72C,28
FUN_0032e72c,0x0032E72C,0x0032E740,20
FUN_0032e740,0x0032E740,0x0032E754,20
FUN_0032e758,0x0032E758,0x0032E7B4,92
FUN_0032e7b8,0x0032E7B8,0x0032E80C,84
FUN_0032e818,0x0032E818,0x0032E840,40
FUN_0032e840,0x0032E840,0x0032E894,84
FUN_0032e898,0x0032E898,0x0032E930,152
FUN_0032e930,0x0032E930,0x0032F68C,3420
FUN_0032f690,0x0032F690,0x0032F6E4,84
FUN_0032f6e8,0x0032F6E8,0x0032F708,32
FUN_0032f708,0x0032F708,0x0032F744,60
FUN_0032f748,0x0032F748,0x0032F780,56
FUN_0032f780,0x0032F780,0x0032F87C,252
FUN_0032f880,0x0032F880,0x0032F914,148
FUN_0032f918,0x0032F918,0x0032FF54,1596
FUN_0032ff58,0x0032FF58,0x00330364,1036
FUN_00330368,0x00330368,0x00330A24,1724
FUN_00330a28,0x00330A28,0x00330A74,76
FUN_00330a78,0x00330A78,0x00330B14,156
FUN_00330b18,0x00330B18,0x00330C14,252
FUN_00330c18,0x00330C18,0x00330CF8,224
FUN_00330cf8,0x00330CF8,0x00330D34,60
FUN_00330d38,0x00330D38,0x00330D94,92
FUN_00330d98,0x00330D98,0x00330F60,452
FUN_00330f60,0x00330F60,0x003310C8,360
FUN_003310c8,0x003310C8,0x00331164,156
FUN_00331168,0x00331168,0x0033128C,292
FUN_00331290,0x00331290,0x00331340,176
FUN_00331340,0x00331340,0x003315A4,612
FUN_003315a8,0x003315A8,0x00331770,456
FUN_00331770,0x00331770,0x003317D4,100
FUN_003317d8,0x003317D8,0x0033183C,100
FUN_00331840,0x00331840,0x00331890,80
FUN_00331890,0x00331890,0x003318B0,32
FUN_00332348,0x00332348,0x00332398,80
FUN_003323d0,0x003323D0,0x003327CC,1020
FUN_003327d0,0x003327D0,0x00332824,84
FUN_00332828,0x00332828,0x00332830,8
FUN_00332830,0x00332830,0x00332948,280
FUN_00332948,0x00332948,0x0033299C,84
FUN_003329a0,0x003329A0,0x003329D0,48
FUN_003329d0,0x003329D0,0x00332A08,56
FUN_00332a08,0x00332A08,0x00332A18,16
FUN_00332a20,0x00332A20,0x00332A9C,124
FUN_00332aa0,0x00332AA0,0x00332AA8,8
FUN_00332aa8,0x00332AA8,0x00332C90,488
FUN_00332c90,0x00332C90,0x00332CBC,44
FUN_00332cc0,0x00332CC0,0x00332D14,84
FUN_00332d18,0x00332D18,0x00332D38,32
FUN_00332d38,0x00332D38,0x00332FE4,684
FUN_00332fe8,0x00332FE8,0x00333044,92
FUN_00333048,0x00333048,0x00333108,192
FUN_00333108,0x00333108,0x0033313C,52
FUN_00333140,0x00333140,0x00333180,64
FUN_00333180,0x00333180,0x003331A0,32
FUN_003331a8,0x003331A8,0x003331FC,84
FUN_00333200,0x00333200,0x00333220,32
FUN_00333220,0x00333220,0x00333368,328
FUN_00333368,0x00333368,0x003333C4,92
FUN_003333d0,0x003333D0,0x003338F0,1312
FUN_003338f0,0x003338F0,0x00333EC8,1496
FUN_00333ec8,0x00333EC8,0x00333EF4,44
FUN_00333ef8,0x00333EF8,0x00333F24,44
FUN_00333f28,0x00333F28,0x00333F54,44
FUN_00333f60,0x00333F60,0x00333FAC,76
FUN_00333fb0,0x00333FB0,0x00334020,112
FUN_00334050,0x00334050,0x0033407C,44
FUN_00334180,0x00334180,0x003341C4,68
FUN_003341d0,0x003341D0,0x003341FC,44
FUN_00334200,0x00334200,0x0033422C,44
FUN_00334230,0x00334230,0x0033425C,44
FUN_00334260,0x00334260,0x0033428C,44
FUN_00334290,0x00334290,0x003342BC,44
FUN_003342d8,0x003342D8,0x0033439C,196
FUN_003343a0,0x003343A0,0x003343E0,64
FUN_003343e0,0x003343E0,0x00334444,100
FUN_00334448,0x00334448,0x003344B8,112
FUN_003344b8,0x003344B8,0x00334550,148
FUN_00334550,0x00334550,0x003345C4,116
FUN_003345c8,0x003345C8,0x00334668,160
FUN_00334668,0x00334668,0x003346A8,64
FUN_003346a8,0x003346A8,0x00334714,108
FUN_00334718,0x00334718,0x00334814,252
FUN_00334818,0x00334818,0x003349BC,420
FUN_003349c0,0x003349C0,0x00334AAC,236
FUN_00334ab0,0x00334AB0,0x00334C8C,476
FUN_00334c90,0x00334C90,0x00334D34,164
FUN_00334d38,0x00334D38,0x00334E00,200
FUN_00334e00,0x00334E00,0x00334EE0,224
FUN_00334ee0,0x00334EE0,0x00334FB8,216
FUN_00334fb8,0x00334FB8,0x0033504C,148
FUN_00335050,0x00335050,0x00335148,248
FUN_00335148,0x00335148,0x00335238,240
FUN_00335238,0x00335238,0x0033530C,212
FUN_00335310,0x00335310,0x003353D8,200
FUN_003353d8,0x003353D8,0x00335478,160
FUN_00335478,0x00335478,0x00335C00,1928
FUN_00335c00,0x00335C00,0x00335C8C,140
FUN_00335c90,0x00335C90,0x00335CBC,44
FUN_00335cc0,0x00335CC0,0x00335D04,68
FUN_00335d08,0x00335D08,0x003362DC,1492
FUN_003362e0,0x003362E0,0x00336348,104
FUN_00336360,0x00336360,0x00336628,712
FUN_00336e80,0x00336E80,0x00336E98,24
FUN_00336e98,0x00336E98,0x003373E8,1360
FUN_003373e8,0x003373E8,0x0033D564,24952
FUN_0033d568,0x0033D568,0x0033D728,448
FUN_0033d728,0x0033D728,0x0033D780,88
FUN_0033d780,0x0033D780,0x0033DE7C,1788
FUN_0033de80,0x0033DE80,0x0033E414,1428
FUN_0033e418,0x0033E418,0x0033F1EC,3540
FUN_0033f1f0,0x0033F1F0,0x0034410C,20252
FUN_00344110,0x00344110,0x00344184,116
FUN_00344188,0x00344188,0x00344540,952
FUN_00344540,0x00344540,0x00344A20,1248
FUN_00344cd8,0x00344CD8,0x00344F08,560
FUN_00344f08,0x00344F08,0x00345258,848
FUN_00345258,0x00345258,0x00345260,8
FUN_00345260,0x00345260,0x003452B0,80
FUN_003452b0,0x003452B0,0x00345384,212
FUN_00345388,0x00345388,0x003453D8,80
FUN_003453e0,0x003453E0,0x00345A08,1576
FUN_00345a08,0x00345A08,0x00345FE4,1500
FUN_00345fe8,0x00345FE8,0x00346860,2168
FUN_00346860,0x00346860,0x0034695C,252
FUN_00346960,0x00346960,0x00346A78,280
FUN_00346a78,0x00346A78,0x00346AB8,64
FUN_00346ab8,0x00346AB8,0x00346AD0,24
FUN_00346ad0,0x00346AD0,0x00346AE8,24
FUN_00346ae8,0x00346AE8,0x00346B5C,116
FUN_00346b60,0x00346B60,0x00346BB0,80
FUN_00346bb0,0x00346BB0,0x00346BD0,32
GetCurrentLookupOwner,0x00346BD0,0x00346BDC,12
SetCurrentLookupOwner,0x00346BE0,0x00346BF0,16
FUN_00346bf0,0x00346BF0,0x00346C60,112
FindLinkedListEntryByCaseInsensitiveKey,0x00346C60,0x00346CDC,124
FUN_00346ce0,0x00346CE0,0x00346D5C,124
FUN_00346d60,0x00346D60,0x00346E60,256
FindLinkedListEntryAndAddRef,0x00346E60,0x00346E9C,60
FUN_00346ea0,0x00346EA0,0x00346EC8,40
FUN_00346ec8,0x00346EC8,0x00346EE8,32
FUN_00346ee8,0x00346EE8,0x003472D0,1000
FUN_003472d0,0x003472D0,0x003473B4,228
FUN_003473b8,0x003473B8,0x00347528,368
FUN_00347528,0x00347528,0x0034783C,788
FUN_00347840,0x00347840,0x0034791C,220
FUN_00347920,0x00347920,0x00347E08,1256
FUN_00347e08,0x00347E08,0x00347E80,120
FUN_00347e80,0x00347E80,0x00347F00,128
FUN_00347f00,0x00347F00,0x00348054,340
FUN_00348058,0x00348058,0x00348274,540
FUN_00348278,0x00348278,0x00348308,144
FUN_00348308,0x00348308,0x00348718,1040
FUN_00348718,0x00348718,0x00348804,236
FUN_00348808,0x00348808,0x00348970,360
FUN_00348970,0x00348970,0x003489E4,116
FUN_003489e8,0x003489E8,0x00348B64,380
FUN_00348b68,0x00348B68,0x00348F20,952
FUN_00348f20,0x00348F20,0x0034A3FC,5340
FUN_0034a400,0x0034A400,0x0034A494,148
FUN_0034a498,0x0034A498,0x0034A52C,148
FUN_0034a530,0x0034A530,0x0034AAC4,1428
FUN_0034aac8,0x0034AAC8,0x0034AB10,72
FUN_0034ab10,0x0034AB10,0x0034AC34,292
FUN_0034ac38,0x0034AC38,0x0034AC90,88
FUN_0034ae50,0x0034AE50,0x0034B304,1204
FUN_0034b308,0x0034B308,0x0034D84C,9540
FUN_0034d850,0x0034D850,0x0034E2C4,2676
FUN_0034e2c8,0x0034E2C8,0x0034E3B4,236
FUN_0034e3b8,0x0034E3B8,0x0034E528,368
FUN_0034e528,0x0034E528,0x0034E950,1064
FUN_0034e950,0x0034E950,0x0034EDF4,1188
FUN_0034edf8,0x0034EDF8,0x0034FD98,4000
FUN_0034fd98,0x0034FD98,0x0034FF3C,420
FUN_0034ff40,0x0034FF40,0x003539C0,14976
FUN_003539c0,0x003539C0,0x00354FB8,5624
FUN_00354fb8,0x00354FB8,0x00355F04,3916
FUN_00355f08,0x00355F08,0x00356048,320
FUN_00356048,0x00356048,0x003560EC,164
FUN_003560f0,0x003560F0,0x003563A0,688
FUN_003563a0,0x003563A0,0x00356468,200
FUN_00356468,0x00356468,0x0035649C,52
FUN_003564a0,0x003564A0,0x003564C8,40
FUN_003564c8,0x003564C8,0x003565AC,228
FUN_003565b0,0x003565B0,0x00356620,112
FUN_00356628,0x00356628,0x003569E8,960
FUN_003569e8,0x003569E8,0x00356AA4,188
FUN_00356aa8,0x00356AA8,0x003575C4,2844
FUN_003575c8,0x003575C8,0x00357838,624
FUN_00357838,0x00357838,0x003579F8,448
FUN_003579f8,0x003579F8,0x00357AC0,200
FUN_00357ac0,0x00357AC0,0x00357F6C,1196
FUN_00357f70,0x00357F70,0x003582EC,892
FUN_003582f0,0x003582F0,0x00358534,580
FUN_00358538,0x00358538,0x00358808,720
FUN_00358808,0x00358808,0x00358B8C,900
FUN_00358b90,0x00358B90,0x00358EF8,872
FUN_00358ef8,0x00358EF8,0x003591C4,716
FUN_003591c8,0x003591C8,0x00359284,188
FUN_00359288,0x00359288,0x00359308,128
FUN_00359308,0x00359308,0x00359560,600
FUN_00359560,0x00359560,0x0035962C,204
FUN_00359630,0x00359630,0x003598BC,648
FUN_003598c0,0x003598C0,0x00359960,160
FUN_00359988,0x00359988,0x003599AC,36
FUN_003599b0,0x003599B0,0x00359BDC,556
FUN_00359be0,0x00359BE0,0x00359BE8,8
FUN_00359be8,0x00359BE8,0x00359D0C,292
FUN_00359d18,0x00359D18,0x00359D80,104
FUN_00359d80,0x00359D80,0x00359DA0,32
FUN_00359da0,0x00359DA0,0x00359EE4,324
FUN_00359ee8,0x00359EE8,0x0035A534,1612
FUN_0035a538,0x0035A538,0x0035ADB0,2168
FUN_0035adb8,0x0035ADB8,0x0035B028,624
FUN_0035b028,0x0035B028,0x0035B098,112
FUN_0035b098,0x0035B098,0x0035B218,384
FUN_0035b218,0x0035B218,0x0035B278,96
FUN_0035b278,0x0035B278,0x0035B2B8,64
FUN_0035b2b8,0x0035B2B8,0x0035B328,112
FUN_0035b328,0x0035B328,0x0035B398,112
FUN_0035b398,0x0035B398,0x0035B4F0,344
FUN_0035b4f0,0x0035B4F0,0x0035B560,112
FUN_0035b560,0x0035B560,0x0035B678,280
FUN_0035b678,0x0035B678,0x0035B790,280
FUN_0035b790,0x0035B790,0x0035B8A8,280
FUN_0035b8a8,0x0035B8A8,0x0035BA20,376
FUN_0035ba20,0x0035BA20,0x0035BA90,112
FUN_0035ba90,0x0035BA90,0x0035BC0C,380
FUN_0035bc10,0x0035BC10,0x0035BD8C,380
FUN_0035bd90,0x0035BD90,0x0035BF0C,380
FUN_0035bf10,0x0035BF10,0x0035C050,320
FUN_0035c050,0x0035C050,0x0035C1CC,380
FUN_0035c1d0,0x0035C1D0,0x0035C238,104
FUN_0035c238,0x0035C238,0x0035C2A4,108
FUN_0035c2a8,0x0035C2A8,0x0035C2D4,44
FUN_0035c2d8,0x0035C2D8,0x0035C4A4,460
FUN_0035c4a8,0x0035C4A8,0x0035C4E8,64
FUN_0035c4f0,0x0035C4F0,0x0035C554,100
FUN_0035c558,0x0035C558,0x0035C694,316
FUN_0035c698,0x0035C698,0x0035C7F4,348
FUN_0035c7f8,0x0035C7F8,0x0035C8EC,244
FUN_0035c8f0,0x0035C8F0,0x0035C928,56
FUN_0035c928,0x0035C928,0x0035CACC,420
FUN_0035cad0,0x0035CAD0,0x0035CBBC,236
FUN_0035cbc0,0x0035CBC0,0x0035CF58,920
FUN_0035cf58,0x0035CF58,0x0035CF74,28
FUN_0035cf78,0x0035CF78,0x0035D298,800
FUN_0035d2b0,0x0035D2B0,0x0035D4E4,564
FUN_0035d4e8,0x0035D4E8,0x0035D73C,596
FUN_0035d740,0x0035D740,0x0035D7C8,136
FUN_0035d7c8,0x0035D7C8,0x0035D7EC,36
FUN_0035d7f0,0x0035D7F0,0x0035DB0C,796
FUN_0035db10,0x0035DB10,0x0035DC1C,268
FUN_0035dc20,0x0035DC20,0x0035DC54,52
FUN_0035dc58,0x0035DC58,0x0035DCF8,160
FUN_0035dcf8,0x0035DCF8,0x0035DD28,48
FUN_0035dd28,0x0035DD28,0x0035DD78,80
FUN_0035dd78,0x0035DD78,0x0035DE40,200
FUN_0035de40,0x0035DE40,0x0035DE6C,44
FUN_0035de70,0x0035DE70,0x0035DF38,200
FUN_0035df38,0x0035DF38,0x0035DF64,44
FUN_0035df68,0x0035DF68,0x0035E030,200
FUN_0035e030,0x0035E030,0x0035E05C,44
FUN_0035e060,0x0035E060,0x0035E084,36
FUN_0035e088,0x0035E088,0x0035E770,1768
FUN_0035e770,0x0035E770,0x0035E800,144
FUN_0035e800,0x0035E800,0x0035F1B0,2480
FUN_0035f1b8,0x0035F1B8,0x0035FAF0,2360
FUN_0035faf0,0x0035FAF0,0x0035FCC4,468
FUN_0035fcc8,0x0035FCC8,0x003600B0,1000
FUN_003600b0,0x003600B0,0x003604D4,1060
FUN_003604d8,0x003604D8,0x003607E0,776
FUN_003607e0,0x003607E0,0x003608A8,200
FUN_003608a8,0x003608A8,0x00361038,1936
FUN_00361038,0x00361038,0x00361058,32
FUN_00361058,0x00361058,0x00361078,32
FUN_00361078,0x00361078,0x003616A4,1580
FUN_003616a8,0x003616A8,0x00361950,680
FUN_00361950,0x00361950,0x00361958,8
FUN_00361a40,0x00361A40,0x00361B44,260
vcs_Opcode0474_IsPagerOn,0x00361B48,0x00361C08,192
FUN_00361c08,0x00361C08,0x00361C2C,36
FUN_00361c30,0x00361C30,0x00361C78,72
FUN_00361c78,0x00361C78,0x00361D20,168
FUN_00361d20,0x00361D20,0x00361D9C,124
FUN_00361da0,0x00361DA0,0x00361F10,368
FUN_00361f10,0x00361F10,0x00361FC4,180
FUN_00361fc8,0x00361FC8,0x0036202C,100
FUN_00362030,0x00362030,0x003623CC,924
FUN_003623d8,0x003623D8,0x00363AB8,5856
FUN_00363ab8,0x00363AB8,0x0036416C,1716
FUN_00364170,0x00364170,0x003644F4,900
FUN_003644f8,0x003644F8,0x00364540,72
FUN_00364540,0x00364540,0x0036455C,28
FUN_00364560,0x00364560,0x00364630,208
FUN_00364630,0x00364630,0x003646B8,136
FUN_003646b8,0x003646B8,0x0036483C,388
FUN_00364840,0x00364840,0x003648E0,160
FUN_003648e0,0x003648E0,0x003649C0,224
FUN_003649c0,0x003649C0,0x00364B38,376
FUN_00364b38,0x00364B38,0x00364C54,284
FUN_00364c58,0x00364C58,0x00364D10,184
FUN_00364d10,0x00364D10,0x00365008,760
FUN_00365008,0x00365008,0x00365244,572
FUN_00365248,0x00365248,0x0036573C,1268
FUN_00365740,0x00365740,0x00365938,504
FUN_00365938,0x00365938,0x0036599C,100
FUN_003659a0,0x003659A0,0x003659C0,32
FUN_003659e0,0x003659E0,0x00365A08,40
FUN_00365a08,0x00365A08,0x00365A34,44
FUN_00365a38,0x00365A38,0x00365A6C,52
FUN_00365a78,0x00365A78,0x00365B88,272
FUN_00365b88,0x00365B88,0x00365BAC,36
FUN_00365bb0,0x00365BB0,0x00365BD8,40
FUN_00365bd8,0x00365BD8,0x00365C00,40
FUN_00365c00,0x00365C00,0x00365C40,64
FUN_00365c40,0x00365C40,0x00365C78,56
FUN_00365c80,0x00365C80,0x00365CF4,116
FUN_00365cf8,0x00365CF8,0x00365D20,40
FUN_00365d30,0x00365D30,0x00365D90,96
FUN_00365d90,0x00365D90,0x00365DB0,32
FUN_00365db0,0x00365DB0,0x00365DC8,24
FUN_00365dc8,0x00365DC8,0x00365DD0,8
FUN_00365dd0,0x00365DD0,0x00365E00,48
FUN_00365e00,0x00365E00,0x00365E44,68
FUN_00365e48,0x00365E48,0x00365E90,72
FUN_00365e90,0x00365E90,0x00365EB4,36
FUN_00365f00,0x00365F00,0x00365F4C,76
FUN_00365f50,0x00365F50,0x00365FC8,120
FUN_00365fc8,0x00365FC8,0x00366004,60
vcs_Opcode0109_ForceWeatherNow,0x00366008,0x00366044,60
FUN_00366048,0x00366048,0x00366068,32
FUN_00366068,0x00366068,0x00366088,32
FUN_00366088,0x00366088,0x003660A8,32
FUN_003660a8,0x003660A8,0x003660C8,32
FUN_003660c8,0x003660C8,0x003660E8,32
FUN_003660e8,0x003660E8,0x0036611C,52
FUN_00366120,0x00366120,0x00366184,100
FUN_003661e8,0x003661E8,0x00366238,80
FUN_00366238,0x00366238,0x00366290,88
FUN_00366298,0x00366298,0x00366354,188
FUN_00366358,0x00366358,0x00366420,200
FUN_00366420,0x00366420,0x003664FC,220
FUN_00366508,0x00366508,0x00366590,136
FUN_00366590,0x00366590,0x003665E0,80
FUN_003665e0,0x003665E0,0x00366600,32
FUN_00366608,0x00366608,0x0036665C,84
vcs_CKeyGen_GetUppercaseKey,0x00366660,0x003666D8,120
FUN_00366858,0x00366858,0x00366924,204
FUN_00366928,0x00366928,0x00366990,104
vcs_Opcode022B_PlayMissionPassedTune,0x00366990,0x003669FC,108
FUN_00366a00,0x00366A00,0x00366A58,88
FUN_00366a58,0x00366A58,0x00366AE8,144
FUN_00366ae8,0x00366AE8,0x00366BC0,216
FUN_00366bc0,0x00366BC0,0x00366C8C,204
vcs_Opcode0259_PlayMissionAudio,0x00366C90,0x00366CE8,88
FUN_00366ce8,0x00366CE8,0x00366DB0,200
FUN_00366db0,0x00366DB0,0x00366E0C,92
FUN_00366e10,0x00366E10,0x00366E80,112
FUN_00366e80,0x00366E80,0x00366EC4,68
FUN_00366ec8,0x00366EC8,0x00366F1C,84
FUN_00366f20,0x00366F20,0x00366F68,72
FUN_00366f68,0x00366F68,0x00366FA4,60
FUN_00366fb0,0x00366FB0,0x00366FFC,76
FUN_00367000,0x00367000,0x003670C8,200
FUN_003670c8,0x003670C8,0x00367110,72
FUN_00367110,0x00367110,0x00367158,72
FUN_00367158,0x00367158,0x0036719C,68
FUN_003671a0,0x003671A0,0x00367210,112
FUN_00367210,0x00367210,0x00367278,104
FUN_00367280,0x00367280,0x003672C4,68
FUN_003672c8,0x003672C8,0x0036730C,68
FUN_00367310,0x00367310,0x0036737C,108
FUN_00367380,0x00367380,0x003673D4,84
FUN_003673d8,0x003673D8,0x00367464,140
FUN_00367468,0x00367468,0x003674AC,68
FUN_003674b0,0x003674B0,0x00367520,112
FUN_00367520,0x00367520,0x003675CC,172
FUN_003675d8,0x003675D8,0x0036762C,84
FUN_00367630,0x00367630,0x003676F4,196
FUN_00367708,0x00367708,0x00367798,144
FUN_003677a0,0x003677A0,0x003678F0,336
FUN_003678f0,0x003678F0,0x00367A60,368
FUN_00367a60,0x00367A60,0x00367BB8,344
FUN_00367bb8,0x00367BB8,0x00367CA4,236
FUN_00367ca8,0x00367CA8,0x00367D90,232
FUN_00367d90,0x00367D90,0x00367E78,232
FUN_00367e78,0x00367E78,0x00367F88,272
FUN_00367f88,0x00367F88,0x00367FDC,84
FUN_00367fe0,0x00367FE0,0x00368044,100
FUN_00368048,0x00368048,0x00368108,192
FUN_00368108,0x00368108,0x00368198,144
FUN_00368198,0x00368198,0x003682D4,316
FUN_003682d8,0x003682D8,0x00368338,96
FUN_00368338,0x00368338,0x00368398,96
FUN_00368398,0x00368398,0x003683F8,96
FUN_003683f8,0x003683F8,0x00368410,24
FUN_00368410,0x00368410,0x00368428,24
FUN_00368428,0x00368428,0x00368440,24
FUN_00368440,0x00368440,0x00368850,1040
FUN_00368858,0x00368858,0x003688F8,160
FUN_00369290,0x00369290,0x003692C0,48
FUN_003692c0,0x003692C0,0x00369358,152
FUN_00369358,0x00369358,0x00369438,224
FUN_00369438,0x00369438,0x003694D0,152
FUN_003694d0,0x003694D0,0x00369550,128
FUN_00369550,0x00369550,0x00369580,48
FUN_00369580,0x00369580,0x003695DC,92
FUN_003695e0,0x003695E0,0x00369610,48
FUN_00369610,0x00369610,0x00369630,32
FUN_00369630,0x00369630,0x00369810,480
FUN_00369810,0x00369810,0x00369B2C,796
FUN_00369b30,0x00369B30,0x00369C60,304
FUN_00369c60,0x00369C60,0x00369DB8,344
FUN_00369db8,0x00369DB8,0x00369F8C,468
FUN_00369f90,0x00369F90,0x0036A0C8,312
FUN_0036a0c8,0x0036A0C8,0x0036A270,424
FUN_0036a270,0x0036A270,0x0036ABB4,2372
FUN_0036abb8,0x0036ABB8,0x0036ABF0,56
FUN_0036abf0,0x0036ABF0,0x0036AC10,32
FUN_0036ac10,0x0036AC10,0x0036AFEC,988
FUN_0036aff0,0x0036AFF0,0x0036B1A4,436
FUN_0036b1b0,0x0036B1B0,0x0036B9C0,2064
FUN_0036b9c0,0x0036B9C0,0x0036C29C,2268
FUN_0036c2a0,0x0036C2A0,0x0036C2BC,28
FUN_0036c2c0,0x0036C2C0,0x0036C2DC,28
FUN_0036c2e0,0x0036C2E0,0x0036C6C4,996
FUN_0036c6c8,0x0036C6C8,0x0036C6D8,16
FUN_0036c6d8,0x0036C6D8,0x0036C734,92
FUN_0036c738,0x0036C738,0x0036C798,96
FUN_0036c798,0x0036C798,0x0036C830,152
FUN_0036c830,0x0036C830,0x0036C874,68
FUN_0036c878,0x0036C878,0x0036C924,172
FUN_0036c928,0x0036C928,0x0036C9D4,172
FUN_0036c9d8,0x0036C9D8,0x0036CA84,172
FUN_0036ca88,0x0036CA88,0x0036CB34,172
FUN_0036cb38,0x0036CB38,0x0036CCD0,408
FUN_0036ccd0,0x0036CCD0,0x0036CE04,308
FUN_0036ce08,0x0036CE08,0x0036CE78,112
FUN_0036ce78,0x0036CE78,0x0036CFD0,344
FUN_0036cfd0,0x0036CFD0,0x0036D078,168
FUN_0036d078,0x0036D078,0x0036D1E4,364
FUN_0036d1e8,0x0036D1E8,0x0036D320,312
FUN_0036d320,0x0036D320,0x0036D4CC,428
FUN_0036d4d0,0x0036D4D0,0x0036D604,308
FUN_0036d608,0x0036D608,0x0036D660,88
FUN_0036d660,0x0036D660,0x0036D6D8,120
FUN_0036d6d8,0x0036D6D8,0x0036D724,76
FUN_0036d728,0x0036D728,0x0036D7C4,156
FUN_0036d7c8,0x0036D7C8,0x0036D81C,84
FUN_0036d820,0x0036D820,0x0036D874,84
FUN_0036d878,0x0036D878,0x0036DA18,416
FUN_0036da18,0x0036DA18,0x0036DBAC,404
FUN_0036dbb0,0x0036DBB0,0x0036DC10,96
FUN_0036dc10,0x0036DC10,0x0036DC54,68
FUN_0036dc58,0x0036DC58,0x0036DC68,16
FUN_0036dc68,0x0036DC68,0x0036DC7C,20
FUN_0036dc80,0x0036DC80,0x0036DC88,8
FUN_0036dc88,0x0036DC88,0x0036DD4C,196
FUN_0036dd60,0x0036DD60,0x0036DDCC,108
FUN_0036ddd8,0x0036DDD8,0x0036DE54,124
FUN_0036dea8,0x0036DEA8,0x0036E034,396
FUN_0036e038,0x0036E038,0x0036E164,300
FUN_0036e2e0,0x0036E2E0,0x0036E3D4,244
FUN_0036e3d8,0x0036E3D8,0x0036E4C8,240
FUN_0036e4c8,0x0036E4C8,0x0036E5F4,300
FUN_0036ed50,0x0036ED50,0x0036EDB4,100
FUN_0036edb8,0x0036EDB8,0x0036EDD8,32
FUN_0036edd8,0x0036EDD8,0x0036EF18,320
FUN_0036ef18,0x0036EF18,0x0036EF20,8
FUN_0036ef40,0x0036EF40,0x0036EF48,8
FUN_0036ef48,0x0036EF48,0x0036EF50,8
FUN_0036ef50,0x0036EF50,0x0036EF70,32
FUN_0036ef70,0x0036EF70,0x0036EF90,32
FUN_0036ef90,0x0036EF90,0x0036EFBC,44
FUN_0036efd0,0x0036EFD0,0x0036F04C,124
FUN_0036f050,0x0036F050,0x0036F0AC,92
FUN_0036f0b0,0x0036F0B0,0x0036F104,84
FUN_0036f118,0x0036F118,0x0036F184,108
FUN_0036f188,0x0036F188,0x0036F280,248
FUN_0036f280,0x0036F280,0x0036F2A0,32
FUN_0036f2a0,0x0036F2A0,0x0036F30C,108
FUN_0036f310,0x0036F310,0x0036F368,88
FUN_0036f368,0x0036F368,0x0036F3A0,56
FUN_0036f3a0,0x0036F3A0,0x0036F3C0,32
FUN_0036f3c0,0x0036F3C0,0x0036F774,948
FUN_0036f778,0x0036F778,0x0036F864,236
FUN_0036f868,0x0036F868,0x0036F8BC,84
FUN_0036f8c0,0x0036F8C0,0x0036FADC,540
FUN_0036fae0,0x0036FAE0,0x0036FD7C,668
FUN_0036fd80,0x0036FD80,0x00370238,1208
FUN_00370238,0x00370238,0x00370340,264
FUN_00370340,0x00370340,0x003704DC,412
FUN_003704e0,0x003704E0,0x00370588,168
FUN_00370588,0x00370588,0x00370598,16
FUN_00370598,0x00370598,0x003705C4,44
FUN_003705d0,0x003705D0,0x0037065C,136
FUN_00370660,0x00370660,0x00370848,488
FUN_00370848,0x00370848,0x003708A4,92
ProgramGsDisplayState,0x003708A8,0x00370CD0,1064
FUN_00370cd0,0x00370CD0,0x00370CEC,28
FUN_00370cf8,0x00370CF8,0x00370D14,28
FUN_00370d18,0x00370D18,0x00370D3C,36
FUN_00370d40,0x00370D40,0x00370D50,16
FUN_00370d50,0x00370D50,0x00370D60,16
FUN_00370d60,0x00370D60,0x00370D70,16
FUN_00370d70,0x00370D70,0x00370D80,16
FUN_00370d80,0x00370D80,0x00370D90,16
FUN_00370d90,0x00370D90,0x00370E14,132
FUN_00370e18,0x00370E18,0x00370E48,48
FUN_00370f90,0x00370F90,0x003710CC,316
FUN_003710d0,0x003710D0,0x00371130,96
FUN_00371130,0x00371130,0x00371190,96
FUN_00371190,0x00371190,0x0037154C,956
FUN_00371550,0x00371550,0x0037190C,956
FUN_00371910,0x00371910,0x00371950,64
FUN_00371960,0x00371960,0x003719C8,104
FUN_003719c8,0x003719C8,0x003719E8,32
FUN_003719e8,0x003719E8,0x00371B18,304
FUN_00371b18,0x00371B18,0x00371C44,300
FUN_00371c48,0x00371C48,0x00371C74,44
FUN_00371c78,0x00371C78,0x0037261C,2468
FUN_00372620,0x00372620,0x0037262C,12
FUN_00372630,0x00372630,0x00376B68,17720
FUN_00376b68,0x00376B68,0x00376C04,156
FUN_00376c08,0x00376C08,0x00376D78,368
FUN_00376d78,0x00376D78,0x00376E1C,164
FUN_00376e20,0x00376E20,0x00376E6C,76
FUN_00376e70,0x00376E70,0x00376E7C,12
FUN_00376e80,0x00376E80,0x00376F70,240
FUN_00376f70,0x00376F70,0x00377074,260
FUN_00377078,0x00377078,0x003770B8,64
FUN_003770b8,0x003770B8,0x003774E8,1072
FUN_003774e8,0x003774E8,0x00377590,168
FUN_00377590,0x00377590,0x003775E0,80
FUN_003775e0,0x003775E0,0x003775E8,8
FUN_003775f0,0x003775F0,0x003775F8,8
FUN_003775f8,0x003775F8,0x00377640,72
FUN_00377640,0x00377640,0x00377648,8
FUN_00377648,0x00377648,0x00377684,60
FUN_00377688,0x00377688,0x003776FC,116
FUN_00377700,0x00377700,0x0037773C,60
FUN_00377740,0x00377740,0x003777A8,104
FUN_003777a8,0x003777A8,0x003777B0,8
FUN_003777b0,0x003777B0,0x00377B14,868
FUN_00377b18,0x00377B18,0x00378F70,100
FUN_00378f70,0x00378F70,0x00378FB8,72
FUN_00378fb8,0x00378FB8,0x0037B4A4,9452
FUN_0037b4a8,0x0037B4A8,0x0037B800,856
FUN_0037b800,0x0037B800,0x0037B954,340
FUN_0037b958,0x0037B958,0x0037BB18,448
FUN_0037bb18,0x0037BB18,0x0037BC94,380
FUN_0037bc98,0x0037BC98,0x0037BE14,380
FUN_0037be18,0x0037BE18,0x0037BFA0,392
FUN_0037bfa0,0x0037BFA0,0x0037C0CC,300
FUN_0037c0d0,0x0037C0D0,0x0037C0F0,32
FUN_0037c0f0,0x0037C0F0,0x0037C110,32
FUN_0037c110,0x0037C110,0x0037C2C8,440
FUN_0037c2c8,0x0037C2C8,0x0037C47C,436
FUN_0037c480,0x0037C480,0x0037C4A8,40
FUN_0037c4a8,0x0037C4A8,0x0037C518,112
FUN_0037c518,0x0037C518,0x0037C588,112
FUN_0037c588,0x0037C588,0x0037C5D8,80
FUN_0037c5d8,0x0037C5D8,0x0037C658,128
FUN_0037c658,0x0037C658,0x0037C668,16
FUN_0037c668,0x0037C668,0x0037C744,220
FUN_0037c748,0x0037C748,0x0037C790,72
FUN_0037c790,0x0037C790,0x0037C7BC,44
FUN_0037c7c0,0x0037C7C0,0x0037C8AC,236
FUN_0037c8b0,0x0037C8B0,0x0037C994,228
FUN_0037c998,0x0037C998,0x0037C9E0,72
FUN_0037c9e0,0x0037C9E0,0x0037CA78,152
FUN_0037ca78,0x0037CA78,0x0037CAC8,80
FUN_0037cac8,0x0037CAC8,0x0037CBA4,220
FUN_0037cba8,0x0037CBA8,0x0037D778,3024
FUN_0037d778,0x0037D778,0x0037D8CC,340
FUN_0037d8d0,0x0037D8D0,0x0037DB08,568
FUN_0037db08,0x0037DB08,0x0037DF80,1144
FUN_0037df80,0x0037DF80,0x0037E088,264
FUN_0037e088,0x0037E088,0x0037E100,120
FUN_0037e100,0x0037E100,0x0037E124,36
FUN_0037e128,0x0037E128,0x0037E378,592
FUN_0037e378,0x0037E378,0x0037E3F0,120
FUN_0037e3f0,0x0037E3F0,0x00381658,176
FUN_00381658,0x00381658,0x00381680,40
FUN_00381680,0x00381680,0x003818D8,600
FUN_003818d8,0x003818D8,0x003819F8,288
FUN_003819f8,0x003819F8,0x00381C8C,660
FUN_00381c90,0x00381C90,0x00381CD0,64
FUN_00381cd0,0x00381CD0,0x00381F94,708
FUN_00381f98,0x00381F98,0x003820E4,332
FUN_003820e8,0x003820E8,0x003821F8,272
FUN_003821f8,0x003821F8,0x003822A0,168
FUN_003822a0,0x003822A0,0x00382788,1256
FUN_00382788,0x00382788,0x0038300C,2180
FUN_00383010,0x00383010,0x003830E8,216
FUN_003830e8,0x003830E8,0x00383120,56
FUN_00383120,0x00383120,0x00383208,232
FUN_00383208,0x00383208,0x00383DF4,3052
FUN_00383df8,0x00383DF8,0x00383E84,140
FUN_00383e88,0x00383E88,0x003848A4,2588
FUN_003848a8,0x003848A8,0x003855D8,3376
FUN_003855d8,0x003855D8,0x00385C7C,1700
FUN_00385c80,0x00385C80,0x00385C90,16
FUN_00385c90,0x00385C90,0x00385CA0,16
FUN_00385ca0,0x00385CA0,0x00385CEC,76
FUN_00385cf0,0x00385CF0,0x003863B4,1732
FUN_003863b8,0x003863B8,0x00386AA0,1768
FUN_00386aa0,0x00386AA0,0x00386EEC,1100
FUN_00386ef0,0x00386EF0,0x0038707C,396
FUN_00387080,0x00387080,0x00387200,384
FUN_00387200,0x00387200,0x00387220,32
FUN_00387220,0x00387220,0x00387270,80
FUN_00387270,0x00387270,0x003872BC,76
FUN_003872c0,0x003872C0,0x00387310,80
FUN_00387310,0x00387310,0x0038735C,76
FUN_00387360,0x00387360,0x003873B8,88
FUN_003873b8,0x003873B8,0x00387408,80
FUN_00387408,0x00387408,0x00387454,76
FUN_00387458,0x00387458,0x003874BC,100
FUN_003874c0,0x003874C0,0x00387524,100
FUN_00387528,0x00387528,0x00387540,24
FUN_00387540,0x00387540,0x0038760C,204
FUN_00387610,0x00387610,0x00387680,112
FUN_00387680,0x00387680,0x003876D8,88
FUN_003876d8,0x003876D8,0x003879D8,768
FUN_003879d8,0x003879D8,0x00387A48,112
FUN_00387a48,0x00387A48,0x00387A98,80
FUN_00387a98,0x00387A98,0x00387B10,120
FUN_00387b10,0x00387B10,0x00387BA4,148
FUN_00387ba8,0x00387BA8,0x00387BFC,84
FUN_00387c00,0x00387C00,0x00387C64,100
FUN_00387c68,0x00387C68,0x00387C94,44
FUN_00387cb0,0x00387CB0,0x00387D28,120
FUN_00387d30,0x00387D30,0x00387DA8,120
FUN_00387da8,0x00387DA8,0x00387E10,104
FUN_00387e18,0x00387E18,0x00387E90,116
FUN_00387e90,0x00387E90,0x00387EE8,88
FUN_00387ee8,0x00387EE8,0x00387F48,96
FUN_00387fa8,0x00387FA8,0x0038801C,116
FUN_00388020,0x00388020,0x00388060,64
FUN_00388090,0x00388090,0x003881B4,292
FUN_003881b8,0x003881B8,0x0038831C,356
FUN_00388320,0x00388320,0x003883F0,208
FUN_003883f0,0x003883F0,0x00388464,116
FUN_00388468,0x00388468,0x003884E8,128
FUN_003884e8,0x003884E8,0x00388580,152
FUN_00388588,0x00388588,0x003885FC,116
FUN_00388608,0x00388608,0x003887C8,448
FUN_003887d0,0x003887D0,0x00388860,144
FUN_00388860,0x00388860,0x003888B8,88
FUN_003888b8,0x003888B8,0x00388914,92
FUN_00388918,0x00388918,0x00388960,72
FUN_00388960,0x00388960,0x00388A48,232
FUN_00388ad0,0x00388AD0,0x00388AEC,28
FUN_00388af0,0x00388AF0,0x00388B58,104
FUN_00388b58,0x00388B58,0x00388B74,28
FUN_00388b78,0x00388B78,0x00388B94,28
FUN_00388b98,0x00388B98,0x00388C1C,132
FUN_00388d48,0x00388D48,0x00388D9C,84
FUN_00388da0,0x00388DA0,0x00388E38,152
FUN_00388e38,0x00388E38,0x00388EA4,108
FUN_00388ea8,0x00388EA8,0x00388EC4,28
FUN_00388ec8,0x00388EC8,0x00388F30,104
FUN_00388f30,0x00388F30,0x00388FA0,112
FUN_00388fa0,0x00388FA0,0x00389038,152
FUN_00389038,0x00389038,0x003890B8,128
FUN_003890b8,0x003890B8,0x00389128,112
FUN_00389128,0x00389128,0x003891AC,132
FUN_003891d0,0x003891D0,0x00389214,68
FUN_00389218,0x00389218,0x00389304,236
FUN_00389308,0x00389308,0x003893E0,216
FUN_003893e0,0x003893E0,0x00389450,112
FUN_00389450,0x00389450,0x00389494,68
FUN_00389498,0x00389498,0x003894DC,68
FUN_003894e0,0x003894E0,0x003894E8,8
FUN_003894e8,0x003894E8,0x003894F0,8
FUN_003894f0,0x003894F0,0x00389514,36
FUN_00389518,0x00389518,0x003898D8,960
FUN_003898d8,0x003898D8,0x00389AC4,492
FUN_00389ac8,0x00389AC8,0x00389B90,200
FUN_00389b90,0x00389B90,0x0038A068,1240
FUN_0038a1e0,0x0038A1E0,0x0038A2F4,276
FUN_0038a2f8,0x0038A2F8,0x0038AC34,2364
FUN_0038ac38,0x0038AC38,0x0038AF3C,772
FUN_0038af40,0x0038AF40,0x0038B00C,204
FUN_0038b010,0x0038B010,0x0038B344,820
FUN_0038b350,0x0038B350,0x0038B424,212
FUN_0038b428,0x0038B428,0x0038BA2C,1540
FUN_0038ba30,0x0038BA30,0x0038BBA8,376
FUN_0038bba8,0x0038BBA8,0x0038BE94,748
FUN_0038be98,0x0038BE98,0x0038C0CC,564
FUN_0038c0d0,0x0038C0D0,0x0038C2C8,504
FUN_0038c2c8,0x0038C2C8,0x0038D8EC,5668
FUN_0038d8f0,0x0038D8F0,0x0038D980,144
FUN_0038d980,0x0038D980,0x0038DC10,656
FUN_0038dc10,0x0038DC10,0x0038DC4C,60
FUN_0038dc50,0x0038DC50,0x0038DD38,232
FUN_0038dd38,0x0038DD38,0x0038E1C0,1160
FUN_0038e1c0,0x0038E1C0,0x0038E1F0,48
FUN_0038e200,0x0038E200,0x0038E280,128
FUN_0038e280,0x0038E280,0x0038E324,164
FUN_0038e328,0x0038E328,0x0038E348,32
FUN_0038e348,0x0038E348,0x0038E3D0,136
FUN_0038e3d8,0x0038E3D8,0x0038E530,344
FUN_0038e530,0x0038E530,0x0038E538,8
FUN_0038e538,0x0038E538,0x0038E544,12
FUN_0038e548,0x0038E548,0x0038E844,764
FUN_0038e848,0x0038E848,0x0038E958,272
FUN_0038e958,0x0038E958,0x0038EB08,428
FUN_0038eb08,0x0038EB08,0x0038EBD4,204
FUN_0038ebd8,0x0038EBD8,0x0038F7A0,3016
FUN_0038f7a0,0x0038F7A0,0x0038F8B8,280
FUN_0038f8b8,0x0038F8B8,0x0038F914,92
FUN_0038f918,0x0038F918,0x0038F9E8,208
FUN_0038f9e8,0x0038F9E8,0x0038FB38,336
FUN_0038fb38,0x0038FB38,0x0038FB8C,84
FUN_0038fb90,0x0038FB90,0x0038FCCC,316
FUN_0038fcd0,0x0038FCD0,0x00390080,944
FUN_00390080,0x00390080,0x0039044C,972
FUN_00390458,0x00390458,0x0039047C,36
FUN_00390488,0x00390488,0x00390508,128
FUN_00390508,0x00390508,0x003907B8,688
FUN_003907d0,0x003907D0,0x003908BC,236
FUN_003908c0,0x003908C0,0x003909BC,252
FUN_00390a28,0x00390A28,0x00390B78,336
FUN_00390b78,0x00390B78,0x00390BB8,64
vcs_Opcode01BB_GetGroundZFor3DCoord,0x00390BB8,0x00390C40,136
vcs_Opcode0202_IsAreaOccupied,0x00390C40,0x00390E70,560
FUN_00390e70,0x00390E70,0x00390F98,296
FUN_00390f98,0x00390F98,0x00391110,376
FUN_00391110,0x00391110,0x003911D8,200
FUN_003911d8,0x003911D8,0x003912BC,228
FUN_003912c0,0x003912C0,0x00391318,88
FUN_00391318,0x00391318,0x0039136C,84
FUN_00391370,0x00391370,0x003913F4,132
FUN_00391660,0x00391660,0x003916F0,144
FUN_00391760,0x00391760,0x003917BC,92
FUN_003919f0,0x003919F0,0x00391AC0,208
FUN_00391ac0,0x00391AC0,0x00391AE0,32
FUN_00391ae0,0x00391AE0,0x00391B00,32
FUN_00391b00,0x00391B00,0x00391BA0,160
FUN_00391ba0,0x00391BA0,0x00391C1C,124
FUN_00391c20,0x00391C20,0x00391D04,228
FUN_00391d08,0x00391D08,0x00391D48,64
FUN_00391d48,0x00391D48,0x00391EB4,364
FUN_00391eb8,0x00391EB8,0x00391F0C,84
FUN_00391f10,0x00391F10,0x00392008,248
vcs_Opcode0130_ReadKillFrenzyStatus,0x00392008,0x00392048,64
FUN_00392048,0x00392048,0x00392144,252
FUN_00392148,0x00392148,0x00392184,60
FUN_00392190,0x00392190,0x003922DC,332
FUN_003922e0,0x003922E0,0x003923C0,224
FUN_003923c0,0x003923C0,0x0039240C,76
FUN_00392410,0x00392410,0x0039243C,44
FUN_00392440,0x00392440,0x0039255C,284
FUN_00392df0,0x00392DF0,0x00392E88,152
FUN_00392e88,0x00392E88,0x00392F78,240
FUN_00392f78,0x00392F78,0x0039303C,196
FUN_00393040,0x00393040,0x003930E4,164
FUN_003930e8,0x003930E8,0x003933A4,700
FUN_003933a8,0x003933A8,0x003933F4,76
FUN_003934f8,0x003934F8,0x003935B0,184
FUN_003935b0,0x003935B0,0x00393600,80
FUN_00393600,0x00393600,0x00393650,80
FUN_00393650,0x00393650,0x00393750,256
FUN_00393750,0x00393750,0x00393848,248
FUN_00393848,0x00393848,0x0039397C,308
FUN_00393980,0x00393980,0x003939C8,72
FUN_003939c8,0x003939C8,0x00393A74,172
FUN_00393a78,0x00393A78,0x00393D8C,784
FUN_00393d90,0x00393D90,0x00393E28,152
FUN_00393e28,0x00393E28,0x00393E58,48
FUN_00393e58,0x00393E58,0x00393F74,284
FUN_00393ff0,0x00393FF0,0x00394060,112
FUN_00394060,0x00394060,0x00394248,488
FUN_00394248,0x00394248,0x00394324,220
FUN_00394358,0x00394358,0x003943E4,140
FUN_003943e8,0x003943E8,0x00394434,76
FUN_00394438,0x00394438,0x00394488,80
CVehicleModelInfo__SetAtomicRendererCB,0x00394488,0x0039460C,388
FUN_00394610,0x00394610,0x003947F4,484
FUN_003947f8,0x003947F8,0x0039499C,420
FUN_003949a0,0x003949A0,0x00394B24,388
CVehicleModelInfo__SetAtomicRenderCallbacks,0x00394C68,0x00394D14,172
FUN_00394d18,0x00394D18,0x00394D40,40
FUN_00394d40,0x00394D40,0x00394D68,40
FUN_00394d78,0x00394D78,0x00394DD0,88
FUN_00394dd0,0x00394DD0,0x00394E28,88
FUN_00394e28,0x00394E28,0x00394E64,60
FUN_00394e68,0x00394E68,0x00394FD4,364
FUN_00394fd8,0x00394FD8,0x00395000,40
FUN_00395000,0x00395000,0x00395134,308
FUN_00395138,0x00395138,0x00395234,252
FUN_00395238,0x00395238,0x00395360,296
FUN_00395368,0x00395368,0x00395490,296
FUN_00395490,0x00395490,0x003957A8,792
FUN_003957a8,0x003957A8,0x00395A3C,660
FUN_00395a40,0x00395A40,0x00395B1C,220
FUN_00395b20,0x00395B20,0x00395E4C,812
FUN_00395e50,0x00395E50,0x00395EDC,140
FUN_00395ee0,0x00395EE0,0x00395FE0,256
FUN_00395fe0,0x00395FE0,0x003960A4,196
FUN_003960a8,0x003960A8,0x0039616C,196
FUN_00396170,0x00396170,0x00396234,196
FUN_00396238,0x00396238,0x003962FC,196
FUN_00396300,0x00396300,0x0039630C,12
FUN_00396310,0x00396310,0x00396364,84
FUN_00396368,0x00396368,0x00396388,32
FUN_00396388,0x00396388,0x003963F4,108
FUN_003963f8,0x003963F8,0x00396518,288
FUN_00396518,0x00396518,0x00396624,268
FUN_00396628,0x00396628,0x00396848,544
FUN_00396848,0x00396848,0x00396928,224
FUN_00396928,0x00396928,0x0039697C,84
FUN_00396980,0x00396980,0x00396ABC,316
FUN_00396ac0,0x00396AC0,0x00396C98,472
FUN_00396c98,0x00396C98,0x00396CF4,92
FUN_00396cf8,0x00396CF8,0x00396D60,104
FUN_00396d60,0x00396D60,0x00396D94,52
FUN_00396d98,0x00396D98,0x00396FD8,576
FUN_00396fd8,0x00396FD8,0x00397038,96
FUN_00397038,0x00397038,0x00397098,96
FUN_00397098,0x00397098,0x003974BC,1060
FUN_003974c0,0x003974C0,0x00397980,1216
FUN_00397980,0x00397980,0x00397A9C,284
FUN_00397aa0,0x00397AA0,0x00397C10,368
FUN_00397c10,0x00397C10,0x00397E14,516
FUN_00397e18,0x00397E18,0x00397EDC,196
FUN_00397ee0,0x00397EE0,0x00397FC4,228
FUN_00397fc8,0x00397FC8,0x0039802C,100
FUN_00398030,0x00398030,0x00398164,308
FUN_00398168,0x00398168,0x00398170,8
FUN_00398170,0x00398170,0x00398178,8
FUN_00398178,0x00398178,0x00398180,8
FUN_00398180,0x00398180,0x003981EC,108
FUN_003981f0,0x003981F0,0x003982DC,236
FUN_003982e0,0x003982E0,0x00398484,420
FUN_00398488,0x00398488,0x003989C4,1340
FUN_003989c8,0x003989C8,0x00398E00,1080
FUN_00398e00,0x00398E00,0x00398F40,320
FUN_00398f40,0x00398F40,0x00398FC4,132
FUN_00398fc8,0x00398FC8,0x00399104,316
FUN_00399108,0x00399108,0x00399174,108
FUN_00399178,0x00399178,0x00399210,152
FUN_00399210,0x00399210,0x003993A4,404
FUN_003993b8,0x003993B8,0x0039942C,116
FUN_00399430,0x00399430,0x00399440,16
FUN_00399440,0x00399440,0x00399588,324
FUN_00399588,0x00399588,0x003995C8,64
FUN_003995c8,0x003995C8,0x003995E8,32
FUN_00399610,0x00399610,0x0039963C,44
FUN_00399650,0x00399650,0x00399680,48
FUN_00399680,0x00399680,0x003996A0,32
FUN_003996a0,0x003996A0,0x00399708,104
FUN_00399708,0x00399708,0x00399A04,764
FUN_00399a08,0x00399A08,0x00399A74,108
FUN_00399a78,0x00399A78,0x00399BC8,336
FUN_00399bc8,0x00399BC8,0x00399C6C,164
FUN_00399c70,0x00399C70,0x0039A178,1288
FUN_0039a178,0x0039A178,0x0039C420,8872
FUN_0039c420,0x0039C420,0x0039C794,884
FUN_0039c798,0x0039C798,0x0039C820,136
FUN_0039c820,0x0039C820,0x0039C9A4,388
FUN_0039c9a8,0x0039C9A8,0x0039CA48,160
FUN_0039ca48,0x0039CA48,0x0039CB24,220
FUN_0039cb28,0x0039CB28,0x0039CCBC,404
FUN_0039cdf0,0x0039CDF0,0x0039CDF8,8
FUN_0039cdf8,0x0039CDF8,0x0039CEDC,228
FUN_0039cee0,0x0039CEE0,0x0039CF40,96
FUN_0039cf40,0x0039CF40,0x0039CF60,32
FUN_0039cf60,0x0039CF60,0x0039CF78,24
FUN_0039cf78,0x0039CF78,0x0039CFAC,52
FUN_0039cfc8,0x0039CFC8,0x0039D080,184
FUN_0039d080,0x0039D080,0x0039D0E4,100
FUN_0039d0e8,0x0039D0E8,0x0039D11C,52
FUN_0039d120,0x0039D120,0x0039D144,36
FUN_0039d148,0x0039D148,0x0039D4A0,856
FUN_0039d4a0,0x0039D4A0,0x0039D518,120
FUN_0039d518,0x0039D518,0x0039DB80,1640
FUN_0039db80,0x0039DB80,0x0039E0E0,1376
FUN_0039e0e0,0x0039E0E0,0x0039E1A4,196
FUN_0039e1b8,0x0039E1B8,0x0039E228,112
FUN_0039e228,0x0039E228,0x0039E298,112
FUN_0039e298,0x0039E298,0x0039E334,156
FUN_0039e338,0x0039E338,0x0039E3B0,120
FUN_0039e3b0,0x0039E3B0,0x0039E438,136
FUN_0039e438,0x0039E438,0x0039E4B8,128
FUN_0039e4b8,0x0039E4B8,0x0039E558,160
FUN_0039e558,0x0039E558,0x0039E5CC,116
FUN_0039e5d0,0x0039E5D0,0x0039E7F0,544
FUN_0039e7f0,0x0039E7F0,0x0039E9C8,472
FUN_0039e9c8,0x0039E9C8,0x0039EA00,56
FUN_0039ea00,0x0039EA00,0x0039EDF0,1008
FUN_0039edf0,0x0039EDF0,0x0039FCBC,3788
FUN_0039fcc0,0x0039FCC0,0x0039FD0C,76
FUN_0039fd10,0x0039FD10,0x0039FD38,40
FUN_0039fd38,0x0039FD38,0x0039FD44,12
FUN_0039fd48,0x0039FD48,0x0039FD9C,84
FUN_0039fda0,0x0039FDA0,0x0039FDC0,32
FUN_0039fdc8,0x0039FDC8,0x0039FE20,88
FUN_0039fe20,0x0039FE20,0x0039FF30,272
FUN_0039ff30,0x0039FF30,0x0039FFAC,124
FUN_0039ffb8,0x0039FFB8,0x003A00A8,240
FUN_003a00a8,0x003A00A8,0x003A00D0,40
FUN_003a00d0,0x003A00D0,0x003A0114,68
FUN_003a0118,0x003A0118,0x003A0578,1120
FUN_003a0578,0x003A0578,0x003A09A8,1072
FUN_003a09a8,0x003A09A8,0x003A0ED4,1324
FUN_003a0ed8,0x003A0ED8,0x003A147C,1444
FUN_003a1480,0x003A1480,0x003A1ABC,1596
FUN_003a1ac0,0x003A1AC0,0x003A1FB0,1264
FUN_003a1fb0,0x003A1FB0,0x003A2470,1216
FUN_003a2470,0x003A2470,0x003A2C90,2080
FUN_003a2c90,0x003A2C90,0x003A2DCC,316
FUN_003a2dd8,0x003A2DD8,0x003A2F54,380
FUN_003a2f58,0x003A2F58,0x003A30AC,340
FUN_003a30b0,0x003A30B0,0x003A3204,340
FUN_003a3208,0x003A3208,0x003A3238,48
FUN_003a3238,0x003A3238,0x003A3290,88
FUN_003a3290,0x003A3290,0x003A3500,624
FUN_003a3500,0x003A3500,0x003A3880,896
FUN_003a3880,0x003A3880,0x003A38E0,96
FUN_003a38e0,0x003A38E0,0x003A3908,40
FUN_003a3908,0x003A3908,0x003A3924,28
FUN_003a3928,0x003A3928,0x003A3B54,556
FUN_003a3b58,0x003A3B58,0x003A3E34,732
FUN_003a3e38,0x003A3E38,0x003A3E54,28
FUN_003a3e58,0x003A3E58,0x003A3EF4,156
FUN_003a3ef8,0x003A3EF8,0x003A4068,368
FUN_003a4068,0x003A4068,0x003A4254,492
FUN_003a4258,0x003A4258,0x003A43C4,364
FUN_003a43d8,0x003A43D8,0x003A4420,72
FUN_003a4420,0x003A4420,0x003A4454,52
FUN_003a4458,0x003A4458,0x003A4480,40
FUN_003a4480,0x003A4480,0x003A4568,232
FUN_003a4568,0x003A4568,0x003A4570,8
FUN_003a4570,0x003A4570,0x003A54C0,3920
FUN_003a54c8,0x003A54C8,0x003A5550,136
FUN_003a5550,0x003A5550,0x003A55A8,88
FUN_003a55b0,0x003A55B0,0x003A5610,96
FUN_003a56b8,0x003A56B8,0x003A5718,96
FUN_003a57c8,0x003A57C8,0x003A58B8,240
FUN_003a58b8,0x003A58B8,0x003A591C,100
FUN_003a5920,0x003A5920,0x003A5940,32
FUN_003a5940,0x003A5940,0x003A598C,76
FUN_003a5998,0x003A5998,0x003A5A00,104
FUN_003a5a00,0x003A5A00,0x003A5B54,336
FUN_003a5b58,0x003A5B58,0x003A5BFC,164
FUN_003a5c00,0x003A5C00,0x003A5CA8,168
SelectCurrentLookupOwnerByIndex,0x003A5CA8,0x003A5D0C,100
SaveCurrentLookupOwnerForRestore,0x003A5D10,0x003A5D34,36
FUN_003a5d38,0x003A5D38,0x003A5D64,44
FUN_003a5d68,0x003A5D68,0x003A5DC0,88
FUN_003a5dc0,0x003A5DC0,0x003A5E60,160
FUN_003a5e60,0x003A5E60,0x003A5EDC,124
FUN_003a5ee0,0x003A5EE0,0x003A5F78,152
FUN_003a5f78,0x003A5F78,0x003A5FD0,88
FUN_003a5fd0,0x003A5FD0,0x003A6020,80
FUN_003a6020,0x003A6020,0x003A6130,272
FUN_003a6130,0x003A6130,0x003A61A4,116
FUN_003a61a8,0x003A61A8,0x003A623C,148
FUN_003a6240,0x003A6240,0x003A6294,84
FUN_003a6298,0x003A6298,0x003A636C,212
FUN_003a6380,0x003A6380,0x003A6404,132
FUN_003a6408,0x003A6408,0x003A64C8,192
FUN_003a64c8,0x003A64C8,0x003A6514,76
FUN_003a6518,0x003A6518,0x003A656C,84
FUN_003a6570,0x003A6570,0x003A6594,36
FUN_003a6598,0x003A6598,0x003A65C0,40
FUN_003a65c0,0x003A65C0,0x003A6834,628
FUN_003a6838,0x003A6838,0x003A6914,220
FUN_003a6918,0x003A6918,0x003A694C,52
FUN_003a6950,0x003A6950,0x003A69A4,84
FUN_003a69a8,0x003A69A8,0x003A69FC,84
FUN_003a6a00,0x003A6A00,0x003A6A20,32
FUN_003a6a28,0x003A6A28,0x003A6A30,8
FUN_003a6a30,0x003A6A30,0x003A6A38,8
FUN_003a6a38,0x003A6A38,0x003A6A40,8
FUN_003a6a40,0x003A6A40,0x003A6AAC,108
FUN_003a6ab0,0x003A6AB0,0x003A6B34,132
FUN_003a6b38,0x003A6B38,0x003A6BD0,152
FUN_003a6bd0,0x003A6BD0,0x003A6C4C,120
FUN_003a6c50,0x003A6C50,0x003A6CE8,152
FUN_003a6ce8,0x003A6CE8,0x003A6DD0,232
FUN_003a6dd0,0x003A6DD0,0x003A6E10,64
FUN_003a6e10,0x003A6E10,0x003A6E98,136
FUN_003a6e98,0x003A6E98,0x003A6F88,240
FUN_003a6f88,0x003A6F88,0x003A7304,892
FUN_003a7308,0x003A7308,0x003A737C,116
FUN_003a7380,0x003A7380,0x003A73C0,64
FUN_003a73c0,0x003A73C0,0x003A7400,64
FUN_003a7400,0x003A7400,0x003A75C4,452
FUN_003a75c8,0x003A75C8,0x003A7774,428
FUN_003a7778,0x003A7778,0x003A77F8,128
FUN_003a77f8,0x003A77F8,0x003A7840,72
FUN_003a7840,0x003A7840,0x003A7BB8,888
FUN_003a7bf8,0x003A7BF8,0x003A7C3C,68
FUN_003a7c40,0x003A7C40,0x003A7C6C,44
FUN_003a7c70,0x003A7C70,0x003A7D44,212
FUN_003a7d48,0x003A7D48,0x003A7D90,72
FUN_003a7d90,0x003A7D90,0x003A7E34,164
FUN_003a7e38,0x003A7E38,0x003A82E8,1200
FUN_003a8440,0x003A8440,0x003A84F8,184
FUN_003a84f8,0x003A84F8,0x003A8568,112
FUN_003a8568,0x003A8568,0x003A8584,28
FUN_003a8588,0x003A8588,0x003A867C,244
FUN_003a8680,0x003A8680,0x003A874C,204
FUN_003a8750,0x003A8750,0x003A881C,204
FUN_003a8820,0x003A8820,0x003A88B0,144
FUN_003a88b0,0x003A88B0,0x003A8954,164
FUN_003a8958,0x003A8958,0x003A8A30,216
FUN_003a8a30,0x003A8A30,0x003A8A50,32
FUN_003a8a50,0x003A8A50,0x003A8ABC,108
FUN_003a8ac0,0x003A8AC0,0x003A8B1C,92
FUN_003a8b20,0x003A8B20,0x003A8B80,96
FUN_003a8b80,0x003A8B80,0x003A8C6C,236
FUN_003a8c70,0x003A8C70,0x003A8DA4,308
FUN_003a8da8,0x003A8DA8,0x003A8EB0,264
FUN_003a8eb0,0x003A8EB0,0x003A8F30,128
FUN_003a8f30,0x003A8F30,0x003A8FF0,192
FUN_003a8ff0,0x003A8FF0,0x003A90A4,180
FUN_003a90a8,0x003A90A8,0x003A912C,132
FUN_003a9130,0x003A9130,0x003A91E0,176
FUN_003a91e0,0x003A91E0,0x003A9264,132
FUN_003a9268,0x003A9268,0x003A92EC,132
FUN_003a92f0,0x003A92F0,0x003A95CC,732
FUN_003a95d0,0x003A95D0,0x003A9694,196
FUN_003a9698,0x003A9698,0x003A9740,168
FUN_003a9740,0x003A9740,0x003A97E0,160
FUN_003a97e0,0x003A97E0,0x003A9A24,580
FUN_003a9a28,0x003A9A28,0x003A9B48,288
FUN_003a9b48,0x003A9B48,0x003A9BB4,108
FUN_003a9bb8,0x003A9BB8,0x003A9D54,412
FUN_003a9d58,0x003A9D58,0x003A9F88,560
FUN_003a9f88,0x003A9F88,0x003AA13C,436
FUN_003aa140,0x003AA140,0x003AA2AC,364
FUN_003aa2b0,0x003AA2B0,0x003AA574,708
FUN_003aa578,0x003AA578,0x003AA5A8,48
FUN_003aa5a8,0x003AA5A8,0x003AA5DC,52
FUN_003aa5e0,0x003AA5E0,0x003AA608,40
FUN_003aa608,0x003AA608,0x003AA694,140
FUN_003aa698,0x003AA698,0x003AA768,208
FUN_003aa768,0x003AA768,0x003AA784,28
FUN_003aa788,0x003AA788,0x003AA7D8,80
FUN_003aa7d8,0x003AA7D8,0x003AA8FC,292
FUN_003aa900,0x003AA900,0x003AA92C,44
FUN_003aa930,0x003AA930,0x003AAAE8,436
FUN_003aaae8,0x003AAAE8,0x003AACA4,444
FUN_003aaca8,0x003AACA8,0x003AACD4,44
FUN_003aacd8,0x003AACD8,0x003AAD4C,116
FUN_003aad50,0x003AAD50,0x003AAE08,184
FUN_003aae08,0x003AAE08,0x003AAE50,72
FUN_003aae50,0x003AAE50,0x003AAEB0,96
FUN_003aaeb0,0x003AAEB0,0x003AAF6C,188
FUN_003aaf70,0x003AAF70,0x003AAF80,16
FUN_003aaf80,0x003AAF80,0x003AAFB4,52
FUN_003aafb8,0x003AAFB8,0x003AAFEC,52
FUN_003aaff0,0x003AAFF0,0x003AB024,52
FUN_003ab028,0x003AB028,0x003AB07C,84
FUN_003ab080,0x003AB080,0x003AB0A8,40
FUN_003ab0a8,0x003AB0A8,0x003AB17C,212
FUN_003ab180,0x003AB180,0x003AB44C,716
FUN_003ab450,0x003AB450,0x003AB478,40
FUN_003ab478,0x003AB478,0x003AB554,220
FUN_003ab558,0x003AB558,0x003AB628,208
FUN_003ab628,0x003AB628,0x003AB89C,628
FUN_003ab8a8,0x003AB8A8,0x003AB90C,100
FUN_003ab910,0x003AB910,0x003ABA64,340
FUN_003aba68,0x003ABA68,0x003ABAF4,140
FUN_003abaf8,0x003ABAF8,0x003ABB44,76
FUN_003abb48,0x003ABB48,0x003ABB84,60
FUN_003abb88,0x003ABB88,0x003ABBA4,28
FUN_003abba8,0x003ABBA8,0x003ABBE8,64
FUN_003abbe8,0x003ABBE8,0x003ABC08,32
FUN_003abc08,0x003ABC08,0x003ABC70,104
FUN_003ac848,0x003AC848,0x003AC87C,52
FUN_003ac880,0x003AC880,0x003AC8A4,36
FUN_003ac8a8,0x003AC8A8,0x003AC8CC,36
FUN_003ac8d0,0x003AC8D0,0x003AC8DC,12
FUN_003ac8e0,0x003AC8E0,0x003AC9CC,236
FUN_003ac9d0,0x003AC9D0,0x003AC9FC,44
FUN_003aca08,0x003ACA08,0x003ACA18,16
FUN_003aca18,0x003ACA18,0x003ACA28,16
FUN_003aca28,0x003ACA28,0x003ACA8C,100
FUN_003aca90,0x003ACA90,0x003ACAFC,108
FUN_003acb00,0x003ACB00,0x003ACB2C,44
FUN_003acb30,0x003ACB30,0x003ACB94,100
FUN_003acb98,0x003ACB98,0x003AD0C0,1320
FUN_003ad0c0,0x003AD0C0,0x003AD738,1656
FUN_003ad738,0x003AD738,0x003AD758,32
FUN_003ad758,0x003AD758,0x003AD774,28
FUN_003ad778,0x003AD778,0x003AD7CC,84
FUN_003ad7d0,0x003AD7D0,0x003AD834,100
FUN_003ad838,0x003AD838,0x003AD940,264
FUN_003ad940,0x003AD940,0x003AD9F4,180
FUN_003ad9f8,0x003AD9F8,0x003ADAAC,180
FUN_003adab8,0x003ADAB8,0x003ADAF0,56
FUN_003adaf0,0x003ADAF0,0x003ADB28,56
FUN_003adb28,0x003ADB28,0x003ADDAC,644
FUN_003addb8,0x003ADDB8,0x003AE0C4,780
FUN_003ae0d0,0x003AE0D0,0x003AE16C,156
FUN_003ae170,0x003AE170,0x003AE1B8,72
FUN_003ae1b8,0x003AE1B8,0x003AE22C,116
FUN_003ae240,0x003AE240,0x003AE278,56
FUN_003ae278,0x003AE278,0x003AE2CC,84
FUN_003ae2d0,0x003AE2D0,0x003AE41C,332
FUN_003ae420,0x003AE420,0x003AE438,24
FUN_003ae438,0x003AE438,0x003AE758,800
FUN_003ae758,0x003AE758,0x003AE9F4,668
FUN_003ae9f8,0x003AE9F8,0x003AEAE4,236
FUN_003aeae8,0x003AEAE8,0x003AEAF8,16
FUN_003aeaf8,0x003AEAF8,0x003AEBC4,204
FUN_003aebd0,0x003AEBD0,0x003AEC0C,60
FUN_003aec10,0x003AEC10,0x003AEC44,52
FUN_003aec48,0x003AEC48,0x003AEC68,32
FUN_003aec68,0x003AEC68,0x003AED18,176
FUN_003aed18,0x003AED18,0x003AED48,48
FUN_003aed48,0x003AED48,0x003AEDEC,164
FUN_003aedf0,0x003AEDF0,0x003AEED0,224
FUN_003aeed0,0x003AEED0,0x003AF158,648
FUN_003af158,0x003AF158,0x003AF2EC,404
FUN_003af300,0x003AF300,0x003AF42C,300
FUN_003af438,0x003AF438,0x003AF514,220
FUN_003af518,0x003AF518,0x003AF6A4,396
FUN_003af6a8,0x003AF6A8,0x003AF740,152
FUN_003af740,0x003AF740,0x003AF778,56
FUN_003af778,0x003AF778,0x003AF7DC,100
FUN_003af7e0,0x003AF7E0,0x003AF8DC,252
FUN_003af8e0,0x003AF8E0,0x003AFA40,352
FUN_003afa40,0x003AFA40,0x003AFC58,536
FUN_003afc58,0x003AFC58,0x003AFC90,56
FUN_003afc90,0x003AFC90,0x003AFEB8,552
FUN_003afeb8,0x003AFEB8,0x003B004C,400
FUN_003b0050,0x003B0050,0x003B01F8,424
FUN_003b01f8,0x003B01F8,0x003B0404,520
FUN_003b0408,0x003B0408,0x003B058C,388
FUN_003b0590,0x003B0590,0x003B06A8,280
FUN_003b06a8,0x003B06A8,0x003B0884,476
FUN_003b0888,0x003B0888,0x003B09D8,336
FUN_003b09d8,0x003B09D8,0x003B0B90,440
FUN_003b0b90,0x003B0B90,0x003B0C64,212
FUN_003b0c68,0x003B0C68,0x003B0F58,752
FUN_003b0f58,0x003B0F58,0x003B12BC,868
FUN_003b12c0,0x003B12C0,0x003B1348,136
FUN_003b1348,0x003B1348,0x003B139C,84
FUN_003b13a0,0x003B13A0,0x003B1444,164
FUN_003b1450,0x003B1450,0x003B14AC,92
FUN_003b14b0,0x003B14B0,0x003B1520,112
FUN_003b1520,0x003B1520,0x003B1598,120
FUN_003b1598,0x003B1598,0x003B1610,120
FUN_003b1610,0x003B1610,0x003B1688,120
FUN_003b1688,0x003B1688,0x003B1700,120
FUN_003b1700,0x003B1700,0x003B1778,120
FUN_003b1778,0x003B1778,0x003B17F0,120
FUN_003b17f0,0x003B17F0,0x003B1874,132
FUN_003b1878,0x003B1878,0x003B18F8,128
FUN_003b18f8,0x003B18F8,0x003B19C4,204
FUN_003b19c8,0x003B19C8,0x003B1A8C,196
FUN_003b1a90,0x003B1A90,0x003B1B70,224
FUN_003b1b70,0x003B1B70,0x003B1C50,224
FUN_003b1c50,0x003B1C50,0x003B1D20,208
FUN_003b1d20,0x003B1D20,0x003B1DA4,132
FUN_003b1da8,0x003B1DA8,0x003B1E2C,132
FUN_003b1e30,0x003B1E30,0x003B1E94,100
FUN_003b1e98,0x003B1E98,0x003B1EFC,100
FUN_003b1f00,0x003B1F00,0x003B1F38,56
FUN_003b1f38,0x003B1F38,0x003B1F6C,52
FUN_003b1f70,0x003B1F70,0x003B1FD4,100
FUN_003b1fd8,0x003B1FD8,0x003B2040,104
FUN_003b2040,0x003B2040,0x003B2098,88
FUN_003b2098,0x003B2098,0x003B2108,112
FUN_003b2108,0x003B2108,0x003B2184,124
FUN_003b2188,0x003B2188,0x003B21A8,32
FUN_003b21a8,0x003B21A8,0x003B2230,136
FUN_003b2230,0x003B2230,0x003B22B8,136
FUN_003b22b8,0x003B22B8,0x003B2320,104
FUN_003b2320,0x003B2320,0x003B2364,68
vcs_Opcode007A_MissionHasFinished,0x003B2368,0x003B239C,52
FUN_003b23a0,0x003B23A0,0x003B23D8,56
FUN_003b23d8,0x003B23D8,0x003B2440,104
FUN_003b2440,0x003B2440,0x003B24D8,152
vcs_Opcode0289_MissionStreamAndImmediateProcess,0x003B24E0,0x003B262C,332
FUN_003b2630,0x003B2630,0x003B2788,344
FUN_003b2788,0x003B2788,0x003B280C,132
FUN_003b2810,0x003B2810,0x003B2974,356
FUN_003b2980,0x003B2980,0x003B29AC,44
FUN_003b29b0,0x003B29B0,0x003B2A20,112
FUN_003b2a20,0x003B2A20,0x003B2A90,112
FUN_003b2a90,0x003B2A90,0x003B2B20,144
vcs_Opcode04F2_ActiveScriptMissionMarkerCondition,0x003B2B20,0x003B2C10,240
FUN_003b2c10,0x003B2C10,0x003B2CF8,232
FUN_003b2cf8,0x003B2CF8,0x003B2D58,96
FUN_003b2d58,0x003B2D58,0x003B2D84,44
FUN_003b2d88,0x003B2D88,0x003B2E28,160
FUN_003b2e28,0x003B2E28,0x003B2E34,12
FUN_003b2e38,0x003B2E38,0x003B2E90,88
FUN_003b2e90,0x003B2E90,0x003B2EE0,80
FUN_003b2ee0,0x003B2EE0,0x003B2F94,180
FUN_003b2f98,0x003B2F98,0x003B2FF0,88
FUN_003b2ff0,0x003B2FF0,0x003B3120,304
FUN_003b3120,0x003B3120,0x003B3164,68
FUN_003b3168,0x003B3168,0x003B31A8,64
FUN_003b31a8,0x003B31A8,0x003B31E8,64
FUN_003b31e8,0x003B31E8,0x003B3274,140
FUN_003b3278,0x003B3278,0x003B32DC,100
FUN_003b32e0,0x003B32E0,0x003B331C,60
FUN_003b3320,0x003B3320,0x003B334C,44
FUN_003b3350,0x003B3350,0x003B337C,44
FUN_003b3380,0x003B3380,0x003B3484,260
FUN_003b3488,0x003B3488,0x003B34B4,44
FUN_003b34b8,0x003B34B8,0x003B34E4,44
FUN_003b34e8,0x003B34E8,0x003B351C,52
FUN_003b3520,0x003B3520,0x003B35A8,136
FUN_003b35a8,0x003B35A8,0x003B3694,236
FUN_003b3698,0x003B3698,0x003B36F8,96
FUN_003b36f8,0x003B36F8,0x003B3830,312
FUN_003b3830,0x003B3830,0x003B3884,84
FUN_003b3888,0x003B3888,0x003B39FC,372
FUN_003b3a00,0x003B3A00,0x003B3A5C,92
FUN_003b3a60,0x003B3A60,0x003B3AE0,128
FUN_003b3ae0,0x003B3AE0,0x003B3B1C,60
FUN_003b3b20,0x003B3B20,0x003B3BC4,164
FUN_003b3bc8,0x003B3BC8,0x003B3CE4,284
FUN_003b3ce8,0x003B3CE8,0x003B3D84,156
FUN_003b3d88,0x003B3D88,0x003B3DD8,80
FUN_003b3dd8,0x003B3DD8,0x003B3EA0,200
FUN_003b3ea0,0x003B3EA0,0x003B3F54,180
FUN_003b3f58,0x003B3F58,0x003B4004,172
FUN_003b4008,0x003B4008,0x003B40DC,212
FUN_003b40e0,0x003B40E0,0x003B4114,52
FUN_003b4118,0x003B4118,0x003B41E0,200
FUN_003b41e0,0x003B41E0,0x003B42A0,192
FUN_003b42a0,0x003B42A0,0x003B432C,140
FUN_003b4330,0x003B4330,0x003B4570,576
FUN_003b4570,0x003B4570,0x003B458C,28
FUN_003b4590,0x003B4590,0x003B4688,248
FUN_003b4688,0x003B4688,0x003B46C8,64
FUN_003b46c8,0x003B46C8,0x003B4704,60
FUN_003b4708,0x003B4708,0x003B4858,336
FUN_003b4860,0x003B4860,0x003B4894,52
FUN_003b4898,0x003B4898,0x003B48B8,32
FUN_003b48c0,0x003B48C0,0x003B4C30,880
FUN_003b4c30,0x003B4C30,0x003B4D20,240
FUN_003b4d20,0x003B4D20,0x003B4DFC,220
FUN_003b4e08,0x003B4E08,0x003B50D4,716
FUN_003b50d8,0x003B50D8,0x003B5188,176
FUN_003b5188,0x003B5188,0x003B52B0,296
FUN_003b52b0,0x003B52B0,0x003B5408,344
FUN_003b5408,0x003B5408,0x003B5410,8
FUN_003b5410,0x003B5410,0x003B5658,584
FUN_003b5658,0x003B5658,0x003B56CC,116
FUN_003b56d0,0x003B56D0,0x003B5A2C,860
FUN_003b5a30,0x003B5A30,0x003B5B84,340
FUN_003b5bb0,0x003B5BB0,0x003B5C34,132
FUN_003b5c38,0x003B5C38,0x003B5D20,232
FUN_003b5d20,0x003B5D20,0x003B5E80,352
FUN_003b5e80,0x003B5E80,0x003B5EAC,44
FUN_003b5eb0,0x003B5EB0,0x003B64EC,1596
FUN_003b64f0,0x003B64F0,0x003B6528,56
FUN_003b6528,0x003B6528,0x003B65AC,132
FUN_003b65b0,0x003B65B0,0x003B65B8,8
FUN_003b65c8,0x003B65C8,0x003B6760,408
FUN_003b6760,0x003B6760,0x003B6900,416
FUN_003b6900,0x003B6900,0x003B6A98,408
FUN_003b6a98,0x003B6A98,0x003B6B68,208
FUN_003b6b68,0x003B6B68,0x003B6BD0,104
FUN_003b6bd0,0x003B6BD0,0x003B6BD8,8
FUN_003b6bd8,0x003B6BD8,0x003B6BE0,8
FUN_003b6be0,0x003B6BE0,0x003B6BE8,8
FUN_003b6be8,0x003B6BE8,0x003B6BF0,8
FUN_003b6bf0,0x003B6BF0,0x003B6DEC,508
FUN_003b6df0,0x003B6DF0,0x003B6DF8,8
FUN_003b6df8,0x003B6DF8,0x003B6E00,8
FUN_003b6e00,0x003B6E00,0x003B6E08,8
FUN_003b6e10,0x003B6E10,0x003B6EF8,232
FUN_003b6ef8,0x003B6EF8,0x003B6F00,8
FUN_003b6f00,0x003B6F00,0x003B700C,268
FUN_003b7010,0x003B7010,0x003B711C,268
FUN_003b7120,0x003B7120,0x003B7700,1504
FUN_003b7700,0x003B7700,0x003B77A4,164
FUN_003b77a8,0x003B77A8,0x003B7B5C,948
FUN_003b7b60,0x003B7B60,0x003B7B98,56
FUN_003b7b98,0x003B7B98,0x003B7BB0,24
FUN_003b7bb0,0x003B7BB0,0x003B7C38,136
FUN_003b7c38,0x003B7C38,0x003B7DA8,368
FUN_003b7da8,0x003B7DA8,0x003B7EA8,256
FUN_003b7ea8,0x003B7EA8,0x003B7F7C,212
FUN_003b7f80,0x003B7F80,0x003B8544,1476
FUN_003b8548,0x003B8548,0x003B861C,212
FUN_003b8620,0x003B8620,0x003B86D8,184
FUN_003b86d8,0x003B86D8,0x003B8750,120
FUN_003b8750,0x003B8750,0x003B87A0,80
FUN_003b87a0,0x003B87A0,0x003B87F0,80
FUN_003b87f0,0x003B87F0,0x003B8864,116
FUN_003b8868,0x003B8868,0x003B88A0,56
FUN_003b88a0,0x003B88A0,0x003B88D8,56
FUN_003b88d8,0x003B88D8,0x003B88F8,32
FUN_003b88f8,0x003B88F8,0x003B8998,160
FUN_003b8998,0x003B8998,0x003B8CC4,812
FUN_003b8cc8,0x003B8CC8,0x003B8FE8,800
FUN_003b8fe8,0x003B8FE8,0x003B90C0,216
FUN_003b90c0,0x003B90C0,0x003B90C8,8
FUN_003b90c8,0x003B90C8,0x003B9178,176
FUN_003b9178,0x003B9178,0x003B91A0,40
FUN_003b91a0,0x003B91A0,0x003B9668,1224
FUN_003b9668,0x003B9668,0x003B9684,28
FUN_003b9690,0x003B9690,0x003B9718,136
FUN_003b9718,0x003B9718,0x003B98B0,408
FUN_003b98b0,0x003B98B0,0x003B9B90,736
FUN_003b9b90,0x003B9B90,0x003B9C38,168
FUN_003b9c38,0x003B9C38,0x003B9C40,8
FUN_003b9c40,0x003B9C40,0x003B9C68,40
FUN_003b9c68,0x003B9C68,0x003B9C98,48
FUN_003b9c98,0x003B9C98,0x003B9CB8,32
FUN_003b9cc0,0x003B9CC0,0x003B9CCC,12
FUN_003b9cd0,0x003B9CD0,0x003B9CF8,40
FUN_003b9cf8,0x003B9CF8,0x003B9DDC,228
FUN_003b9de0,0x003B9DE0,0x003B9E5C,124
FUN_003b9e60,0x003B9E60,0x003BA3C4,1380
FUN_003ba3c8,0x003BA3C8,0x003BA64C,644
FUN_003ba650,0x003BA650,0x003BA774,292
FUN_003ba778,0x003BA778,0x003BABD4,1116
FUN_003babd8,0x003BABD8,0x003BAFC0,1000
FUN_003bafc0,0x003BAFC0,0x003BAFF8,56
FUN_003baff8,0x003BAFF8,0x003BB028,48
FUN_003bb028,0x003BB028,0x003BB24C,548
FUN_003bb250,0x003BB250,0x003BB3B8,360
FUN_003bb3b8,0x003BB3B8,0x003BB494,220
FUN_003bb498,0x003BB498,0x003BB580,232
FUN_003bb580,0x003BB580,0x003BB6D4,340
FUN_003bb6d8,0x003BB6D8,0x003BB708,48
FUN_003bb708,0x003BB708,0x003BB750,72
FUN_003bb750,0x003BB750,0x003BB79C,76
FUN_003bb7a0,0x003BB7A0,0x003BB7DC,60
FUN_003bb7e0,0x003BB7E0,0x003BB970,400
FUN_003bb970,0x003BB970,0x003BC068,1784
FUN_003bc068,0x003BC068,0x003BC324,700
FUN_003bc328,0x003BC328,0x003BC444,284
FUN_003bc448,0x003BC448,0x003BC9C8,1408
FUN_003bc9c8,0x003BC9C8,0x003BCA78,176
FUN_003bca78,0x003BCA78,0x003BCBF8,384
FUN_003bcbf8,0x003BCBF8,0x003BCCA4,172
FUN_003bcca8,0x003BCCA8,0x003C1464,18364
FUN_003c1468,0x003C1468,0x003C14B0,72
FUN_003c14b0,0x003C14B0,0x003C14E4,52
FUN_003c14e8,0x003C14E8,0x003C1644,348
FUN_003c1648,0x003C1648,0x003C23F4,3500
FUN_003c23f8,0x003C23F8,0x003C2580,392
FUN_003c2580,0x003C2580,0x003C25C0,64
FUN_003c25c0,0x003C25C0,0x003C25E0,32
FUN_003c25e0,0x003C25E0,0x003C299C,956
FUN_003c29a0,0x003C29A0,0x003C2A30,144
FUN_003c2a30,0x003C2A30,0x003C2B88,344
FUN_003c2b88,0x003C2B88,0x003C2CD0,328
FUN_003c2cd0,0x003C2CD0,0x003C2CD8,8
FUN_003c2cd8,0x003C2CD8,0x003C2CE4,12
FUN_003c2ce8,0x003C2CE8,0x003C2E88,416
FUN_003c2e88,0x003C2E88,0x003C2FA4,284
FUN_003c2fa8,0x003C2FA8,0x003C3030,136
FUN_003c3030,0x003C3030,0x003C3098,104
FUN_003c3098,0x003C3098,0x003C31D0,312
FUN_003c31d0,0x003C31D0,0x003C3504,820
FUN_003c3508,0x003C3508,0x003C354C,68
FUN_003c3550,0x003C3550,0x003C3590,64
FUN_003c3590,0x003C3590,0x003C37CC,572
FUN_003c37d0,0x003C37D0,0x003C38A4,212
FUN_003c38a8,0x003C38A8,0x003C4154,2220
FUN_003c4158,0x003C4158,0x003C4254,252
FUN_003c4258,0x003C4258,0x003C4470,536
FUN_003c4470,0x003C4470,0x003C45BC,332
FUN_003c45c0,0x003C45C0,0x003C4614,84
FUN_003c4618,0x003C4618,0x003C479C,388
FUN_003c47a8,0x003C47A8,0x003C47E4,60
FUN_003c4ad8,0x003C4AD8,0x003C4E04,808
FUN_003c4e08,0x003C4E08,0x003C4E30,40
FUN_003c4e30,0x003C4E30,0x003C524C,1052
FUN_003c5258,0x003C5258,0x003C52D4,124
FUN_003c52e8,0x003C52E8,0x003C53A4,188
FUN_003c53a8,0x003C53A8,0x003C54C0,280
FUN_003c54c0,0x003C54C0,0x003C61A0,3296
FUN_003c61a0,0x003C61A0,0x003C62FC,348
FUN_003c6300,0x003C6300,0x003C64E0,480
FUN_003c64e0,0x003C64E0,0x003C6730,592
FUN_003c6778,0x003C6778,0x003C6810,152
FUN_003c6810,0x003C6810,0x003C6898,136
FUN_003c6898,0x003C6898,0x003C68F0,88
FUN_003c68f0,0x003C68F0,0x003C69AC,188
FUN_003c69b0,0x003C69B0,0x003C69C4,20
FUN_003c69d0,0x003C69D0,0x003C69DC,12
FUN_003c69e0,0x003C69E0,0x003C69EC,12
FUN_003c69f0,0x003C69F0,0x003C69FC,12
FUN_003c6a00,0x003C6A00,0x003C6A0C,12
FUN_003c6a10,0x003C6A10,0x003C6A1C,12
FUN_003c6a20,0x003C6A20,0x003C6A2C,12
FUN_003c6a38,0x003C6A38,0x003C6A60,40
FUN_003c6a60,0x003C6A60,0x003C6A68,8
FUN_003c6a68,0x003C6A68,0x003C6A74,12
FUN_003c6a78,0x003C6A78,0x003C6A80,8
FUN_003c6a80,0x003C6A80,0x003C6B8C,268
FUN_003c6b90,0x003C6B90,0x003C6BF0,96
FUN_003c6bf0,0x003C6BF0,0x003C6DDC,492
FUN_003c6de0,0x003C6DE0,0x003C6F70,400
FUN_003c6f70,0x003C6F70,0x003C6F78,8
FUN_003c6f78,0x003C6F78,0x003C7004,140
FUN_003c7008,0x003C7008,0x003C71B4,428
FUN_003c71b8,0x003C71B8,0x003C72B0,248
FUN_003c72b0,0x003C72B0,0x003C7344,148
FUN_003c7348,0x003C7348,0x003C75A8,608
FUN_003c75a8,0x003C75A8,0x003C7784,476
FUN_003c7788,0x003C7788,0x003C7798,16
FUN_003c7798,0x003C7798,0x003C795C,452
FUN_003c7960,0x003C7960,0x003C7978,24
FUN_003c7978,0x003C7978,0x003C7C18,672
FUN_003c7c18,0x003C7C18,0x003C7C3C,36
FUN_003c7c40,0x003C7C40,0x003C7CA8,104
FUN_003c7ca8,0x003C7CA8,0x003C7CCC,36
FUN_003c7cd0,0x003C7CD0,0x003C7DD8,264
FUN_003c7dd8,0x003C7DD8,0x003C7E28,80
FUN_003c7e28,0x003C7E28,0x003C7F54,300
FUN_003c7f58,0x003C7F58,0x003C8000,168
FUN_003c8000,0x003C8000,0x003C80F4,244
FUN_003c80f8,0x003C80F8,0x003C81D4,220
FUN_003c81d8,0x003C81D8,0x003C84AC,724
FUN_003c84b0,0x003C84B0,0x003C8914,1124
FUN_003c8918,0x003C8918,0x003C8BE0,712
FUN_003c8be0,0x003C8BE0,0x003C8CC0,224
FUN_003c8cc0,0x003C8CC0,0x003C8CFC,60
FUN_003c8d00,0x003C8D00,0x003C8E48,328
FUN_003c8e48,0x003C8E48,0x003C8EC8,128
FUN_003c8ec8,0x003C8EC8,0x003C8FA8,224
FUN_003c8fa8,0x003C8FA8,0x003C8FD8,48
FUN_003c8fd8,0x003C8FD8,0x003C9224,588
FUN_003c9228,0x003C9228,0x003C9260,56
FUN_003c9260,0x003C9260,0x003C9380,288
FUN_003c9380,0x003C9380,0x003C9390,16
FUN_003c9390,0x003C9390,0x003C93E8,88
FUN_003c93e8,0x003C93E8,0x003C98C4,1244
FUN_003c98d0,0x003C98D0,0x003C9E04,1332
FUN_003c9e08,0x003C9E08,0x003C9F90,392
FUN_003c9f90,0x003C9F90,0x003CA0E8,344
FUN_003ca0e8,0x003CA0E8,0x003CA210,296
FUN_003ca210,0x003CA210,0x003CA484,628
FUN_003ca488,0x003CA488,0x003CB1C4,3384
FUN_003cb1c8,0x003CB1C8,0x003CB30C,324
FUN_003cb310,0x003CB310,0x003CB468,344
FUN_003cb468,0x003CB468,0x003CB4CC,100
FUN_003cb4d0,0x003CB4D0,0x003CB5C8,248
FUN_003cb5c8,0x003CB5C8,0x003CB7C4,508
FUN_003cb7d0,0x003CB7D0,0x003CB93C,364
FUN_003cb940,0x003CB940,0x003CBA5C,284
FUN_003cba60,0x003CBA60,0x003CBAD8,120
FUN_003cbad8,0x003CBAD8,0x003CBAE0,8
FUN_003cbae0,0x003CBAE0,0x003CBB00,32
FUN_003cbb00,0x003CBB00,0x003CBB24,36
FUN_003cbb28,0x003CBB28,0x003CBB7C,84
FUN_003cbb80,0x003CBB80,0x003CBBA4,36
FUN_003cbba8,0x003CBBA8,0x003CBBFC,84
FUN_003cbc00,0x003CBC00,0x003CBC34,52
FUN_003cbc38,0x003CBC38,0x003CBC68,48
FUN_003cbc68,0x003CBC68,0x003CBC9C,52
FUN_003cbca0,0x003CBCA0,0x003CBCD4,52
FUN_003cbcd8,0x003CBCD8,0x003CBCFC,36
FUN_003cbd00,0x003CBD00,0x003CBD28,40
FUN_003cbd28,0x003CBD28,0x003CBD50,40
FUN_003cbd50,0x003CBD50,0x003CBD78,40
FUN_003cbd78,0x003CBD78,0x003CBDA0,40
FUN_003cbda0,0x003CBDA0,0x003CBDD0,48
FUN_003cbdd0,0x003CBDD0,0x003CBDF8,40
FUN_003cbdf8,0x003CBDF8,0x003CBE1C,36
FUN_003cbe20,0x003CBE20,0x003CBE48,40
FUN_003cbe48,0x003CBE48,0x003CBE70,40
FUN_003cbe70,0x003CBE70,0x003CBE98,40
FUN_003cbe98,0x003CBE98,0x003CBEE8,80
FUN_003cbee8,0x003CBEE8,0x003CBF38,80
FUN_003cbf38,0x003CBF38,0x003CBF88,80
FUN_003cbf88,0x003CBF88,0x003CBFC0,56
FUN_003cbfc0,0x003CBFC0,0x003CBFF8,56
FUN_003cbff8,0x003CBFF8,0x003CC01C,36
FUN_003cc020,0x003CC020,0x003CC044,36
FUN_003cc050,0x003CC050,0x003CC074,36
FUN_003cc078,0x003CC078,0x003CC09C,36
FUN_003cc0a0,0x003CC0A0,0x003CC0C4,36
FUN_003cc0c8,0x003CC0C8,0x003CC0F4,44
FUN_003cc0f8,0x003CC0F8,0x003CC108,16
FUN_003cc110,0x003CC110,0x003CC134,36
FUN_003cc138,0x003CC138,0x003CC15C,36
FUN_003cc168,0x003CC168,0x003CC190,40
FUN_003cc190,0x003CC190,0x003CC1B8,40
FUN_003cc1b8,0x003CC1B8,0x003CC1E0,40
FUN_003cc1e0,0x003CC1E0,0x003CC208,40
FUN_003cc208,0x003CC208,0x003CC230,40
FUN_003cc230,0x003CC230,0x003CC260,48
FUN_003cc260,0x003CC260,0x003CC288,40
FUN_003cc288,0x003CC288,0x003CC2B0,40
FUN_003cc2b0,0x003CC2B0,0x003CC2E0,48
FUN_003cc2e0,0x003CC2E0,0x003CC308,40
FUN_003cc308,0x003CC308,0x003CC32C,36
FUN_003cc330,0x003CC330,0x003CC358,40
FUN_003cc358,0x003CC358,0x003CC380,40
FUN_003cc380,0x003CC380,0x003CC3A4,36
FUN_003cc3a8,0x003CC3A8,0x003CC3D0,40
FUN_003cc3d0,0x003CC3D0,0x003CC3D8,8
FUN_003cc3d8,0x003CC3D8,0x003CC3E0,8
FUN_003cc3e0,0x003CC3E0,0x003CC3E8,8
FUN_003cc3e8,0x003CC3E8,0x003CC410,40
FUN_003cc418,0x003CC418,0x003CC43C,36
FUN_003cc448,0x003CC448,0x003CC458,16
FUN_003cc458,0x003CC458,0x003CC490,56
FUN_003cc498,0x003CC498,0x003CC504,108
FUN_003cc510,0x003CC510,0x003CC5B8,168
FUN_003cc5b8,0x003CC5B8,0x003CC7D4,540
FUN_003cc7d8,0x003CC7D8,0x003CC880,168
FUN_003cc880,0x003CC880,0x003CC9CC,332
FUN_003cc9d0,0x003CC9D0,0x003CD030,1632
FUN_003cd030,0x003CD030,0x003CD09C,108
FUN_003cd0a0,0x003CD0A0,0x003CD270,464
FUN_003cd270,0x003CD270,0x003CD354,228
FUN_003cd358,0x003CD358,0x003CD480,296
FUN_003cd508,0x003CD508,0x003CD7DC,724
FUN_003cd7e0,0x003CD7E0,0x003CD7FC,28
FUN_003cd800,0x003CD800,0x003CD8BC,188
FUN_003cd8c0,0x003CD8C0,0x003CD8EC,44
FUN_003cd8f0,0x003CD8F0,0x003CD978,136
FUN_003cd978,0x003CD978,0x003CDA08,144
FUN_003cda10,0x003CDA10,0x003CDB9C,396
FUN_003cdba0,0x003CDBA0,0x003CDBC8,40
FUN_003cdbd0,0x003CDBD0,0x003CDC50,128
FUN_003cdc50,0x003CDC50,0x003CDC70,32
FUN_003cdc78,0x003CDC78,0x003CDDDC,356
FUN_003cdde0,0x003CDDE0,0x003CDF58,376
FUN_003cdf58,0x003CDF58,0x003CE0CC,372
FUN_003ce0d0,0x003CE0D0,0x003CE18C,188
FUN_003ce190,0x003CE190,0x003CE220,144
FUN_003ce220,0x003CE220,0x003CE2F8,216
FUN_003ce2f8,0x003CE2F8,0x003CE368,112
FUN_003ce368,0x003CE368,0x003CE44C,228
FUN_003ce450,0x003CE450,0x003CE4F8,168
FUN_003ce4f8,0x003CE4F8,0x003CE55C,100
FUN_003ce560,0x003CE560,0x003CE630,208
FUN_003ce630,0x003CE630,0x003CE670,64
FUN_003ce670,0x003CE670,0x003CE6D8,104
FUN_003ce6d8,0x003CE6D8,0x003CE84C,372
FUN_003ce850,0x003CE850,0x003CF7DC,3980
FUN_003cf7e0,0x003CF7E0,0x003CF870,144
FUN_003cf870,0x003CF870,0x003CF888,24
FUN_003cf888,0x003CF888,0x003CF918,144
FUN_003cf918,0x003CF918,0x003CF9FC,228
FUN_003cfa00,0x003CFA00,0x003CFB34,308
FUN_003cfba8,0x003CFBA8,0x003CFCD4,300
FUN_003cfcd8,0x003CFCD8,0x003CFD80,168
FUN_003cfd80,0x003CFD80,0x003CFDDC,92
FUN_003cfde0,0x003CFDE0,0x003CFFD0,496
FUN_003d0048,0x003D0048,0x003D0050,8
FUN_003d0050,0x003D0050,0x003D0078,40
FUN_003d0078,0x003D0078,0x003D009C,36
FUN_003d00a0,0x003D00A0,0x003D02BC,540
FUN_003d02c0,0x003D02C0,0x003D03CC,268
FUN_003d03d8,0x003D03D8,0x003D0558,384
FUN_003d0670,0x003D0670,0x003D06B0,64
vcs_Opcode0048_CreateCar,0x003D06B0,0x003D0B60,1200
FUN_003d0b60,0x003D0B60,0x003D0C10,176
FUN_003d0c10,0x003D0C10,0x003D0DF0,480
FUN_003d0df0,0x003D0DF0,0x003D0E7C,140
FUN_003d0e80,0x003D0E80,0x003D0EC8,72
vcs_Opcode004D_GetCarCoordinates,0x003D0EC8,0x003D0F7C,180
FUN_003d0f80,0x003D0F80,0x003D1194,532
FUN_003d1198,0x003D1198,0x003D1270,216
FUN_003d1270,0x003D1270,0x003D1348,216
vcs_Opcode004F_IsCarStillAlive,0x003D1348,0x003D1424,220
vcs_Opcode0050_SetCarCruiseSpeed,0x003D1428,0x003D14C8,160
FUN_003d14c8,0x003D14C8,0x003D1540,120
vcs_Opcode0051_SetCarDrivingStyle,0x003D1540,0x003D1598,88
vcs_Opcode0052_SetCarMission,0x003D1598,0x003D1670,216
FUN_003d1670,0x003D1670,0x003D1790,288
FUN_003d1790,0x003D1790,0x003D18C8,312
vcs_Opcode00A0_IsCarDead,0x003D18C8,0x003D19A4,220
FUN_003d19a8,0x003D19A8,0x003D1A88,224
FUN_003d1a88,0x003D1A88,0x003D1AD4,76
FUN_003d1ad8,0x003D1AD8,0x003D1B24,76
FUN_003d1b28,0x003D1B28,0x003D1BE8,192
vcs_Opcode00A9_CreateCarGenerator,0x003D1BE8,0x003D1C88,160
vcs_Opcode00AA_SwitchCarGenerator,0x003D1C88,0x003D1D28,160
vcs_Opcode00D0_GetCarHeading,0x003D1D28,0x003D1E28,256
vcs_Opcode00D1_SetCarHeading,0x003D1E28,0x003D1E94,108
FUN_003d1e98,0x003D1E98,0x003D1F8C,244
FUN_003d1f90,0x003D1F90,0x003D206C,220
FUN_003d2070,0x003D2070,0x003D20D4,100
FUN_003d20d8,0x003D20D8,0x003D211C,68
FUN_003d2120,0x003D2120,0x003D2140,32
FUN_003d2140,0x003D2140,0x003D2214,212
FUN_003d2218,0x003D2218,0x003D2294,124
FUN_003d2298,0x003D2298,0x003D2304,108
FUN_003d2308,0x003D2308,0x003D2380,120
FUN_003d2380,0x003D2380,0x003D23F4,116
FUN_003d23f8,0x003D23F8,0x003D2438,64
FUN_003d2438,0x003D2438,0x003D2548,272
FUN_003d2548,0x003D2548,0x003D2624,220
vcs_Opcode012C_IsCarInAirProper,0x003D2628,0x003D26F4,204
FUN_003d26f8,0x003D26F8,0x003D2800,264
FUN_003d2800,0x003D2800,0x003D2858,88
FUN_003d2858,0x003D2858,0x003D28C8,112
FUN_003d28c8,0x003D28C8,0x003D29C8,256
FUN_003d29c8,0x003D29C8,0x003D2AA4,220
FUN_003d2aa8,0x003D2AA8,0x003D2B04,92
FUN_003d2b08,0x003D2B08,0x003D2B80,120
FUN_003d2b80,0x003D2B80,0x003D2C6C,236
FUN_003d2c70,0x003D2C70,0x003D2DF8,392
FUN_003d2df8,0x003D2DF8,0x003D2E80,136
FUN_003d2e80,0x003D2E80,0x003D2EFC,124
FUN_003d2f00,0x003D2F00,0x003D2FD4,212
FUN_003d2fd8,0x003D2FD8,0x003D3058,128
FUN_003d3058,0x003D3058,0x003D3198,320
FUN_003d3198,0x003D3198,0x003D3280,232
FUN_003d3280,0x003D3280,0x003D344C,460
FUN_003d3450,0x003D3450,0x003D362C,476
FUN_003d3630,0x003D3630,0x003D374C,284
FUN_003d3750,0x003D3750,0x003D37D8,136
FUN_003d37d8,0x003D37D8,0x003D3838,96
FUN_003d3838,0x003D3838,0x003D3924,236
FUN_003d3928,0x003D3928,0x003D39BC,148
FUN_003d39c0,0x003D39C0,0x003D3A54,148
FUN_003d3a58,0x003D3A58,0x003D3B64,268
FUN_003d3b68,0x003D3B68,0x003D3BF0,136
vcs_Opcode01F6_GetRandomCarOfTypeInArea,0x003D3BF0,0x003D3DDC,492
FUN_003d3de0,0x003D3DE0,0x003D3E54,116
FUN_003d3e58,0x003D3E58,0x003D3EE0,136
FUN_003d3ee0,0x003D3EE0,0x003D3F60,128
FUN_003d3f60,0x003D3F60,0x003D3FC4,100
FUN_003d3fc8,0x003D3FC8,0x003D4048,128
FUN_003d4048,0x003D4048,0x003D40F4,172
FUN_003d40f8,0x003D40F8,0x003D4220,296
FUN_003d4220,0x003D4220,0x003D4294,116
FUN_003d4298,0x003D4298,0x003D432C,148
vcs_Opcode0246_ClearAreaOfCars,0x003D4330,0x003D43D4,164
vcs_Opcode024E_CreateRandomCarForCarPark,0x003D43D8,0x003D4988,1456
FUN_003d4988,0x003D4988,0x003D4A64,220
FUN_003d4a68,0x003D4A68,0x003D4AE0,120
FUN_003d4ae0,0x003D4AE0,0x003D4B24,68
FUN_003d4b28,0x003D4B28,0x003D4C04,220
FUN_003d4c08,0x003D4C08,0x003D4C90,136
FUN_003d4c90,0x003D4C90,0x003D4CFC,108
FUN_003d4d00,0x003D4D00,0x003D4D70,112
FUN_003d4d70,0x003D4D70,0x003D4E34,196
FUN_003d4e38,0x003D4E38,0x003D4FAC,372
FUN_003d4fb0,0x003D4FB0,0x003D503C,140
FUN_003d5040,0x003D5040,0x003D50B8,120
FUN_003d50b8,0x003D50B8,0x003D5150,152
FUN_003d5150,0x003D5150,0x003D5248,248
FUN_003d5248,0x003D5248,0x003D52BC,116
FUN_003d52c0,0x003D52C0,0x003D530C,76
FUN_003d5310,0x003D5310,0x003D53A8,152
FUN_003d53a8,0x003D53A8,0x003D53FC,84
vcs_Opcode02BD_GetDriverOfCar,0x003D5400,0x003D5484,132
FUN_003d5488,0x003D5488,0x003D54F8,112
FUN_003d54f8,0x003D54F8,0x003D5540,72
FUN_003d5540,0x003D5540,0x003D5598,88
FUN_003d5598,0x003D5598,0x003D5628,144
vcs_Opcode02D8_IsCarOnFire,0x003D5628,0x003D574C,292
FUN_003d5750,0x003D5750,0x003D5914,452
FUN_003d5918,0x003D5918,0x003D5980,104
FUN_003d5980,0x003D5980,0x003D5A54,212
FUN_003d5a58,0x003D5A58,0x003D5AD4,124
FUN_003d5ad8,0x003D5AD8,0x003D5BD0,248
FUN_003d5bd0,0x003D5BD0,0x003D5C1C,76
FUN_003d5c20,0x003D5C20,0x003D5C88,104
FUN_003d5c88,0x003D5C88,0x003D5D04,124
FUN_003d5d08,0x003D5D08,0x003D5D64,92
FUN_003d5d68,0x003D5D68,0x003D5DB4,76
FUN_003d5db8,0x003D5DB8,0x003D5E74,188
FUN_003d5e78,0x003D5E78,0x003D5ECC,84
FUN_003d5ed0,0x003D5ED0,0x003D5F4C,124
FUN_003d5f50,0x003D5F50,0x003D5F9C,76
FUN_003d5fa0,0x003D5FA0,0x003D60A0,256
FUN_003d60a0,0x003D60A0,0x003D61DC,316
FUN_003d61e0,0x003D61E0,0x003D62E8,264
FUN_003d62e8,0x003D62E8,0x003D6358,112
FUN_003d6358,0x003D6358,0x003D64E0,392
FUN_003d64e0,0x003D64E0,0x003D655C,124
FUN_003d6560,0x003D6560,0x003D6778,536
FUN_003d6778,0x003D6778,0x003D67C4,76
FUN_003d67c8,0x003D67C8,0x003D68A4,220
FUN_003d68a8,0x003D68A8,0x003D68FC,84
FUN_003d6900,0x003D6900,0x003D6A44,324
FUN_003d6a48,0x003D6A48,0x003D6B60,280
FUN_003d6b60,0x003D6B60,0x003D6C8C,300
FUN_003d6c90,0x003D6C90,0x003D6CEC,92
FUN_003d6cf0,0x003D6CF0,0x003D6D78,136
FUN_003d6d78,0x003D6D78,0x003D6E60,232
FUN_003d6e60,0x003D6E60,0x003D6F30,208
FUN_003d6f30,0x003D6F30,0x003D7000,208
FUN_003d7000,0x003D7000,0x003D70D0,208
vcs_Opcode0397_IsBoatInWater,0x003D70D0,0x003D71AC,220
FUN_003d71b0,0x003D71B0,0x003D728C,220
FUN_003d7290,0x003D7290,0x003D7384,244
FUN_003d7388,0x003D7388,0x003D74CC,324
FUN_003d74d0,0x003D74D0,0x003D7570,160
FUN_003d7570,0x003D7570,0x003D7714,420
FUN_003d7718,0x003D7718,0x003D77BC,164
FUN_003d77c0,0x003D77C0,0x003D783C,124
FUN_003d7840,0x003D7840,0x003D7A98,600
FUN_003d7a98,0x003D7A98,0x003D7B30,152
FUN_003d7b30,0x003D7B30,0x003D7BC0,144
FUN_003d7bc0,0x003D7BC0,0x003D7D64,420
FUN_003d7d68,0x003D7D68,0x003D7E04,156
FUN_003d7e08,0x003D7E08,0x003D7E78,112
FUN_003d7e78,0x003D7E78,0x003D7EF8,128
FUN_003d7ef8,0x003D7EF8,0x003D7FD0,216
FUN_003d7fd0,0x003D7FD0,0x003D8034,100
FUN_003d8038,0x003D8038,0x003D80B0,120
FUN_003d80b0,0x003D80B0,0x003D8130,128
FUN_003d8130,0x003D8130,0x003D82F4,452
FUN_003d82f8,0x003D82F8,0x003D83EC,244
FUN_003d83f0,0x003D83F0,0x003D86C4,724
FUN_003d86c8,0x003D86C8,0x003D8888,448
FUN_003d8888,0x003D8888,0x003D8A48,448
FUN_003d8a48,0x003D8A48,0x003D8ABC,116
FUN_003d8ac0,0x003D8AC0,0x003D8B34,116
FUN_003d8b38,0x003D8B38,0x003D8BD0,152
FUN_003d8bd0,0x003D8BD0,0x003D8C68,152
FUN_003d8c68,0x003D8C68,0x003D8CFC,148
FUN_003d8d00,0x003D8D00,0x003D8E38,312
FUN_003d8e38,0x003D8E38,0x003D8E80,72
FUN_003d8e80,0x003D8E80,0x003D8F38,184
FUN_003d8f38,0x003D8F38,0x003D8FF4,188
FUN_003d8ff8,0x003D8FF8,0x003D9084,140
FUN_003d9088,0x003D9088,0x003D9114,140
FUN_003d9118,0x003D9118,0x003D9184,108
FUN_003d9188,0x003D9188,0x003D9210,136
FUN_003d9210,0x003D9210,0x003D9290,128
vcs_Opcode04DD_MakeVehicleInvisible,0x003D9290,0x003D92E0,80
FUN_003d92e0,0x003D92E0,0x003D9364,132
FUN_003d9368,0x003D9368,0x003D943C,212
FUN_003d9440,0x003D9440,0x003D9514,212
FUN_003d9518,0x003D9518,0x003D961C,260
FUN_003d9620,0x003D9620,0x003D9674,84
FUN_003d9678,0x003D9678,0x003D9718,160
vcs_CCarGenerator_SwitchOff,0x003D9718,0x003D9730,24
vcs_CCarGenerator_SwitchOn,0x003D9730,0x003D9770,64
vcs_CCarGenerator_CalcNextGen,0x003D9770,0x003D9780,16
FUN_003d9780,0x003D9780,0x003D9F90,2064
FUN_003d9f90,0x003D9F90,0x003DA0AC,284
vcs_CCarGenerator_Setup,0x003DA0B0,0x003DA108,88
FUN_003da108,0x003DA108,0x003DA370,616
FUN_003da370,0x003DA370,0x003DA578,520
FUN_003da578,0x003DA578,0x003DA660,232
vcs_CTheCarGenerators_CreateCarGenerator,0x003DA660,0x003DA700,160
vcs_CTheCarGenerators_Init,0x003DA700,0x003DA724,36
FUN_003da738,0x003DA738,0x003DA744,12
FUN_003da748,0x003DA748,0x003DA750,8
FUN_003da760,0x003DA760,0x003DA76C,12
FUN_003da780,0x003DA780,0x003DA80C,140
FUN_003da810,0x003DA810,0x003DA8E4,212
FUN_003da8e8,0x003DA8E8,0x003DA978,144
FUN_003da978,0x003DA978,0x003DAAC4,332
vcs_Opcode0055_PrintBig,0x003DAAC8,0x003DABA4,220
FUN_003daba8,0x003DABA8,0x003DAC7C,212
vcs_Opcode0057_PrintNow,0x003DAC80,0x003DAD5C,220
FUN_003dad60,0x003DAD60,0x003DAE34,212
FUN_003dae38,0x003DAE38,0x003DAE58,32
vcs_Opcode011D_PrintWithNumberBig,0x003DAE58,0x003DAF50,248
vcs_Opcode011E_PrintWithNumber,0x003DAF50,0x003DB040,240
vcs_Opcode011F_PrintWithNumberNow,0x003DB040,0x003DB138,248
FUN_003db138,0x003DB138,0x003DB228,240
FUN_003db228,0x003DB228,0x003DB304,220
FUN_003db308,0x003DB308,0x003DB400,248
FUN_003db400,0x003DB400,0x003DB470,112
FUN_003db470,0x003DB470,0x003DB560,240
FUN_003db560,0x003DB560,0x003DB658,248
FUN_003db658,0x003DB658,0x003DB748,240
FUN_003db748,0x003DB748,0x003DB838,240
FUN_003db838,0x003DB838,0x003DB930,248
FUN_003db930,0x003DB930,0x003DBA20,240
FUN_003dba20,0x003DBA20,0x003DBB10,240
FUN_003dbb10,0x003DBB10,0x003DBD24,532
vcs_Opcode0204_SetTextScale,0x003DBD28,0x003DBDA0,120
vcs_Opcode0205_SetTextColour,0x003DBDA0,0x003DBE5C,188
FUN_003dbe60,0x003DBE60,0x003DBEEC,140
FUN_003dbef0,0x003DBEF0,0x003DBF7C,140
vcs_Opcode0208_SetTextWrapX,0x003DBF80,0x003DC004,132
FUN_003dc008,0x003DC008,0x003DC094,140
FUN_003dc098,0x003DC098,0x003DC124,140
FUN_003dc128,0x003DC128,0x003DC220,248
FUN_003dc220,0x003DC220,0x003DC318,248
FUN_003dc318,0x003DC318,0x003DC45C,324
FUN_003dc460,0x003DC460,0x003DC4F0,144
FUN_003dc4f0,0x003DC4F0,0x003DC580,144
FUN_003dc580,0x003DC580,0x003DC60C,140
vcs_Opcode0267_PrintHelp,0x003DC610,0x003DC6CC,188
FUN_003dc6d0,0x003DC6D0,0x003DC740,112
FUN_003dc740,0x003DC740,0x003DC784,68
FUN_003dc788,0x003DC788,0x003DC7D8,80
FUN_003dc7d8,0x003DC7D8,0x003DC95C,388
FUN_003dc960,0x003DC960,0x003DCAF0,400
vcs_Opcode0323_PrintHelpForever,0x003DCAF0,0x003DCC00,272
FUN_003dcc00,0x003DCC00,0x003DCC5C,92
FUN_003dcc60,0x003DCC60,0x003DCD48,232
FUN_003dcd48,0x003DCD48,0x003DCE30,232
FUN_003dce30,0x003DCE30,0x003DCF64,308
FUN_003dcf68,0x003DCF68,0x003DD09C,308
FUN_003dd0a0,0x003DD0A0,0x003DD17C,220
FUN_003dd180,0x003DD180,0x003DD274,244
FUN_003dd278,0x003DD278,0x003DD36C,244
FUN_003dd370,0x003DD370,0x003DD42C,188
FUN_003dd430,0x003DD430,0x003DD4EC,188
FUN_003dd4f0,0x003DD4F0,0x003DD5D8,232
FUN_003dd5d8,0x003DD5D8,0x003DD6C0,232
FUN_003dd6c0,0x003DD6C0,0x003DD7C8,264
FUN_003dd7c8,0x003DD7C8,0x003DD8A0,216
FUN_003dd8a0,0x003DD8A0,0x003DD930,144
FUN_003dd930,0x003DD930,0x003DDA0C,220
vcs_Opcode04CD_SetAreaName,0x003DDA10,0x003DDBAC,412
FUN_003ddbb0,0x003DDBB0,0x003DDDBC,524
FUN_003dddc0,0x003DDDC0,0x003DDE18,88
FUN_003dde18,0x003DDE18,0x003DDE98,128
FUN_003dde98,0x003DDE98,0x003DDEF4,92
FUN_003ddef8,0x003DDEF8,0x003DDF48,80
FUN_003ddfe0,0x003DDFE0,0x003DE028,72
FUN_003de028,0x003DE028,0x003DE074,76
FUN_003de078,0x003DE078,0x003DE0C4,76
FUN_003de0c8,0x003DE0C8,0x003DE19C,212
FUN_003de1a0,0x003DE1A0,0x003DE2B0,272
FUN_003de2b0,0x003DE2B0,0x003DE2FC,76
FUN_003de300,0x003DE300,0x003DE36C,108
FUN_003de370,0x003DE370,0x003DE3DC,108
FUN_003de3e0,0x003DE3E0,0x003DE44C,108
FUN_003de450,0x003DE450,0x003DE4BC,108
FUN_003de4c0,0x003DE4C0,0x003DE52C,108
FUN_003de530,0x003DE530,0x003DE59C,108
FUN_003de5a0,0x003DE5A0,0x003DE60C,108
FUN_003de610,0x003DE610,0x003DE67C,108
FUN_003de680,0x003DE680,0x003DE6EC,108
FUN_003de6f0,0x003DE6F0,0x003DE800,272
FUN_003de800,0x003DE800,0x003DE894,148
FUN_003de898,0x003DE898,0x003DE90C,116
FUN_003de910,0x003DE910,0x003DE95C,76
FUN_003de960,0x003DE960,0x003DE9AC,76
FUN_003de9b0,0x003DE9B0,0x003DEA1C,108
FUN_003dea20,0x003DEA20,0x003DEA8C,108
FUN_003dea90,0x003DEA90,0x003DEAFC,108
FUN_003deb00,0x003DEB00,0x003DEB94,148
FUN_003deb98,0x003DEB98,0x003DEBF8,96
FUN_003debf8,0x003DEBF8,0x003DEC8C,148
FUN_003dec90,0x003DEC90,0x003DECDC,76
FUN_003dece0,0x003DECE0,0x003DEDE0,256
FUN_003dede0,0x003DEDE0,0x003DEE28,72
FUN_003dee28,0x003DEE28,0x003DEE70,72
FUN_003dee70,0x003DEE70,0x003DEEEC,124
FUN_003deef0,0x003DEEF0,0x003DEFE4,244
FUN_003defe8,0x003DEFE8,0x003DF0D4,236
FUN_003df0d8,0x003DF0D8,0x003DF140,104
FUN_003df140,0x003DF140,0x003DF198,88
FUN_003df198,0x003DF198,0x003DF2A0,264
FUN_003df2a0,0x003DF2A0,0x003DF378,216
FUN_003df378,0x003DF378,0x003DF4C8,336
FUN_003df4c8,0x003DF4C8,0x003DF4E8,32
FUN_003df4e8,0x003DF4E8,0x003DF508,32
FUN_003df508,0x003DF508,0x003DF528,32
FUN_003df528,0x003DF528,0x003DF548,32
FUN_003df548,0x003DF548,0x003DF618,208
FUN_003df618,0x003DF618,0x003DF67C,100
FUN_003df680,0x003DF680,0x003DF6E4,100
FUN_003df6e8,0x003DF6E8,0x003DF710,40
FUN_003df710,0x003DF710,0x003DF7B4,164
FUN_003df7b8,0x003DF7B8,0x003DF7F4,60
FUN_003df7f8,0x003DF7F8,0x003DF888,144
FUN_003df888,0x003DF888,0x003DF8C4,60
FUN_003df8c8,0x003DF8C8,0x003DF8FC,52
FUN_003df900,0x003DF900,0x003DF954,84
FUN_003df958,0x003DF958,0x003DFA1C,196
FUN_003dfa20,0x003DFA20,0x003DFAF8,216
FUN_003dfaf8,0x003DFAF8,0x003DFB78,128
FUN_003dfb78,0x003DFB78,0x003DFC5C,228
FUN_003dfc60,0x003DFC60,0x003DFD68,264
FUN_003dfd68,0x003DFD68,0x003DFE54,236
FUN_003dfe58,0x003DFE58,0x003DFE64,12
FUN_003dfe68,0x003DFE68,0x003DFEAC,68
FUN_003dfeb0,0x003DFEB0,0x003DFEC4,20
FUN_003dfec8,0x003DFEC8,0x003DFF0C,68
FUN_003dff10,0x003DFF10,0x003DFF50,64
FUN_003dff50,0x003DFF50,0x003DFFDC,140
FUN_003dffe8,0x003DFFE8,0x003E009C,180
FUN_003e00a0,0x003E00A0,0x003E00D4,52
FUN_003e00d8,0x003E00D8,0x003E0140,104
FUN_003e0140,0x003E0140,0x003E021C,220
FUN_003e0220,0x003E0220,0x003E0274,84
FUN_003e0280,0x003E0280,0x003E02D0,80
FUN_003e02d0,0x003E02D0,0x003E0328,88
FUN_003e0328,0x003E0328,0x003E03A4,124
FUN_003e03a8,0x003E03A8,0x003E0498,240
FUN_003e0498,0x003E0498,0x003E0668,464
FUN_003e0668,0x003E0668,0x003E07CC,356
FUN_003e07d0,0x003E07D0,0x003E0A20,592
FUN_003e0a20,0x003E0A20,0x003E0B20,256
FUN_003e0b20,0x003E0B20,0x003E0B84,100
FUN_003e0b88,0x003E0B88,0x003E0DCC,580
FUN_003e0dd0,0x003E0DD0,0x003E0E0C,60
FUN_003e0e10,0x003E0E10,0x003E0ED4,196
FUN_003e0ed8,0x003E0ED8,0x003E0F14,60
FUN_003e0f18,0x003E0F18,0x003E0F90,120
FUN_003e0f90,0x003E0F90,0x003E108C,252
FUN_003e10a0,0x003E10A0,0x003E1250,432
FUN_003e1250,0x003E1250,0x003E1288,56
FUN_003e1288,0x003E1288,0x003E12F0,104
FUN_003e12f0,0x003E12F0,0x003E1310,32
FUN_003e1310,0x003E1310,0x003E1330,32
FUN_003e1330,0x003E1330,0x003E1350,32
FUN_003e1350,0x003E1350,0x003E13A0,80
FUN_003e13a0,0x003E13A0,0x003E1460,192
FUN_003e1460,0x003E1460,0x003E14FC,156
FUN_003e1500,0x003E1500,0x003E15A4,164
FUN_003e15a8,0x003E15A8,0x003E165C,180
FUN_003e1660,0x003E1660,0x003E18C0,608
FUN_003e18e8,0x003E18E8,0x003E1A9C,436
FUN_003e1aa0,0x003E1AA0,0x003E1B78,216
FUN_003e1b78,0x003E1B78,0x003E218C,1556
FUN_003e2190,0x003E2190,0x003E23A8,536
FUN_003e23a8,0x003E23A8,0x003E2834,1164
FUN_003e2838,0x003E2838,0x003E29E0,424
FUN_003e29e0,0x003E29E0,0x003E2A7C,156
FUN_003e2a88,0x003E2A88,0x003E2B94,268
FUN_003e2b98,0x003E2B98,0x003E2D00,360
FUN_003e2d00,0x003E2D00,0x003E2FC0,704
FUN_003e2ff0,0x003E2FF0,0x003E32A0,688
FUN_003e32a0,0x003E32A0,0x003E361C,892
FUN_003e3620,0x003E3620,0x003E3820,512
FUN_003e3820,0x003E3820,0x003E3874,84
FUN_003e3878,0x003E3878,0x003E38DC,100
FUN_003e38e0,0x003E38E0,0x003E3900,32
FUN_003e3940,0x003E3940,0x003E3A28,232
FUN_003e3a28,0x003E3A28,0x003E4530,2824
FUN_003e4530,0x003E4530,0x003E453C,12
FUN_003e4540,0x003E4540,0x003E4564,36
FUN_003e4568,0x003E4568,0x003E4578,16
FUN_003e4578,0x003E4578,0x003E482C,692
FUN_003e4830,0x003E4830,0x003E4ABC,652
FUN_003e4ac0,0x003E4AC0,0x003E4ED8,1048
FUN_003e4ed8,0x003E4ED8,0x003E55CC,1780
FUN_003e55d0,0x003E55D0,0x003E5D84,1972
FUN_003e5d88,0x003E5D88,0x003E5DD8,80
FUN_003e5dd8,0x003E5DD8,0x003E5E1C,68
FUN_003e5e20,0x003E5E20,0x003E5E28,8
FUN_003e5e28,0x003E5E28,0x003E5F90,360
FUN_003e5f90,0x003E5F90,0x003E5F98,8
FUN_003e5f98,0x003E5F98,0x003E5FB8,32
FUN_003e5fb8,0x003E5FB8,0x003E5FF8,64
FUN_003e6000,0x003E6000,0x003E6030,48
FUN_003e6030,0x003E6030,0x003E6058,40
FUN_003e6058,0x003E6058,0x003E6078,32
FUN_003e6080,0x003E6080,0x003E6088,8
FUN_003e6088,0x003E6088,0x003E6090,8
FUN_003e6090,0x003E6090,0x003E6098,8
FUN_003e6098,0x003E6098,0x003E60A0,8
FindConfigurationRecordById,0x003E60A0,0x003E6160,192
FUN_003e6160,0x003E6160,0x003E61D8,116
FUN_003e61f0,0x003E61F0,0x003E6260,108
FUN_003e6260,0x003E6260,0x003E6268,8
FUN_003e6268,0x003E6268,0x003E6270,8
FUN_003e6270,0x003E6270,0x003E62A8,56
FUN_003e62b0,0x003E62B0,0x003E62D4,36
FUN_003e62d8,0x003E62D8,0x003E62FC,36
FUN_003e6300,0x003E6300,0x003E6964,1636
FUN_003e6968,0x003E6968,0x003E6A00,152
FUN_003e6a00,0x003E6A00,0x003E6BE8,488
FUN_003e6be8,0x003E6BE8,0x003E6C0C,36
FUN_003e6c18,0x003E6C18,0x003E6C40,40
FUN_003e6c40,0x003E6C40,0x003E6C9C,92
FUN_003e6ca0,0x003E6CA0,0x003E6CF8,88
FUN_003e6cf8,0x003E6CF8,0x003E6E6C,372
FUN_003e6e70,0x003E6E70,0x003E6EF0,128
FUN_003e6ef0,0x003E6EF0,0x003E6F20,48
FUN_003e6f20,0x003E6F20,0x003E791C,2556
FUN_003e7920,0x003E7920,0x003E81FC,2268
FUN_003e8200,0x003E8200,0x003E82C8,200
FUN_003e82c8,0x003E82C8,0x003E83A4,220
FUN_003e83a8,0x003E83A8,0x003E89D8,1584
FUN_003e89d8,0x003E89D8,0x003E8AC4,236
FUN_003e8ac8,0x003E8AC8,0x003E8C34,364
FUN_003e8c38,0x003E8C38,0x003E8DBC,388
FUN_003e8dc0,0x003E8DC0,0x003E8F48,392
FUN_003e8f48,0x003E8F48,0x003E9258,784
FUN_003e9258,0x003E9258,0x003E93F0,408
FUN_003e93f0,0x003E93F0,0x003E94B8,200
FUN_003e94b8,0x003E94B8,0x003E971C,612
FUN_003e9720,0x003E9720,0x003E979C,124
FUN_003e97a0,0x003E97A0,0x003E9824,132
FUN_003e9828,0x003E9828,0x003E9848,32
FUN_003e9848,0x003E9848,0x003E986C,36
FUN_003e9870,0x003E9870,0x003E9A04,404
FUN_003e9a08,0x003E9A08,0x003E9A6C,100
FUN_003e9a70,0x003E9A70,0x003E9B48,216
FUN_003e9b48,0x003E9B48,0x003E9B80,56
FUN_003e9b80,0x003E9B80,0x003E9BCC,76
FUN_003e9bd0,0x003E9BD0,0x003E9C34,100
FUN_003e9c38,0x003E9C38,0x003E9CAC,116
FUN_003e9cb0,0x003E9CB0,0x003E9CD8,40
FUN_003e9cd8,0x003E9CD8,0x003E9DE0,264
FUN_003e9de0,0x003E9DE0,0x003EA070,656
FUN_003ea070,0x003EA070,0x003EA140,208
FUN_003ea140,0x003EA140,0x003EA1D0,144
FUN_003ea1d0,0x003EA1D0,0x003EA2B4,228
FUN_003ea2b8,0x003EA2B8,0x003EA30C,84
FUN_003ea310,0x003EA310,0x003EA344,52
FUN_003ea348,0x003EA348,0x003EA3E4,156
FUN_003ea3e8,0x003EA3E8,0x003EA468,128
FUN_003ea468,0x003EA468,0x003EA4A4,60
FUN_003ea4a8,0x003EA4A8,0x003EA850,936
FUN_003ea850,0x003EA850,0x003EA8D4,132
FUN_003ea8d8,0x003EA8D8,0x003EA91C,68
FUN_003ea920,0x003EA920,0x003EA9CC,172
FUN_003ea9d0,0x003EA9D0,0x003EDD50,13184
FUN_003edd50,0x003EDD50,0x003EE60C,2236
FUN_003ee610,0x003EE610,0x003EF128,2840
FUN_003ef138,0x003EF138,0x003EF16C,52
FUN_003ef170,0x003EF170,0x003EF1E4,116
FUN_003ef1e8,0x003EF1E8,0x003EF320,312
FUN_003ef320,0x003EF320,0x003EF6BC,924
FUN_003ef6c0,0x003EF6C0,0x003EFC04,1348
FUN_003efc08,0x003EFC08,0x003EFC10,8
FUN_003efc18,0x003EFC18,0x003F0008,1008
FUN_003f0008,0x003F0008,0x003F002C,36
FUN_003f0030,0x003F0030,0x003F07D0,1952
FUN_003f07d0,0x003F07D0,0x003F0B00,816
FUN_003f0b00,0x003F0B00,0x003F0D60,608
FUN_003f0d60,0x003F0D60,0x003F1E88,3428
FUN_003f1e88,0x003F1E88,0x003F22AC,1060
FUN_003f22b0,0x003F22B0,0x003F263C,908
FUN_003f2648,0x003F2648,0x003F2684,60
FUN_003f2688,0x003F2688,0x003F2C1C,1428
FUN_003f2c20,0x003F2C20,0x003F2C98,120
FUN_003f2c98,0x003F2C98,0x003F2CE0,72
FUN_003f2ce0,0x003F2CE0,0x003F3604,2340
FUN_003f3608,0x003F3608,0x003F3650,72
FUN_003f3650,0x003F3650,0x003F3678,40
FUN_003f3678,0x003F3678,0x003F36A0,40
FUN_003f36a0,0x003F36A0,0x003F3714,116
FUN_003f3718,0x003F3718,0x003F37F4,220
FUN_003f37f8,0x003F37F8,0x003F3A20,552
FUN_003f3a20,0x003F3A20,0x003F3A94,116
FUN_003f3a98,0x003F3A98,0x003F3C1C,388
FUN_003f3c20,0x003F3C20,0x003F3C70,80
FUN_003f3c70,0x003F3C70,0x003F3C80,16
FUN_003f3c80,0x003F3C80,0x003F3CF4,116
FUN_003f3cf8,0x003F3CF8,0x003F3D30,56
FUN_003f3d30,0x003F3D30,0x003F3D60,48
FUN_003f3d60,0x003F3D60,0x003F3D80,32
ApplyBootstrapConfigurationRecordModes,0x003F3D88,0x003F3F24,408
FUN_003f3f28,0x003F3F28,0x003F3F34,12
FUN_003f3f38,0x003F3F38,0x003F4018,224
FUN_003f4018,0x003F4018,0x003F4090,120
FUN_003f4090,0x003F4090,0x003F42F8,616
FUN_003f42f8,0x003F42F8,0x003F4308,16
FUN_003f4308,0x003F4308,0x003F4314,12
FUN_003f4318,0x003F4318,0x003F4324,12
FUN_003f4328,0x003F4328,0x003F4348,32
FUN_003f4348,0x003F4348,0x003F4354,12
FUN_003f4358,0x003F4358,0x003F4388,48
FUN_003f4388,0x003F4388,0x003F4394,12
FUN_003f4398,0x003F4398,0x003F43A4,12
FUN_003f43a8,0x003F43A8,0x003F43B4,12
FUN_003f43b8,0x003F43B8,0x003F4404,76
FUN_003f4408,0x003F4408,0x003F4414,12
FUN_003f4418,0x003F4418,0x003F443C,36
FUN_003f4440,0x003F4440,0x003F4488,72
FUN_003f4488,0x003F4488,0x003F44D4,76
FUN_003f44d8,0x003F44D8,0x003F44E4,12
FUN_003f44e8,0x003F44E8,0x003F4534,76
FUN_003f4538,0x003F4538,0x003F4544,12
FUN_003f4548,0x003F4548,0x003F4554,12
FUN_003f4558,0x003F4558,0x003F4564,12
FUN_003f4568,0x003F4568,0x003F4574,12
FUN_003f4578,0x003F4578,0x003F4584,12
FUN_003f4588,0x003F4588,0x003F4610,136
FUN_003f4610,0x003F4610,0x003F4688,120
FUN_003f4688,0x003F4688,0x003F46C0,56
FUN_003f46c0,0x003F46C0,0x003F4734,116
FUN_003f4738,0x003F4738,0x003F4744,12
FUN_003f4748,0x003F4748,0x003F4754,12
FUN_003f4758,0x003F4758,0x003F47CC,116
FUN_003f47d0,0x003F47D0,0x003F47DC,12
FUN_003f47e0,0x003F47E0,0x003F47EC,12
FUN_003f47f0,0x003F47F0,0x003F483C,76
FUN_003f4840,0x003F4840,0x003F484C,12
FUN_003f4850,0x003F4850,0x003F48E8,152
FUN_003f48e8,0x003F48E8,0x003F4908,32
FUN_003f4908,0x003F4908,0x003F49AC,164
FUN_003f49b0,0x003F49B0,0x003F4A04,84
FUN_003f4a08,0x003F4A08,0x003F4A34,44
FUN_003f4a38,0x003F4A38,0x003F4A4C,20
FUN_003f4a50,0x003F4A50,0x003F4A7C,44
FUN_003f4a80,0x003F4A80,0x003F4A94,20
FUN_003f4a98,0x003F4A98,0x003F4AA4,12
FUN_003f4aa8,0x003F4AA8,0x003F4AB4,12
FUN_003f4ab8,0x003F4AB8,0x003F4B20,104
FUN_003f4b20,0x003F4B20,0x003F4B2C,12
FUN_003f4b30,0x003F4B30,0x003F4B4C,28
FUN_003f4b50,0x003F4B50,0x003F4B58,8
FUN_003f4b58,0x003F4B58,0x003F4BB4,92
FUN_003f4bb8,0x003F4BB8,0x003F4BC8,16
FUN_003f4bc8,0x003F4BC8,0x003F4C28,96
FUN_003f4c28,0x003F4C28,0x003F4C88,96
FUN_003f4c88,0x003F4C88,0x003F4DFC,372
FUN_003f4e00,0x003F4E00,0x003F4EC8,200
FUN_003f4ec8,0x003F4EC8,0x003F4EF8,48
FUN_003f4ef8,0x003F4EF8,0x003F4F10,24
FUN_003f4f10,0x003F4F10,0x003F4F70,96
FUN_003f4f70,0x003F4F70,0x003F5394,1060
FUN_003f5398,0x003F5398,0x003F53EC,84
FUN_003f53f0,0x003F53F0,0x003F5604,532
FUN_003f5608,0x003F5608,0x003F5E44,2108
FUN_003f6720,0x003F6720,0x003F835C,7228
FUN_003f8360,0x003F8360,0x003F83D4,116
FUN_003f84c0,0x003F84C0,0x003F8B38,1656
FUN_003f8b38,0x003F8B38,0x003F8B84,76
FUN_003f8b88,0x003F8B88,0x003F8BBC,52
FUN_003f8bc0,0x003F8BC0,0x003F8F48,904
FUN_003f8f48,0x003F8F48,0x003F8FE4,156
FUN_003f8fe8,0x003F8FE8,0x003F91C0,472
FUN_003f91c0,0x003F91C0,0x003F92F8,312
FUN_003f92f8,0x003F92F8,0x003F9AC0,1992
FUN_003f9ac0,0x003F9AC0,0x003F9F44,1156
FUN_003f9f48,0x003F9F48,0x003F9F70,40
FUN_003f9f70,0x003F9F70,0x003FA054,228
FUN_003fa058,0x003FA058,0x003FA094,60
FUN_003fa098,0x003FA098,0x003FA0B8,32
FUN_003fa0b8,0x003FA0B8,0x003FA100,72
FUN_003fa108,0x003FA108,0x003FA128,32
FUN_003fa150,0x003FA150,0x003FA158,8
FUN_003fa158,0x003FA158,0x003FA198,64
FUN_003fa1a8,0x003FA1A8,0x003FA230,136
FUN_003fa250,0x003FA250,0x003FA294,68
FUN_003fa2a8,0x003FA2A8,0x003FA364,188
FUN_003fa368,0x003FA368,0x003FA420,184
FUN_003fa438,0x003FA438,0x003FA494,92
FUN_003fa498,0x003FA498,0x003FA4F0,88
FUN_003fa4f0,0x003FA4F0,0x003FA5A0,176
FUN_003fa5a0,0x003FA5A0,0x003FA5DC,60
FUN_003fa5e0,0x003FA5E0,0x003FA618,56
FUN_003fa618,0x003FA618,0x003FA6BC,164
FUN_003fa6c0,0x003FA6C0,0x003FA7C0,256
FUN_003fa7c0,0x003FA7C0,0x003FA860,160
FUN_003fa860,0x003FA860,0x003FA89C,60
FUN_003fa8a0,0x003FA8A0,0x003FA9DC,316
FUN_003faaa0,0x003FAAA0,0x003FAB0C,108
FUN_003fab10,0x003FAB10,0x003FAB6C,92
FUN_003fab70,0x003FAB70,0x003FABDC,108
FUN_003fabe8,0x003FABE8,0x003FAC64,124
FUN_003fac68,0x003FAC68,0x003FB084,1052
FUN_003fb090,0x003FB090,0x003FB0B4,36
FUN_003fb0b8,0x003FB0B8,0x003FB434,892
FUN_003fb438,0x003FB438,0x003FB4A8,112
FUN_003fb4b0,0x003FB4B0,0x003FB520,112
FUN_003fb520,0x003FB520,0x003FB58C,108
FUN_003fb598,0x003FB598,0x003FB644,172
FUN_003fb648,0x003FB648,0x003FB6DC,148
FUN_003fb6e0,0x003FB6E0,0x003FB6E8,8
FUN_003fb6e8,0x003FB6E8,0x003FB6F0,8
FUN_003fb6f0,0x003FB6F0,0x003FB6F8,8
FUN_003fb6f8,0x003FB6F8,0x003FB700,8
FUN_003fb700,0x003FB700,0x003FB708,8
FUN_003fb708,0x003FB708,0x003FB710,8
FUN_003fb710,0x003FB710,0x003FB7A4,148
FUN_003fb7a8,0x003FB7A8,0x003FB7B0,8
FUN_003fb7b0,0x003FB7B0,0x003FB814,100
FUN_003fb818,0x003FB818,0x003FB888,112
FUN_003fb888,0x003FB888,0x003FB8F4,108
FUN_003fb8f8,0x003FB8F8,0x003FB918,32
FUN_003fb918,0x003FB918,0x003FBA80,360
FUN_003fba80,0x003FBA80,0x003FBB9C,284
FUN_003fbba0,0x003FBBA0,0x003FBBEC,76
FUN_003fbbf0,0x003FBBF0,0x003FBD60,368
FUN_003fbd60,0x003FBD60,0x003FBD98,56
FUN_003fbd98,0x003FBD98,0x003FBDC8,48
FUN_003fbdc8,0x003FBDC8,0x003FC1C8,1024
FUN_003fc1c8,0x003FC1C8,0x003FC2D0,264
FUN_003fc2d0,0x003FC2D0,0x003FCC80,2480
FUN_003fcc80,0x003FCC80,0x003FD190,1296
FUN_003fd190,0x003FD190,0x003FD284,244
FUN_003fd288,0x003FD288,0x003FD330,168
FUN_003fd330,0x003FD330,0x003FD82C,1276
FUN_003fd830,0x003FD830,0x003FD954,292
FUN_003fd958,0x003FD958,0x003FDC80,808
FUN_003fdc80,0x003FDC80,0x003FDCE8,104
FUN_003fdce8,0x003FDCE8,0x003FDD08,32
FUN_003fdd18,0x003FDD18,0x003FDE10,248
FUN_003fde10,0x003FDE10,0x003FDE30,32
FUN_003fde30,0x003FDE30,0x003FE078,584
FUN_003fe078,0x003FE078,0x003FE0CC,84
FUN_003fe0d0,0x003FE0D0,0x003FE130,96
FUN_003fe130,0x003FE130,0x003FE158,40
FUN_003fe158,0x003FE158,0x003FE208,176
FUN_003fe208,0x003FE208,0x003FE340,312
FUN_003fe340,0x003FE340,0x003FE5F4,692
FUN_003fe5f8,0x003FE5F8,0x003FE67C,132
FUN_003fe680,0x003FE680,0x003FE7DC,348
FUN_003fe7e0,0x003FE7E0,0x003FE8C8,232
FUN_003fe8c8,0x003FE8C8,0x003FE97C,180
FUN_003fe9a0,0x003FE9A0,0x003FE9E0,64
FUN_003fe9e0,0x003FE9E0,0x003FEA08,40
FUN_003fea08,0x003FEA08,0x003FEA1C,20
FUN_003fea20,0x003FEA20,0x003FEAB0,144
FUN_003feab0,0x003FEAB0,0x003FEB9C,236
FUN_003feba0,0x003FEBA0,0x003FEC2C,140
FUN_003fec30,0x003FEC30,0x003FF048,1048
FUN_003ff048,0x003FF048,0x003FF0E8,160
FUN_003ff0e8,0x003FF0E8,0x003FF128,64
FUN_003ff128,0x003FF128,0x003FF144,28
FUN_003ff148,0x003FF148,0x003FF17C,52
FUN_003ff180,0x003FF180,0x003FF1B4,52
FUN_003ff1b8,0x003FF1B8,0x003FF450,664
FUN_003ff450,0x003FF450,0x003FF650,512
FUN_003ff650,0x003FF650,0x003FF910,704
FUN_003ff910,0x003FF910,0x003FFD04,1008
FUN_003ffd08,0x003FFD08,0x00400044,824
FUN_00400048,0x00400048,0x004000B8,112
FUN_004000b8,0x004000B8,0x004001F0,312
FUN_004001f0,0x004001F0,0x00400300,272
FUN_00400300,0x00400300,0x00400428,296
FUN_00400428,0x00400428,0x00400550,296
FUN_00400550,0x00400550,0x00400678,296
FUN_00400678,0x00400678,0x004007A0,296
FUN_004007a0,0x004007A0,0x00400840,160
FUN_00400840,0x00400840,0x004008CC,140
FUN_004008d0,0x004008D0,0x0040123C,2412
FUN_00401240,0x00401240,0x00401360,288
FUN_00401360,0x00401360,0x004013F0,140
FUN_004013f0,0x004013F0,0x00401518,292
FUN_00401518,0x00401518,0x004015B0,148
FUN_004015b0,0x004015B0,0x00401640,140
FUN_00401640,0x00401640,0x0040170C,204
FUN_00401710,0x00401710,0x0040175C,76
FUN_00401760,0x00401760,0x004019B0,592
FUN_004019b0,0x004019B0,0x00401A80,208
FUN_00401a80,0x00401A80,0x00401B38,184
FUN_00401b38,0x00401B38,0x00401BF0,184
FUN_00401bf0,0x00401BF0,0x00401C44,84
FUN_00401c88,0x00401C88,0x00401CB4,44
FUN_00401cb8,0x00401CB8,0x00401CD8,32
FUN_00401cd8,0x00401CD8,0x00401CF4,28
FUN_00401cf8,0x00401CF8,0x00401D80,136
FUN_00401d80,0x00401D80,0x00401DDC,92
FUN_00401de0,0x00401DE0,0x00401E5C,124
FUN_00401e60,0x00401E60,0x00401F30,208
FUN_00401f30,0x00401F30,0x00401F94,100
FUN_00401f98,0x00401F98,0x00401FC0,40
FUN_00401fc0,0x00401FC0,0x00401FDC,28
FUN_00401fe0,0x00401FE0,0x004025DC,1532
FUN_004025e0,0x004025E0,0x004029EC,1036
FUN_004029f0,0x004029F0,0x00402AA8,184
FUN_00402aa8,0x00402AA8,0x00402AEC,68
FUN_00402af0,0x00402AF0,0x00403030,1344
FUN_00403030,0x00403030,0x00403120,240
FUN_00403120,0x00403120,0x00403174,84
FUN_00403178,0x00403178,0x00403948,2000
FUN_00403948,0x00403948,0x00403A40,248
FUN_00403a40,0x00403A40,0x00403A80,64
FUN_00403a80,0x00403A80,0x00403AA0,32
FUN_00403aa0,0x00403AA0,0x00403AF0,80
FUN_00403af0,0x00403AF0,0x00403B24,52
FUN_00403b28,0x00403B28,0x00403B4C,36
FUN_00403b50,0x00403B50,0x00403B80,48
FUN_00403b80,0x00403B80,0x00403BB4,52
FUN_00403bb8,0x00403BB8,0x00403C34,124
FUN_00403c38,0x00403C38,0x00403C84,76
FUN_00403c88,0x00403C88,0x00403D24,156
FUN_00403d28,0x00403D28,0x00403D44,28
FUN_00403d48,0x00403D48,0x00403D74,44
FUN_00403d78,0x00403D78,0x00403EB8,320
FUN_00403eb8,0x00403EB8,0x00403F40,136
FUN_00403f40,0x00403F40,0x004040C4,388
FUN_004040c8,0x004040C8,0x00404158,144
FUN_00404158,0x00404158,0x004041A4,76
FUN_004041a8,0x004041A8,0x0040425C,180
FUN_00404260,0x00404260,0x004042A0,64
FUN_004042a0,0x004042A0,0x0040430C,108
FUN_00404310,0x00404310,0x00404354,68
FUN_00404358,0x00404358,0x00404380,40
FUN_00404380,0x00404380,0x00404474,244
FUN_00404478,0x00404478,0x00404EE8,2672
FUN_00404ee8,0x00404EE8,0x00404FDC,244
FUN_00404ff0,0x00404FF0,0x00405074,132
FUN_00405078,0x00405078,0x00405118,160
FUN_00405118,0x00405118,0x00405270,344
FUN_00405288,0x00405288,0x004052BC,52
FUN_004052c0,0x004052C0,0x004052E8,40
FUN_004052e8,0x004052E8,0x00405318,48
FUN_00405318,0x00405318,0x004053B0,152
FUN_004053b0,0x004053B0,0x004053F8,72
FUN_004053f8,0x004053F8,0x00405440,72
FUN_00405448,0x00405448,0x00405488,64
FUN_00405488,0x00405488,0x00405518,144
FUN_00405518,0x00405518,0x0040553C,36
FUN_004056b8,0x004056B8,0x004057D4,284
FUN_004057d8,0x004057D8,0x00405924,332
FUN_00405928,0x00405928,0x00405974,76
vcs_Opcode0269_FlashHudObject,0x00405978,0x004059D8,96
FUN_004059d8,0x004059D8,0x00405A2C,84
FUN_00405a30,0x00405A30,0x00405AB0,128
FUN_00405ab0,0x00405AB0,0x00405B04,84
FUN_00405b08,0x00405B08,0x00405B28,32
FUN_00405b28,0x00405B28,0x00405C5C,308
FUN_00405c60,0x00405C60,0x00405CF8,152
FUN_00405cf8,0x00405CF8,0x00405D5C,100
FUN_00405d60,0x00405D60,0x00405E20,192
FUN_00405e20,0x00405E20,0x00405EA0,128
FUN_00405ea0,0x00405EA0,0x00405F20,128
FUN_00405f20,0x00405F20,0x00406118,504
FUN_00406118,0x00406118,0x00406220,264
FUN_00406220,0x00406220,0x00406240,32
FUN_00406240,0x00406240,0x004062B0,112
vcs_Opcode0403_SetClockEventWarning,0x004062B0,0x004063AC,252
vcs_Opcode0479_CreateUser3DMarker,0x004063B0,0x004064FC,332
vcs_Opcode047A_RemoveUser3DMarker,0x00406500,0x0040654C,76
FUN_00406550,0x00406550,0x0040658C,60
FUN_00406590,0x00406590,0x004065EC,92
FUN_004065f0,0x004065F0,0x00406654,100
FUN_00406658,0x00406658,0x004066BC,100
FUN_004066c0,0x004066C0,0x004067A8,232
FUN_004067a8,0x004067A8,0x0040681C,116
FUN_00406820,0x00406820,0x00406874,84
FUN_00406878,0x00406878,0x004068E4,108
FUN_004068e8,0x004068E8,0x00406954,108
FUN_00406958,0x00406958,0x004069C8,112
FUN_004069c8,0x004069C8,0x00406A44,124
FUN_00406a48,0x00406A48,0x00406B40,248
FUN_00406b40,0x00406B40,0x00406B8C,76
FUN_00406b90,0x00406B90,0x00406BD8,72
FUN_00406bd8,0x00406BD8,0x00406C10,56
FUN_00406d60,0x00406D60,0x00406DC0,96
FUN_00406dc0,0x00406DC0,0x00406DCC,12
FUN_00406dd0,0x00406DD0,0x00406E34,100
FUN_00406e38,0x00406E38,0x00406E94,92
FUN_00406e98,0x00406E98,0x00406EFC,100
FUN_00406f00,0x00406F00,0x00406F5C,92
FUN_00406f60,0x00406F60,0x00406FC4,100
FUN_00406fc8,0x00406FC8,0x00407028,96
FUN_00407028,0x00407028,0x0040708C,100
FUN_00407090,0x00407090,0x0040711C,140
FUN_00407120,0x00407120,0x00407190,112
FUN_00407190,0x00407190,0x00407200,112
FUN_00407200,0x00407200,0x004073C4,452
FUN_00407418,0x00407418,0x00407424,12
FUN_00407428,0x00407428,0x00407444,28
FUN_00407458,0x00407458,0x0040775C,772
FUN_00407760,0x00407760,0x00407780,32
FUN_00407780,0x00407780,0x00407884,260
FUN_00407898,0x00407898,0x004079B4,284
FUN_004079b8,0x004079B8,0x00407E68,1200
FUN_00407e70,0x00407E70,0x004082B4,1092
FUN_004082b8,0x004082B8,0x0040830C,84
FUN_00408310,0x00408310,0x00408330,32
FUN_00408330,0x00408330,0x00408360,48
vcs_GeneralRandom_NextU31,0x00408360,0x004083C0,96
vcs_GeneralRandom_NextUnitFloat,0x004083C0,0x0040841C,92
FUN_00408420,0x00408420,0x004084B0,144
FUN_004084b0,0x004084B0,0x00408680,464
FUN_00408688,0x00408688,0x004086B4,44
FUN_004086b8,0x004086B8,0x00408B38,1152
FUN_00408b48,0x00408B48,0x00408CC4,380
FUN_00408cc8,0x00408CC8,0x00408CDC,20
FUN_00408ce0,0x00408CE0,0x00408CF0,16
FUN_00408cf0,0x00408CF0,0x00408D04,20
FUN_00408d10,0x00408D10,0x00408D70,96
FUN_00408d78,0x00408D78,0x00408DA4,44
FUN_00408da8,0x00408DA8,0x00408F38,400
FUN_00408f38,0x00408F38,0x00408FA4,108
FUN_00408fa8,0x00408FA8,0x004090E4,316
FUN_004090e8,0x004090E8,0x0040912C,68
FUN_00409130,0x00409130,0x00409178,72
FUN_00409178,0x00409178,0x004091BC,68
FUN_004091c0,0x004091C0,0x004091F0,48
FUN_004091f0,0x004091F0,0x00409210,32
FUN_00409218,0x00409218,0x00409220,8
FUN_00409228,0x00409228,0x00409234,12
FUN_00409238,0x00409238,0x00409294,92
FUN_00409298,0x00409298,0x0040933C,164
FUN_00409340,0x00409340,0x00409394,84
FUN_00409398,0x00409398,0x00409510,376
FUN_00409510,0x00409510,0x0040A32C,3612
FUN_0040a330,0x0040A330,0x0040A5BC,652
FUN_0040a5c0,0x0040A5C0,0x0040A65C,156
FUN_0040a660,0x0040A660,0x0040A720,192
FUN_0040a720,0x0040A720,0x0040ACE8,1480
FUN_0040ace8,0x0040ACE8,0x0040B0A8,960
FUN_0040b0a8,0x0040B0A8,0x0040B650,1448
FUN_0040b650,0x0040B650,0x0040C644,4084
FUN_0040c648,0x0040C648,0x0040C678,48
FUN_0040c678,0x0040C678,0x0040C6B8,64
FUN_0040c6b8,0x0040C6B8,0x0040C6D8,32
FUN_0040c6d8,0x0040C6D8,0x0040C704,44
FUN_0040c708,0x0040C708,0x0040C734,44
FUN_0040c738,0x0040C738,0x0040C7A0,104
FUN_0040c7a0,0x0040C7A0,0x0040C7BC,28
FUN_0040c7c0,0x0040C7C0,0x0040CF74,1972
FUN_0040cf78,0x0040CF78,0x0040CF9C,36
FUN_0040cfa0,0x0040CFA0,0x0040CFF0,80
FUN_0040cff0,0x0040CFF0,0x0040D0C4,212
FUN_0040d0c8,0x0040D0C8,0x0040D0FC,52
FUN_0040d100,0x0040D100,0x0040D134,52
FUN_0040d138,0x0040D138,0x0040D2F8,448
FUN_0040d2f8,0x0040D2F8,0x0040D438,320
FUN_0040d438,0x0040D438,0x0040D558,288
FUN_0040d558,0x0040D558,0x0040D6E8,400
FUN_0040d6e8,0x0040D6E8,0x0040D6F8,16
FUN_0040d6f8,0x0040D6F8,0x0040D70C,20
FUN_0040d710,0x0040D710,0x0040D724,20
FUN_0040d728,0x0040D728,0x0040D73C,20
FUN_0040d740,0x0040D740,0x0040D754,20
FUN_0040d758,0x0040D758,0x0040D76C,20
FUN_0040d780,0x0040D780,0x0040D794,20
FUN_0040d798,0x0040D798,0x0040D7AC,20
FUN_0040d7b0,0x0040D7B0,0x0040D7BC,12
FUN_0040d7c0,0x0040D7C0,0x0040D890,208
FUN_0040d890,0x0040D890,0x0040D91C,140
FUN_0040d920,0x0040D920,0x0040D950,48
FUN_0040d950,0x0040D950,0x0040D980,48
FUN_0040d980,0x0040D980,0x0040DA14,148
FUN_0040da20,0x0040DA20,0x0040DA44,36
FUN_0040da48,0x0040DA48,0x0040DA50,8
FUN_0040da58,0x0040DA58,0x0040DA6C,20
FUN_0040da70,0x0040DA70,0x0040DAB0,64
FUN_0040dab0,0x0040DAB0,0x0040DAE0,48
FUN_0040dae0,0x0040DAE0,0x0040DBA0,192
FUN_0040dba0,0x0040DBA0,0x0040DBBC,28
FUN_0040dbc0,0x0040DBC0,0x0040DC30,112
FUN_0040dc30,0x0040DC30,0x0040DC38,8
FUN_0040dc38,0x0040DC38,0x0040DF34,760
FUN_0040df38,0x0040DF38,0x0040DF54,28
FUN_0040df58,0x0040DF58,0x0040DF9C,68
FUN_0040dfa0,0x0040DFA0,0x0040E038,152
FUN_0040e038,0x0040E038,0x0040E30C,720
FUN_0040e310,0x0040E310,0x0040E418,264
FUN_0040e418,0x0040E418,0x0040E438,32
FUN_0040e438,0x0040E438,0x0040E440,8
FUN_0040e440,0x0040E440,0x0040E46C,44
FUN_0040e470,0x0040E470,0x0040E4D4,100
FUN_0040e4d8,0x0040E4D8,0x0040E688,432
FUN_0040e688,0x0040E688,0x0040E8E8,608
FUN_0040e8e8,0x0040E8E8,0x0040E904,28
FUN_0040e908,0x0040E908,0x0040F3F8,2800
FUN_0040f3f8,0x0040F3F8,0x0040F584,396
FUN_0040f588,0x0040F588,0x0040F5F0,104
FUN_0040f5f0,0x0040F5F0,0x0040F610,32
FUN_0040f610,0x0040F610,0x0040F704,244
FUN_0040f708,0x0040F708,0x0040F72C,36
FUN_0040f730,0x0040F730,0x0040F7BC,140
FUN_0040f7c0,0x0040F7C0,0x0040F834,116
FUN_0040f838,0x0040F838,0x0040F8A4,108
FUN_0040f8a8,0x0040F8A8,0x0040F8E8,64
FUN_0040f8e8,0x0040F8E8,0x0040F9CC,228
FUN_0040f9d0,0x0040F9D0,0x0040FAA0,208
FUN_0040faa0,0x0040FAA0,0x0040FAC8,40
FUN_0040fac8,0x0040FAC8,0x0040FB18,80
FUN_0040fb18,0x0040FB18,0x0040FE74,860
FUN_0040fe78,0x0040FE78,0x0040FFCC,340
FUN_0040ffd0,0x0040FFD0,0x004101BC,492
FUN_004101c0,0x004101C0,0x00410298,216
FUN_00410298,0x00410298,0x004102C8,48
FUN_004102c8,0x004102C8,0x004104DC,532
FUN_004104e0,0x004104E0,0x00410530,80
FUN_00410530,0x00410530,0x00410594,100
FUN_00410598,0x00410598,0x00410680,232
FUN_00410688,0x00410688,0x0041074C,196
FUN_00410750,0x00410750,0x00410910,448
FUN_00410910,0x00410910,0x0041094C,60
FUN_00410950,0x00410950,0x004109B4,100
FUN_004109b8,0x004109B8,0x00410BD0,536
FUN_00410bd0,0x00410BD0,0x00410CA8,216
FUN_00410ca8,0x00410CA8,0x00410CE0,56
FUN_00410ce0,0x00410CE0,0x00410D44,100
FUN_00410d48,0x00410D48,0x00410DB4,108
FUN_00410db8,0x00410DB8,0x00412090,4824
FUN_00412090,0x00412090,0x00412178,232
FUN_00412178,0x00412178,0x00412210,152
FUN_00412210,0x00412210,0x00412318,264
FUN_00412318,0x00412318,0x00412370,88
FUN_00412370,0x00412370,0x00412390,32
FUN_00412390,0x00412390,0x004123DC,76
vcs_Opcode003E_CreateChar,0x004123E0,0x00412848,1128
vcs_Opcode003F_DeleteChar,0x00412848,0x004128E8,160
vcs_Opcode0043_GetCharCoordinates,0x004128E8,0x004129B8,208
FUN_004129b8,0x004129B8,0x00412DE4,1068
FUN_00412de8,0x00412DE8,0x00412EE8,256
FUN_00412ee8,0x00412EE8,0x00412FC4,220
FUN_00412fc8,0x00412FC8,0x004130DC,276
vcs_Opcode0046_IsCharInArea2D,0x004130E0,0x00413244,356
FUN_00413248,0x00413248,0x004133C4,380
FUN_004133c8,0x004133C8,0x00413614,588
vcs_Opcode007C_IsCharInCar,0x00413618,0x00413728,272
vcs_Opcode007D_IsCharInModel,0x00413728,0x00413828,256
vcs_Opcode007E_IsCharInAnyCar,0x00413828,0x00413908,224
FUN_00413908,0x00413908,0x00413968,96
FUN_00413968,0x00413968,0x00413A88,288
FUN_00413a88,0x00413A88,0x00413AEC,100
FUN_00413af0,0x00413AF0,0x00413FD8,1256
vcs_Opcode00B0_IsCharInZone,0x00413FD8,0x00414164,396
vcs_Opcode00CE_GetCharHeading,0x00414168,0x004142A4,316
vcs_Opcode00CF_SetCharHeading,0x004142A8,0x0041433C,148
FUN_00414340,0x00414340,0x00414454,276
FUN_00414458,0x00414458,0x004144B8,96
vcs_Opcode00D7_IsCharHealthGreater,0x004144B8,0x004145AC,244
FUN_004145b0,0x004145B0,0x004145D0,32
vcs_Opcode0106_GiveWeaponToChar,0x004145D0,0x0041478C,444
vcs_Opcode010B_SetCurrentCharWeapon,0x00414790,0x004148A4,276
vcs_Opcode010F_TurnCharToFaceCoord,0x004148A8,0x00414A20,376
vcs_Opcode0112_MarkCharAsNoLongerNeeded,0x00414A20,0x00414AA8,136
FUN_00414aa8,0x00414AA8,0x00414B24,124
FUN_00414b28,0x00414B28,0x00414FF0,1224
FUN_00414ff0,0x00414FF0,0x00415068,120
FUN_00415068,0x00415068,0x004150B4,76
FUN_004150b8,0x004150B8,0x0041511C,100
FUN_00415120,0x00415120,0x00415174,84
vcs_Opcode013E_TurnCharToFaceChar,0x00415178,0x00415340,456
vcs_Opcode014B_SetCharHealth,0x00415340,0x00415420,224
vcs_Opcode014D_GetCharHealth,0x00415420,0x00415498,120
FUN_00415498,0x00415498,0x00415534,156
FUN_00415538,0x00415538,0x004155C8,144
FUN_004155c8,0x004155C8,0x00415624,92
FUN_00415628,0x00415628,0x004156AC,132
FUN_004156b0,0x004156B0,0x0041573C,140
FUN_00415740,0x00415740,0x00415814,212
FUN_00415818,0x00415818,0x00415898,128
FUN_00415898,0x00415898,0x004159D8,320
FUN_004159d8,0x004159D8,0x00415BB4,476
FUN_00415bb8,0x00415BB8,0x00415CFC,324
vcs_Opcode01C2_IsCurrentCharWeapon,0x00415D00,0x00415DF0,240
FUN_00415df0,0x00415DF0,0x00416070,640
FUN_00416070,0x00416070,0x0041636C,764
FUN_00416370,0x00416370,0x00416448,216
FUN_00416448,0x00416448,0x004164CC,132
FUN_004164d0,0x004164D0,0x004165B0,224
vcs_Opcode01EC_SetCharRunning,0x004165B0,0x0041662C,124
FUN_00416630,0x00416630,0x0041673C,268
FUN_00416740,0x00416740,0x0041684C,268
FUN_00416850,0x00416850,0x004168B8,104
FUN_004168b8,0x004168B8,0x00416938,128
vcs_Opcode0200_SetCharVisible,0x00416938,0x004169E4,172
FUN_004169e8,0x004169E8,0x00416B28,320
FUN_00416b28,0x00416B28,0x00416BC4,156
FUN_00416bc8,0x00416BC8,0x00416CC4,252
FUN_00416cc8,0x00416CC8,0x00416D84,188
FUN_00416d88,0x00416D88,0x0041720C,1156
FUN_00417210,0x00417210,0x0041730C,252
FUN_00417310,0x00417310,0x0041739C,140
vcs_Opcode0220_SetCharWaitState,0x004173A0,0x00417434,148
FUN_00417438,0x00417438,0x004178EC,1204
FUN_004178f0,0x004178F0,0x00417984,148
FUN_00417988,0x00417988,0x00417A70,232
FUN_00417a70,0x00417A70,0x00417AAC,60
FUN_00417ab0,0x00417AB0,0x00417B4C,156
FUN_00417b50,0x00417B50,0x00417B90,64
FUN_00417b90,0x00417B90,0x00417BD0,64
vcs_Opcode026A_IsCharInControl,0x00417BD0,0x00417CA0,208
FUN_00417ca0,0x00417CA0,0x00417D08,104
FUN_00417d08,0x00417D08,0x00417D74,108
FUN_00417d78,0x00417D78,0x00417DC8,80
FUN_00417dc8,0x00417DC8,0x00417E54,140
FUN_00417e58,0x00417E58,0x00417EC4,108
FUN_00417ec8,0x00417EC8,0x00417F70,168
FUN_00417f70,0x00417F70,0x00417FF8,136
FUN_00417ff8,0x00417FF8,0x00418080,136
FUN_00418080,0x00418080,0x004181A4,292
FUN_004181a8,0x004181A8,0x00418230,136
FUN_00418230,0x00418230,0x0041829C,108
FUN_004182a0,0x004182A0,0x00418344,164
FUN_00418348,0x00418348,0x004183D0,136
FUN_004183d0,0x004183D0,0x00418484,180
FUN_00418488,0x00418488,0x00418504,124
FUN_00418508,0x00418508,0x00418584,124
FUN_00418588,0x00418588,0x004186A0,280
vcs_Opcode02A7_IsCharSittingInAnyCar,0x004186A0,0x00418788,232
vcs_Opcode02A8_IsCharOnFoot,0x00418788,0x00418880,248
FUN_00418880,0x00418880,0x004189A0,288
FUN_004189a0,0x004189A0,0x00418ABC,284
FUN_00418ac0,0x00418AC0,0x00418B68,168
FUN_00418b68,0x00418B68,0x00418BF4,140
FUN_00418bf8,0x00418BF8,0x00418C98,160
FUN_00418c98,0x00418C98,0x00418CEC,84
FUN_00418cf0,0x00418CF0,0x00418F8C,668
FUN_00418f90,0x00418F90,0x00419084,244
FUN_00419088,0x00419088,0x0041910C,132
vcs_Opcode02C8_IsCharOnAnyBike,0x00419110,0x00419214,260
FUN_00419218,0x00419218,0x00419380,360
FUN_00419380,0x00419380,0x004193DC,92
FUN_004193e0,0x004193E0,0x00419438,88
FUN_00419438,0x00419438,0x004194BC,132
FUN_004194c0,0x004194C0,0x00419560,160
FUN_00419560,0x00419560,0x00419610,176
FUN_00419610,0x00419610,0x00419730,288
FUN_00419730,0x00419730,0x004197D4,164
vcs_Opcode02E1_IsCharInWater,0x004197D8,0x004198C0,232
FUN_004198c0,0x004198C0,0x00419964,164
vcs_Opcode02EE_GetOffsetFromCharInWorldCoords,0x00419968,0x00419ADC,372
FUN_00419ae0,0x00419AE0,0x00419BD4,244
FUN_00419bd8,0x00419BD8,0x00419CB8,224
FUN_00419cb8,0x00419CB8,0x00419D38,128
FUN_00419d38,0x00419D38,0x00419DB0,120
FUN_00419db0,0x00419DB0,0x00419E5C,172
FUN_00419e60,0x00419E60,0x00419EAC,76
FUN_00419eb0,0x00419EB0,0x00419F58,168
FUN_00419f58,0x00419F58,0x0041A008,176
FUN_0041a008,0x0041A008,0x0041A0D8,208
FUN_0041a0d8,0x0041A0D8,0x0041A160,136
FUN_0041a160,0x0041A160,0x0041A2A0,320
FUN_0041a2a0,0x0041A2A0,0x0041A3A4,260
FUN_0041a3a8,0x0041A3A8,0x0041A484,220
FUN_0041a488,0x0041A488,0x0041A510,136
FUN_0041a510,0x0041A510,0x0041A588,120
FUN_0041a588,0x0041A588,0x0041A610,136
FUN_0041a610,0x0041A610,0x0041A65C,76
FUN_0041a660,0x0041A660,0x0041A774,276
FUN_0041a778,0x0041A778,0x0041A99C,548
FUN_0041a9a0,0x0041A9A0,0x0041AA28,136
FUN_0041aa28,0x0041AA28,0x0041AA74,76
FUN_0041aa78,0x0041AA78,0x0041ACAC,564
FUN_0041acb0,0x0041ACB0,0x0041AECC,540
FUN_0041aed0,0x0041AED0,0x0041AF58,136
FUN_0041af58,0x0041AF58,0x0041AFE0,136
FUN_0041afe0,0x0041AFE0,0x0041B068,136
FUN_0041b068,0x0041B068,0x0041B178,272
FUN_0041b178,0x0041B178,0x0041B240,200
FUN_0041b240,0x0041B240,0x0041B310,208
FUN_0041b310,0x0041B310,0x0041B3E4,212
vcs_Opcode0352_ClearAllCharAnims,0x0041B3E8,0x0041B528,320
FUN_0041b528,0x0041B528,0x0041B598,112
FUN_0041b598,0x0041B598,0x0041B670,216
FUN_0041b670,0x0041B670,0x0041B788,280
FUN_0041b788,0x0041B788,0x0041B864,220
FUN_0041b868,0x0041B868,0x0041BB30,712
FUN_0041bb30,0x0041BB30,0x0041BB84,84
FUN_0041bb88,0x0041BB88,0x0041BC34,172
FUN_0041bc38,0x0041BC38,0x0041BD0C,212
FUN_0041bd10,0x0041BD10,0x0041BD9C,140
FUN_0041bda0,0x0041BDA0,0x0041BE2C,140
FUN_0041be30,0x0041BE30,0x0041C06C,572
FUN_0041c070,0x0041C070,0x0041C2BC,588
FUN_0041c2c0,0x0041C2C0,0x0041C34C,140
FUN_0041c350,0x0041C350,0x0041C42C,220
FUN_0041c430,0x0041C430,0x0041C4B4,132
FUN_0041c4b8,0x0041C4B8,0x0041C568,176
FUN_0041c568,0x0041C568,0x0041C638,208
FUN_0041c638,0x0041C638,0x0041C69C,100
FUN_0041c6a0,0x0041C6A0,0x0041C6F8,88
FUN_0041c6f8,0x0041C6F8,0x0041C750,88
FUN_0041c750,0x0041C750,0x0041C7DC,140
FUN_0041c7e0,0x0041C7E0,0x0041C83C,92
FUN_0041c840,0x0041C840,0x0041C8D4,148
FUN_0041c8d8,0x0041C8D8,0x0041C990,184
FUN_0041c990,0x0041C990,0x0041CA90,256
FUN_0041ca90,0x0041CA90,0x0041CAE8,88
FUN_0041cae8,0x0041CAE8,0x0041CB5C,116
FUN_0041cb60,0x0041CB60,0x0041CDA0,576
vcs_Opcode042C_IsArmourHealthGreaterThan,0x0041CDA0,0x0041CE94,244
vcs_Opcode042D_IsCharPedType,0x0041CE98,0x0041CF78,224
FUN_0041cf78,0x0041CF78,0x0041D00C,148
FUN_0041d010,0x0041D010,0x0041D0A4,148
FUN_0041d0a8,0x0041D0A8,0x0041D120,120
FUN_0041d120,0x0041D120,0x0041D204,228
FUN_0041d208,0x0041D208,0x0041D29C,148
FUN_0041d2a0,0x0041D2A0,0x0041D338,152
FUN_0041d338,0x0041D338,0x0041D3C0,136
FUN_0041d3c0,0x0041D3C0,0x0041D534,372
FUN_0041d538,0x0041D538,0x0041D80C,724
FUN_0041d810,0x0041D810,0x0041D88C,124
FUN_0041d890,0x0041D890,0x0041D904,116
FUN_0041d908,0x0041D908,0x0041D978,112
FUN_0041d978,0x0041D978,0x0041DA48,208
FUN_0041da48,0x0041DA48,0x0041DB18,208
FUN_0041db18,0x0041DB18,0x0041DB8C,116
FUN_0041db90,0x0041DB90,0x0041DC04,116
FUN_0041dc08,0x0041DC08,0x0041DCA0,152
FUN_0041dca0,0x0041DCA0,0x0041DD38,152
FUN_0041dd38,0x0041DD38,0x0041DDAC,116
FUN_0041ddb0,0x0041DDB0,0x0041DE24,116
FUN_0041de28,0x0041DE28,0x0041DEBC,148
FUN_0041dec0,0x0041DEC0,0x0041DF54,148
FUN_0041df58,0x0041DF58,0x0041DFF0,152
FUN_0041dff0,0x0041DFF0,0x0041E068,120
FUN_0041e068,0x0041E068,0x0041E0B8,80
FUN_0041e0b8,0x0041E0B8,0x0041E124,108
FUN_0041e128,0x0041E128,0x0041E198,112
FUN_0041e198,0x0041E198,0x0041E1E0,72
FUN_0041e1e0,0x0041E1E0,0x0041E260,128
FUN_0041e260,0x0041E260,0x0041E2E4,132
FUN_0041e2e8,0x0041E2E8,0x0041E390,168
FUN_0041e390,0x0041E390,0x0041E3D4,68
FUN_0041e3d8,0x0041E3D8,0x0041E460,136
FUN_0041e460,0x0041E460,0x0041E52C,204
FUN_0041e530,0x0041E530,0x0041E5B0,128
FUN_0041e5b0,0x0041E5B0,0x0041E638,136
FUN_0041e638,0x0041E638,0x0041E6C0,136
FUN_0041e6c0,0x0041E6C0,0x0041E760,160
FUN_0041e760,0x0041E760,0x0041E7E8,136
FUN_0041e7e8,0x0041E7E8,0x0041E870,136
FUN_0041e870,0x0041E870,0x0041E8C8,88
FUN_0041e8c8,0x0041E8C8,0x0041E944,124
FUN_0041e960,0x0041E960,0x0041EA40,224
FUN_0041ea40,0x0041EA40,0x0041ED94,852
FUN_0041ed98,0x0041ED98,0x0041FF14,4472
FUN_0041ff18,0x0041FF18,0x00420770,2136
FUN_00420770,0x00420770,0x00420B68,1016
FUN_00420b68,0x00420B68,0x004210F0,1416
FUN_004210f0,0x004210F0,0x0042127C,396
FUN_00421280,0x00421280,0x00421624,932
FUN_00421628,0x00421628,0x00421CA8,1664
FUN_00421ca8,0x00421CA8,0x004220A0,1016
FUN_004220a0,0x004220A0,0x00422164,196
FUN_00422168,0x00422168,0x004222C0,344
FUN_004222c8,0x004222C8,0x0042277C,1204
FUN_00422780,0x00422780,0x00422A60,736
FUN_00422a60,0x00422A60,0x00422C38,472
FUN_00422c38,0x00422C38,0x00422E20,488
FUN_00422e20,0x00422E20,0x00423048,552
FUN_00423050,0x00423050,0x00423244,500
FUN_00423248,0x00423248,0x00423328,224
FUN_00423328,0x00423328,0x0042337C,84
FUN_00423380,0x00423380,0x00423590,528
FUN_00423590,0x00423590,0x00423710,384
FUN_00423710,0x00423710,0x00423930,544
FUN_00423930,0x00423930,0x00423C7C,844
FUN_00423c80,0x00423C80,0x00423E88,520
FUN_00423e88,0x00423E88,0x00424080,504
FUN_00424080,0x00424080,0x0042418C,268
FUN_00424190,0x00424190,0x004242EC,348
FUN_004242f0,0x004242F0,0x00424578,648
FUN_00424578,0x00424578,0x00424658,224
FUN_00424658,0x00424658,0x00424798,320
FUN_00424798,0x00424798,0x00424950,440
FUN_00424950,0x00424950,0x004249CC,124
FUN_004249d0,0x004249D0,0x00424A94,196
FUN_00424a98,0x00424A98,0x00424AC4,44
FUN_00424ac8,0x00424AC8,0x00424AF0,40
FUN_00424af0,0x00424AF0,0x00424B60,112
FUN_00424b60,0x00424B60,0x00424C60,256
FUN_00424c60,0x00424C60,0x00424F9C,828
FUN_00424fa0,0x00424FA0,0x0042511C,380
FUN_00425120,0x00425120,0x00425360,576
FUN_00425360,0x00425360,0x004253FC,156
FUN_00425400,0x00425400,0x00425570,368
FUN_00425570,0x00425570,0x004257E4,628
FUN_004257e8,0x004257E8,0x00425880,152
FUN_00425880,0x00425880,0x00425A00,384
FUN_00425a00,0x00425A00,0x00425ACC,204
FUN_00425ad0,0x00425AD0,0x00425BAC,220
FUN_00425bb0,0x00425BB0,0x00425BC4,20
FUN_00425bc8,0x00425BC8,0x00425E70,680
FUN_00425e70,0x00425E70,0x0042638C,1308
FUN_00426390,0x00426390,0x0042648C,252
FUN_00426490,0x00426490,0x00426528,148
FUN_00426528,0x00426528,0x00427474,3908
FUN_00427478,0x00427478,0x00427620,424
FUN_00427620,0x00427620,0x00427944,804
FUN_00427948,0x00427948,0x00427AC0,376
FUN_00427ac0,0x00427AC0,0x00427B28,104
FUN_00427b28,0x00427B28,0x00428058,1328
FUN_00428058,0x00428058,0x0042813C,228
FUN_00428140,0x00428140,0x00428254,276
FUN_00428258,0x00428258,0x004283A0,328
FUN_004283a0,0x004283A0,0x00428414,116
FUN_00428418,0x00428418,0x0042846C,84
FUN_00428478,0x00428478,0x00428504,140
FUN_00428508,0x00428508,0x00428778,624
FUN_00428778,0x00428778,0x00428CD8,1376
FUN_00428cd8,0x00428CD8,0x00428DA0,200
FUN_00428da0,0x00428DA0,0x00428DC8,40
FUN_00428dc8,0x00428DC8,0x00428E18,80
FUN_00428e18,0x00428E18,0x00428E30,24
FUN_00428e30,0x00428E30,0x00428E78,72
FUN_00428e78,0x00428E78,0x00428F4C,212
FUN_00428f50,0x00428F50,0x0042ACCC,7548
FUN_0042acd0,0x0042ACD0,0x0042ACE0,16
FUN_0042ace0,0x0042ACE0,0x0042AE44,356
FUN_0042ae48,0x0042AE48,0x0042AEB8,112
FUN_0042aeb8,0x0042AEB8,0x0042B024,364
FUN_0042b028,0x0042B028,0x0042B058,48
FUN_0042b058,0x0042B058,0x0042B088,48
FUN_0042b088,0x0042B088,0x0042B1AC,292
FUN_0042b1b0,0x0042B1B0,0x0042B2E0,304
FUN_0042b2e0,0x0042B2E0,0x0042B34C,108
FUN_0042b358,0x0042B358,0x0042B448,240
FUN_0042b448,0x0042B448,0x0042B4C8,128
FUN_0042b4c8,0x0042B4C8,0x0042B514,76
FUN_0042b518,0x0042B518,0x0042B664,332
FUN_0042b668,0x0042B668,0x0042B978,784
FUN_0042b978,0x0042B978,0x0042BA1C,164
FUN_0042ba20,0x0042BA20,0x0042BD3C,796
FUN_0042bd40,0x0042BD40,0x0042BDAC,108
FUN_0042bdb0,0x0042BDB0,0x0042BE14,100
FUN_0042be20,0x0042BE20,0x0042BED8,184
FUN_0042bed8,0x0042BED8,0x0042BFBC,228
FUN_0042bfc0,0x0042BFC0,0x0042C0B8,248
FUN_0042c0b8,0x0042C0B8,0x0042C1B8,256
FUN_0042c1c0,0x0042C1C0,0x0042C314,336
FUN_0042c318,0x0042C318,0x0042C360,72
FUN_0042c360,0x0042C360,0x0042C3BC,92
FUN_0042c3c0,0x0042C3C0,0x0042C3D0,16
FUN_0042c3d0,0x0042C3D0,0x0042C3F0,32
FUN_0042c3f0,0x0042C3F0,0x0042C3F8,8
FUN_0042c3f8,0x0042C3F8,0x0042C410,24
FUN_0042c420,0x0042C420,0x0042C4C4,164
FUN_0042c4c8,0x0042C4C8,0x0042C4DC,20
FUN_0042c4e0,0x0042C4E0,0x0042C5C0,224
FUN_0042c5c0,0x0042C5C0,0x0042C5D4,20
FUN_0042c5d8,0x0042C5D8,0x0042C5E4,12
FUN_0042c5f0,0x0042C5F0,0x0042C604,20
FUN_0042c608,0x0042C608,0x0042C73C,308
FUN_0042c748,0x0042C748,0x0042D400,3256
FUN_0042d400,0x0042D400,0x0042D63C,572
FUN_0042d640,0x0042D640,0x0042D7A4,356
FUN_0042d7a8,0x0042D7A8,0x0042D7E8,64
FUN_0042d7e8,0x0042D7E8,0x0042D808,32
FUN_0042d810,0x0042D810,0x0042D86C,92
FUN_0042d870,0x0042D870,0x0042D898,40
FUN_0042d898,0x0042D898,0x0042D8D4,60
FUN_0042d8d8,0x0042D8D8,0x0042D914,60
FUN_0042d918,0x0042D918,0x0042D954,60
FUN_0042d958,0x0042D958,0x0042D978,32
FUN_0042dba0,0x0042DBA0,0x0042DD30,400
FUN_0042de48,0x0042DE48,0x0042DE6C,36
FUN_0042de70,0x0042DE70,0x0042DF04,148
FUN_0042df08,0x0042DF08,0x0042E178,620
FUN_0042e178,0x0042E178,0x0042E540,968
FUN_0042e540,0x0042E540,0x0042EA24,1252
FUN_0042ea28,0x0042EA28,0x0042EA68,64
FUN_0042ea68,0x0042EA68,0x0042EA98,48
FUN_0042ea98,0x0042EA98,0x0042EBB0,280
FUN_0042ebb0,0x0042EBB0,0x004302F4,5956
FUN_004302f8,0x004302F8,0x004303E8,240
FUN_004303e8,0x004303E8,0x00430450,104
FUN_00430450,0x00430450,0x00430594,324
FUN_00430598,0x00430598,0x00432A90,9460
FUN_00432a90,0x00432A90,0x00432B08,120
FUN_00432b08,0x00432B08,0x00432B8C,132
FUN_00432b90,0x00432B90,0x00432D40,428
FUN_00432d40,0x00432D40,0x00432E3C,252
FUN_00432e40,0x00432E40,0x00432EB8,120
FUN_00432eb8,0x00432EB8,0x00432EEC,52
FUN_00432ef0,0x00432EF0,0x00433124,564
FUN_00433128,0x00433128,0x0043318C,100
FUN_00433198,0x00433198,0x0043320C,116
FUN_00433210,0x00433210,0x00433310,256
FUN_00433310,0x00433310,0x00433490,384
FUN_00433490,0x00433490,0x00433680,496
FUN_00433680,0x00433680,0x00433B94,1296
FUN_00433b98,0x00433B98,0x00433C20,136
FUN_00433c20,0x00433C20,0x00433DEC,460
FUN_00433df0,0x00433DF0,0x004341B4,964
FUN_004341b8,0x004341B8,0x00434480,712
FUN_00434480,0x00434480,0x004345E0,352
FUN_004345e0,0x004345E0,0x00434C50,1648
FUN_00434c50,0x00434C50,0x00434E70,544
FUN_00434e70,0x00434E70,0x00435228,952
FUN_00435228,0x00435228,0x00435650,1064
FUN_00435650,0x00435650,0x00435AD4,1156
FUN_00435ad8,0x00435AD8,0x00435FC4,1260
FUN_00435fc8,0x00435FC8,0x00436140,376
FUN_00436140,0x00436140,0x004362C0,384
FUN_004362c0,0x004362C0,0x004364B0,496
FUN_004364b0,0x004364B0,0x00436CD4,2080
FUN_00436cd8,0x00436CD8,0x00436E90,440
FUN_00436e90,0x00436E90,0x004374F0,1632
FUN_004374f0,0x004374F0,0x00437710,544
FUN_00437710,0x00437710,0x00437CE4,1492
FUN_00437ce8,0x00437CE8,0x00437DEC,260
FUN_00437df0,0x00437DF0,0x00437EA0,176
FUN_00437ea0,0x00437EA0,0x00438368,1224
FUN_00438368,0x00438368,0x004383E4,124
FUN_004383e8,0x004383E8,0x00438728,832
FUN_00438728,0x00438728,0x00438D58,1584
FUN_00438d58,0x00438D58,0x00438D84,44
FUN_00438d88,0x00438D88,0x00439884,2812
FUN_00439888,0x00439888,0x00439C30,936
FUN_00439c30,0x00439C30,0x00439D44,276
FUN_00439d48,0x00439D48,0x00439FE8,672
FUN_00439fe8,0x00439FE8,0x0043A3B0,968
FUN_0043a3b0,0x0043A3B0,0x0043A624,628
FUN_0043a628,0x0043A628,0x0043A9A4,892
FUN_0043a9a8,0x0043A9A8,0x0043B080,1752
FUN_0043b080,0x0043B080,0x0043B674,1524
FUN_0043b678,0x0043B678,0x0043B7A8,304
FUN_0043b7a8,0x0043B7A8,0x0043B7E8,64
FUN_0043b7e8,0x0043B7E8,0x0043B824,60
FUN_0043b828,0x0043B828,0x0043B858,48
FUN_0043b860,0x0043B860,0x0043B888,40
FUN_0043b888,0x0043B888,0x0043BB5C,724
FUN_0043bb60,0x0043BB60,0x0043BDCC,620
FUN_0043bdd0,0x0043BDD0,0x0043C108,824
FUN_0043c108,0x0043C108,0x0043C434,812
FUN_0043c438,0x0043C438,0x0043CA9C,1636
FUN_0043caa0,0x0043CAA0,0x0043CC30,400
FUN_0043cc30,0x0043CC30,0x0043CC38,8
FUN_0043cc38,0x0043CC38,0x0043CC40,8
FUN_0043cc40,0x0043CC40,0x0043CC50,16
FUN_0043cc50,0x0043CC50,0x0043CC5C,12
FUN_0043cc60,0x0043CC60,0x0043CC6C,12
FUN_0043cc70,0x0043CC70,0x0043CE18,424
FUN_0043ce18,0x0043CE18,0x0043DC00,3560
FUN_0043dc00,0x0043DC00,0x0043DCB4,180
FUN_0043dcb8,0x0043DCB8,0x0043DD5C,164
FUN_0043dd60,0x0043DD60,0x0043DDBC,92
FUN_0043ddc0,0x0043DDC0,0x0043DED4,276
FUN_0043ded8,0x0043DED8,0x0043DEF8,32
FUN_0043def8,0x0043DEF8,0x0043E134,572
FUN_0043e138,0x0043E138,0x0043E28C,340
FUN_0043e290,0x0043E290,0x0043E3E0,336
FUN_0043e3e0,0x0043E3E0,0x0043E48C,172
FUN_0043e490,0x0043E490,0x0043E5B0,284
FUN_0043e5b0,0x0043E5B0,0x0043E6A4,244
FUN_0043e6a8,0x0043E6A8,0x0043E6F8,80
FUN_0043e6f8,0x0043E6F8,0x0043E7B4,188
FUN_0043e7b8,0x0043E7B8,0x0043E8B4,252
FUN_0043e8b8,0x0043E8B8,0x0043E984,204
FUN_0043e988,0x0043E988,0x0043EA10,136
FUN_0043ea10,0x0043EA10,0x0043EA94,132
FUN_0043ea98,0x0043EA98,0x0043EB74,220
FUN_0043eb78,0x0043EB78,0x0043EC08,144
FUN_0043ec08,0x0043EC08,0x0043ECC4,188
FUN_0043ecc8,0x0043ECC8,0x0043ED28,96
FUN_0043ed28,0x0043ED28,0x0043EDF0,200
FUN_0043edf0,0x0043EDF0,0x0043EEA8,184
FUN_0043eea8,0x0043EEA8,0x0043EEF8,80
FUN_0043eef8,0x0043EEF8,0x0043EF18,32
FUN_0043ef18,0x0043EF18,0x0043EF6C,84
FUN_0043ef70,0x0043EF70,0x0043F0F4,388
FUN_0043f0f8,0x0043F0F8,0x0043F384,652
FUN_0043f388,0x0043F388,0x0043F4E8,352
FUN_0043f4e8,0x0043F4E8,0x0043F610,296
FUN_0043f610,0x0043F610,0x0043F638,40
FUN_0043f638,0x0043F638,0x0043F660,40
FUN_0043f660,0x0043F660,0x0043F688,40
FUN_0043f688,0x0043F688,0x0043F6B0,40
FUN_0043f6b0,0x0043F6B0,0x0043F6F4,68
FUN_0043f6f8,0x0043F6F8,0x0043F730,56
FUN_0043f730,0x0043F730,0x0043FBB4,1156
FUN_0043fbb8,0x0043FBB8,0x0043FC80,200
FUN_0043fc90,0x0043FC90,0x0043FE8C,508
FUN_0043fe90,0x0043FE90,0x0043FF58,200
FUN_0043ff58,0x0043FF58,0x0043FFC0,104
FUN_0043ffc0,0x0043FFC0,0x0043FFE4,36
FUN_0043ffe8,0x0043FFE8,0x0044015C,372
FUN_00440160,0x00440160,0x004401B4,84
FUN_004401b8,0x004401B8,0x004401C0,8
FUN_004401c0,0x004401C0,0x00440254,148
FUN_00440258,0x00440258,0x00440398,320
FUN_00440398,0x00440398,0x004403A0,8
FUN_004403a8,0x004403A8,0x00440724,888
FUN_00440728,0x00440728,0x004407F0,200
FUN_004407f0,0x004407F0,0x004408B8,200
FUN_004408b8,0x004408B8,0x004408DC,36
FUN_004408e0,0x004408E0,0x00440DC0,1248
FUN_00440dc0,0x00440DC0,0x00440DC8,8
FUN_00440dc8,0x00440DC8,0x00440DD0,8
FUN_00440dd0,0x00440DD0,0x00440E00,48
FUN_00440e00,0x00440E00,0x00440E64,100
FUN_00440e68,0x00440E68,0x00440F88,288
FUN_00440f88,0x00440F88,0x00441024,156
FUN_00441028,0x00441028,0x004410D8,176
FUN_004410d8,0x004410D8,0x0044110C,52
FUN_00441110,0x00441110,0x00441180,112
FUN_00441180,0x00441180,0x00441460,736
FUN_00441460,0x00441460,0x004414F8,152
FUN_004414f8,0x004414F8,0x004415A0,168
FUN_004415a0,0x004415A0,0x00441648,168
FUN_00441648,0x00441648,0x004416D8,144
FUN_004416d8,0x004416D8,0x00441768,144
FUN_00441768,0x00441768,0x004417DC,116
FUN_004417e0,0x004417E0,0x004418C8,232
FUN_004418c8,0x004418C8,0x004419C0,248
FUN_004419c0,0x004419C0,0x00441A7C,188
FUN_00441a80,0x00441A80,0x00441B30,176
FUN_00441b30,0x00441B30,0x00441C54,292
FUN_00441c58,0x00441C58,0x00441D00,168
FUN_00441d00,0x00441D00,0x00441DC4,196
FUN_00441dc8,0x00441DC8,0x00441ECC,260
FUN_00441ed0,0x00441ED0,0x00441FAC,220
FUN_00441fb0,0x00441FB0,0x0044206C,188
FUN_00442070,0x00442070,0x00442128,184
FUN_00442128,0x00442128,0x004421E4,188
FUN_004421e8,0x004421E8,0x00442318,304
FUN_00442318,0x00442318,0x00442410,248
FUN_00442410,0x00442410,0x00442488,120
FUN_00442488,0x00442488,0x00442578,240
FUN_00442578,0x00442578,0x00442610,152
FUN_00442610,0x00442610,0x004426B8,168
FUN_004426b8,0x004426B8,0x004426F0,56
FUN_004426f0,0x004426F0,0x00442774,132
FUN_00442778,0x00442778,0x00442838,192
FUN_00442838,0x00442838,0x004428F4,188
FUN_004428f8,0x004428F8,0x00442990,152
FUN_00442990,0x00442990,0x00442A38,168
FUN_00442a38,0x00442A38,0x00442AE0,168
FUN_00442ae0,0x00442AE0,0x00442B0C,44
FUN_00442b10,0x00442B10,0x00442B68,88
FUN_00442b68,0x00442B68,0x00442C1C,180
FUN_00442c20,0x00442C20,0x00442CF0,208
FUN_00442cf0,0x00442CF0,0x00442DBC,204
FUN_00442dc0,0x00442DC0,0x00442E90,208
FUN_00442e90,0x00442E90,0x0044301C,396
FUN_00443020,0x00443020,0x004430B0,144
FUN_004430b0,0x004430B0,0x00443140,144
FUN_00443140,0x00443140,0x004431D0,144
FUN_004431d0,0x004431D0,0x00443214,68
FUN_00443218,0x00443218,0x00443260,72
FUN_00443260,0x00443260,0x004432E4,132
FUN_004432e8,0x004432E8,0x00443378,144
FUN_00443380,0x00443380,0x004433B4,52
FUN_004433b8,0x004433B8,0x004433D8,32
FUN_004433d8,0x004433D8,0x0044342C,84
FUN_00443430,0x00443430,0x004434E0,176
FUN_004434e0,0x004434E0,0x00443500,32
FUN_00443500,0x00443500,0x00443BEC,1772
FUN_00443bf0,0x00443BF0,0x00443C20,48
FUN_00443c20,0x00443C20,0x00443C5C,60
FUN_00443c60,0x00443C60,0x00443D54,244
FUN_00443d58,0x00443D58,0x00443DF0,152
FUN_00443df0,0x00443DF0,0x00443ED0,224
FUN_00443ed0,0x00443ED0,0x00443F30,96
FUN_00443f38,0x00443F38,0x00444508,1484
FUN_00444508,0x00444508,0x00444A48,1332
FUN_00444a48,0x00444A48,0x00444B74,300
FUN_00444b78,0x00444B78,0x00444C14,152
FUN_00444c18,0x00444C18,0x00444E58,576
FUN_00444e58,0x00444E58,0x00444EB0,88
FUN_00444eb0,0x00444EB0,0x00444F14,100
FUN_00444f18,0x00444F18,0x004451C0,680
FUN_004451c0,0x004451C0,0x00445328,356
FUN_00445328,0x00445328,0x0044543C,276
FUN_00445440,0x00445440,0x0044548C,76
FUN_00445490,0x00445490,0x00445548,184
FUN_00445548,0x00445548,0x004455DC,148
FUN_004455e0,0x004455E0,0x00445680,160
FUN_00445680,0x00445680,0x004456AC,44
FUN_004456b0,0x004456B0,0x00445704,84
FUN_00445708,0x00445708,0x00445814,268
FUN_00445818,0x00445818,0x004458A8,144
FUN_004458d8,0x004458D8,0x00445904,44
FUN_00445908,0x00445908,0x00445948,64
FUN_00445948,0x00445948,0x00445958,16
FUN_00445958,0x00445958,0x00445968,16
FUN_00445968,0x00445968,0x0044598C,36
FUN_00445990,0x00445990,0x004459BC,44
FUN_004459c8,0x004459C8,0x00445A1C,84
FUN_00445a20,0x00445A20,0x00445A44,36
FUN_00445a48,0x00445A48,0x00445A70,40
FUN_00445a70,0x00445A70,0x00445A98,40
FUN_00445a98,0x00445A98,0x00445B00,104
FUN_00445b00,0x00445B00,0x00445B28,40
FUN_00445b28,0x00445B28,0x00445CA0,372
FUN_00445e10,0x00445E10,0x00445EE8,216
FUN_00445ee8,0x00445EE8,0x0044602C,324
FUN_00446030,0x00446030,0x004460B8,136
FUN_004460b8,0x004460B8,0x00446134,124
FUN_00446138,0x00446138,0x004461C4,140
FUN_004461c8,0x004461C8,0x004461D0,8
FUN_004461d0,0x004461D0,0x00446500,816
FUN_00446500,0x00446500,0x004466DC,468
FUN_004466e0,0x004466E0,0x004468C4,476
FUN_004468c8,0x004468C8,0x0044690C,68
FUN_00446910,0x00446910,0x00446960,80
FUN_00446960,0x00446960,0x00446A5C,252
FUN_00446a60,0x00446A60,0x00446CC4,604
FUN_00446cc8,0x00446CC8,0x00446D10,68
FUN_00446d10,0x00446D10,0x00446D98,136
FUN_00446d98,0x00446D98,0x00446ED4,316
FUN_00446ed8,0x00446ED8,0x00446FBC,228
FUN_00446fc0,0x00446FC0,0x004470C4,260
FUN_004470c8,0x004470C8,0x00447460,920
FUN_00447460,0x00447460,0x00447488,40
FUN_00447488,0x00447488,0x00447500,120
FUN_00447500,0x00447500,0x004476D8,472
FUN_004476d8,0x004476D8,0x0044784C,372
ResetVif1AndVuState,0x00447850,0x004478F0,160
PollVif1GifVuIdle,0x004478F0,0x00447978,136
FUN_00447978,0x00447978,0x00447B08,400
FUN_00447b08,0x00447B08,0x00447B14,12
FUN_00447b18,0x00447B18,0x00447CFC,484
FUN_00447d00,0x00447D00,0x00447DE8,232
FUN_00447de8,0x00447DE8,0x00448080,664
FUN_00448080,0x00448080,0x004480DC,92
FUN_004480e0,0x004480E0,0x00448174,148
FUN_00448178,0x00448178,0x00448200,136
FUN_00448200,0x00448200,0x004482A0,160
FUN_004482a0,0x004482A0,0x004482B0,16
FUN_004482b0,0x004482B0,0x00448624,884
FUN_00448628,0x00448628,0x004486E4,188
FUN_004486e8,0x004486E8,0x004487B0,200
FUN_004487b0,0x004487B0,0x004488B4,260
FUN_004488b8,0x004488B8,0x00448928,112
FUN_00448930,0x00448930,0x00448958,40
FUN_00448958,0x00448958,0x0044898C,52
FUN_00448990,0x00448990,0x004489B8,40
FUN_004489b8,0x004489B8,0x00448A94,220
FUN_00448a98,0x00448A98,0x00448C70,472
FUN_00448c78,0x00448C78,0x00448CE0,104
FUN_00448d00,0x00448D00,0x00448D98,152
FUN_00448da0,0x00448DA0,0x00448DB0,16
FUN_00448db0,0x00448DB0,0x00448DC0,16
FUN_00448dc0,0x00448DC0,0x00448E18,88
FUN_00448e18,0x00448E18,0x00448E8C,116
FUN_00448e90,0x00448E90,0x00448F28,152
FUN_00448f28,0x00448F28,0x00448F9C,116
FUN_00448fa0,0x00448FA0,0x00448FB4,20
FUN_00448fb8,0x00448FB8,0x00448FD0,24
FUN_00448fd0,0x00448FD0,0x00449074,164
FUN_00449078,0x00449078,0x0044909C,36
FUN_004490a0,0x004490A0,0x004491EC,328
FUN_004491f0,0x004491F0,0x00449238,72
FUN_00449238,0x00449238,0x0044932C,244
FUN_00449338,0x00449338,0x0044944C,276
FUN_00449450,0x00449450,0x00449634,484
FUN_00449638,0x00449638,0x00449790,344
FUN_00449790,0x00449790,0x00449804,116
FUN_00449808,0x00449808,0x00449880,120
FUN_00449888,0x00449888,0x0044993C,180
FUN_00449940,0x00449940,0x00449998,88
FUN_004499a0,0x004499A0,0x00449AB8,280
FUN_00449ac0,0x00449AC0,0x00449BF4,308
FUN_00449bf8,0x00449BF8,0x00449CAC,180
FUN_00449cb0,0x00449CB0,0x00449D78,200
FUN_00449d78,0x00449D78,0x00449E50,216
FUN_00449e50,0x00449E50,0x00449F00,176
FUN_00449f00,0x00449F00,0x00449F80,128
FUN_00449f80,0x00449F80,0x00449FD4,84
FUN_00449ff0,0x00449FF0,0x0044A054,100
FUN_0044a068,0x0044A068,0x0044A310,676
FUN_0044a310,0x0044A310,0x0044A3E4,212
FUN_0044a3e8,0x0044A3E8,0x0044A4D0,232
FUN_0044a4d0,0x0044A4D0,0x0044A4EC,28
FUN_0044a4f0,0x0044A4F0,0x0044A5D4,228
FUN_0044a5d8,0x0044A5D8,0x0044A6C8,240
FUN_0044a6c8,0x0044A6C8,0x0044A750,136
FUN_0044a750,0x0044A750,0x0044A84C,252
FUN_0044a850,0x0044A850,0x0044A94C,252
FUN_0044a950,0x0044A950,0x0044AA78,296
FUN_0044aa78,0x0044AA78,0x0044ABEC,372
FUN_0044abf0,0x0044ABF0,0x0044AD2C,316
FUN_0044ad30,0x0044AD30,0x0044B238,1288
FUN_0044b248,0x0044B248,0x0044B678,1068
FUN_0044b678,0x0044B678,0x0044BA14,924
FUN_0044ba18,0x0044BA18,0x0044BD00,744
FUN_0044bd00,0x0044BD00,0x0044BFB4,692
FUN_0044bfb8,0x0044BFB8,0x0044C208,592
FUN_0044c208,0x0044C208,0x0044CA94,2176
FUN_0044ca98,0x0044CA98,0x0044CE78,988
FUN_0044ce78,0x0044CE78,0x0044CFB0,308
FUN_0044cfc0,0x0044CFC0,0x0044D118,340
FUN_0044d118,0x0044D118,0x0044DA64,2380
FUN_0044da68,0x0044DA68,0x0044DB6C,260
FUN_0044db70,0x0044DB70,0x0044DE04,656
FUN_0044de10,0x0044DE10,0x0044DE34,36
FUN_0044de38,0x0044DE38,0x0044E034,508
FUN_0044e040,0x0044E040,0x0044E064,36
FUN_0044e068,0x0044E068,0x0044E08C,36
FUN_0044e090,0x0044E090,0x0044E1F0,344
FUN_0044e1f8,0x0044E1F8,0x0044E228,48
FUN_0044e230,0x0044E230,0x0044E314,228
FUN_0044e318,0x0044E318,0x0044E3B8,160
FUN_0044e3b8,0x0044E3B8,0x0044E40C,84
FUN_0044e410,0x0044E410,0x0044E488,120
FUN_0044e488,0x0044E488,0x0044E784,764
FUN_0044e788,0x0044E788,0x0044E7A4,28
FUN_0044e7a8,0x0044E7A8,0x0044E900,344
FUN_0044e900,0x0044E900,0x0044E9A0,160
FUN_0044e9a0,0x0044E9A0,0x0044EA0C,108
FUN_0044ea10,0x0044EA10,0x0044EB68,344
FUN_0044eb68,0x0044EB68,0x0044EE50,744
FUN_0044ee50,0x0044EE50,0x0044F068,532
FUN_0044f068,0x0044F068,0x0044F288,544
FUN_0044f2b0,0x0044F2B0,0x0044F348,152
FUN_0044f348,0x0044F348,0x0044F36C,36
FUN_0044f370,0x0044F370,0x0044F428,184
FUN_0044f428,0x0044F428,0x0044F4F8,208
FUN_0044f500,0x0044F500,0x0044F5BC,188
FUN_0044f5c8,0x0044F5C8,0x0044F5F4,44
FUN_0044f5f8,0x0044F5F8,0x0044F62C,52
FUN_0044f640,0x0044F640,0x0044F678,56
FUN_0044f678,0x0044F678,0x0044F800,392
FUN_0044f808,0x0044F808,0x0044F970,360
FUN_0044f970,0x0044F970,0x0044FC08,664
FUN_0044fc28,0x0044FC28,0x0044FD50,296
FUN_0044fd50,0x0044FD50,0x0044FD84,52
FUN_0044fd88,0x0044FD88,0x0044FE44,188
FUN_0044fef8,0x0044FEF8,0x0045000C,276
FUN_00450010,0x00450010,0x00450188,376
FUN_00450188,0x00450188,0x0045024C,196
FUN_004502a8,0x004502A8,0x00450424,380
FUN_00450428,0x00450428,0x00450574,332
FUN_00450578,0x00450578,0x00450604,140
FUN_00450608,0x00450608,0x00450748,320
FUN_00450748,0x00450748,0x00450814,204
FUN_00450818,0x00450818,0x00450934,284
FUN_00450938,0x00450938,0x004509F4,188
FUN_004509f8,0x004509F8,0x00450BC4,460
FUN_00450bd0,0x00450BD0,0x00450CDC,268
FUN_00450ce0,0x00450CE0,0x00450D48,104
FUN_00450d48,0x00450D48,0x00450DCC,132
FUN_00450dd0,0x00450DD0,0x00450E4C,124
FUN_00450e50,0x00450E50,0x00450F68,276
FUN_00450f68,0x00450F68,0x00450FEC,132
FUN_00450ff0,0x00450FF0,0x0045111C,300
FUN_00451120,0x00451120,0x004511E0,192
FUN_004511e0,0x004511E0,0x00451340,352
FUN_00451340,0x00451340,0x004517B0,1132
FUN_004517b0,0x004517B0,0x00451A2C,636
FUN_00451a30,0x00451A30,0x00451C84,596
FUN_00451cc8,0x00451CC8,0x00451D64,156
FUN_00451d68,0x00451D68,0x00451DB0,72
FUN_00451db0,0x00451DB0,0x00451DF8,72
FUN_00451df8,0x00451DF8,0x00451EFC,260
FUN_00451f08,0x00451F08,0x00451FC4,188
FUN_00451fd0,0x00451FD0,0x0045201C,76
FUN_00452028,0x00452028,0x00452098,112
FUN_00452098,0x00452098,0x004520D8,64
FUN_004520d8,0x004520D8,0x00452138,96
FUN_00452148,0x00452148,0x00452194,76
FUN_004521a0,0x004521A0,0x00452208,104
FUN_00452208,0x00452208,0x00452234,44
FUN_00452238,0x00452238,0x00452258,32
FUN_00452258,0x00452258,0x004522C0,104
FUN_004522c0,0x004522C0,0x00452328,104
FUN_00452328,0x00452328,0x004523DC,180
FUN_004523e0,0x004523E0,0x00452484,164
FUN_00452488,0x00452488,0x004524B8,48
FUN_004524b8,0x004524B8,0x004524DC,36
FUN_004524e0,0x004524E0,0x0045256C,136
FUN_00452570,0x00452570,0x004525B8,72
FUN_004525b8,0x004525B8,0x00452684,204
FUN_00452688,0x00452688,0x004528C0,568
FUN_004528c0,0x004528C0,0x00452988,200
FUN_00452988,0x00452988,0x00452B3C,300
FUN_00452b40,0x00452B40,0x00452DF4,692
FUN_00452df8,0x00452DF8,0x00452F68,368
FUN_00452f68,0x00452F68,0x0045312C,452
FUN_00453130,0x00453130,0x004531E0,176
FUN_004531e0,0x004531E0,0x004531E8,8
FUN_004531f0,0x004531F0,0x00453238,72
FUN_00453240,0x00453240,0x004532BC,124
FUN_004532c0,0x004532C0,0x004532CC,12
FUN_004532d0,0x004532D0,0x004532E0,16
FUN_004532e8,0x004532E8,0x0045331C,52
FUN_00453330,0x00453330,0x004533A8,120
FUN_004533a8,0x004533A8,0x0045341C,116
FUN_00453420,0x00453420,0x00453464,68
FUN_00453468,0x00453468,0x004534BC,84
FUN_004534e8,0x004534E8,0x004535B4,204
FUN_004535b8,0x004535B8,0x004535CC,20
FUN_004535d0,0x004535D0,0x004535DC,12
FUN_004535e0,0x004535E0,0x004535EC,12
FUN_004535f0,0x004535F0,0x0045365C,108
FUN_00453660,0x00453660,0x00453684,36
FUN_00453688,0x00453688,0x004536AC,36
FUN_004536b0,0x004536B0,0x00453940,656
FUN_00453940,0x00453940,0x00453C00,704
FUN_00453c00,0x00453C00,0x00454020,1056
FUN_00454020,0x00454020,0x004540E0,192
FUN_004540e0,0x004540E0,0x00454170,144
FUN_00454170,0x00454170,0x00454330,448
FUN_00454330,0x00454330,0x00454808,1240
FUN_00454a30,0x00454A30,0x00454C00,464
FUN_00454c00,0x00454C00,0x004552A8,1704
FUN_004552a8,0x004552A8,0x00457050,7592
FUN_00457050,0x00457050,0x00457430,992
FUN_00457430,0x00457430,0x00457560,300
FUN_00457560,0x00457560,0x00457570,16
FUN_00457570,0x00457570,0x00457610,160
FUN_00457610,0x00457610,0x004576D8,200
FUN_004576d8,0x004576D8,0x0045772C,84
FUN_00457730,0x00457730,0x00457770,64
FUN_00457770,0x00457770,0x004578F4,388
FUN_004578f8,0x004578F8,0x00457FFC,1796
FUN_00458000,0x00458000,0x00458250,592
FUN_00458250,0x00458250,0x004586D8,1160
FUN_004586d8,0x004586D8,0x004588F4,540
FUN_004588f8,0x004588F8,0x00458B38,576
FUN_00458b38,0x00458B38,0x00458E64,812
FUN_00458e68,0x00458E68,0x00459290,1064
FUN_00459290,0x00459290,0x0045942C,412
FUN_00459430,0x00459430,0x00459988,1368
FUN_00459988,0x00459988,0x00459B00,376
FUN_00459b00,0x00459B00,0x00459C68,360
FUN_00459c68,0x00459C68,0x00459DE8,384
FUN_00459de8,0x00459DE8,0x00459ED0,232
FUN_00459ed0,0x00459ED0,0x00459F5C,140
FUN_00459f60,0x00459F60,0x00459FF4,148
FUN_00459ff8,0x00459FF8,0x0045A02C,52
thunk_FUN_00459f60,0x0045A030,0x0045A038,8
FUN_0045a038,0x0045A038,0x0045A0F4,188
FUN_0045a0f8,0x0045A0F8,0x0045A1E4,236
FUN_0045a1e8,0x0045A1E8,0x0045A2A8,192
FUN_0045a2a8,0x0045A2A8,0x0045A424,380
FUN_0045b118,0x0045B118,0x0045B1B8,160
FUN_0045b1b8,0x0045B1B8,0x0045B358,412
FUN_0045b358,0x0045B358,0x0045B66C,788
FUN_0045b670,0x0045B670,0x0045B91C,684
FUN_0045b920,0x0045B920,0x0045B9C0,160
FUN_0045b9c0,0x0045B9C0,0x0045BB04,320
FUN_0045bb08,0x0045BB08,0x0045BC48,320
FUN_0045bc48,0x0045BC48,0x0045BD30,232
FUN_0045bf58,0x0045BF58,0x0045C124,452
FUN_0045c128,0x0045C128,0x0045C15C,52
thunk_FUN_00459f60,0x0045C160,0x0045C168,8
FUN_0045c168,0x0045C168,0x0045C2BC,336
FUN_0045c2c0,0x0045C2C0,0x0045C2C8,8
FUN_0045c2c8,0x0045C2C8,0x0045C318,80
FUN_0045c318,0x0045C318,0x0045C3A4,140
FUN_0045c3a8,0x0045C3A8,0x0045C43C,148
FUN_0045c440,0x0045C440,0x0045C534,244
FUN_0045c538,0x0045C538,0x0045C5E8,176
FUN_0045c5f8,0x0045C5F8,0x0045C980,904
FUN_0045c988,0x0045C988,0x0045C9FC,116
FUN_0045ca00,0x0045CA00,0x0045CA74,116
FUN_0045ca78,0x0045CA78,0x0045CB5C,228
FUN_0045cb60,0x0045CB60,0x0045CCB0,336
FUN_0045ccb0,0x0045CCB0,0x0045CD18,104
FUN_0045cd18,0x0045CD18,0x0045CD8C,116
FUN_0045cd90,0x0045CD90,0x0045CFC8,568
FUN_0045cfc8,0x0045CFC8,0x0045CFE0,24
FUN_0045cfe0,0x0045CFE0,0x0045CFEC,12
FUN_0045cff0,0x0045CFF0,0x0045D0DC,236
FUN_0045d0dc,0x0045D0DC,0x0045D170,148
FUN_0045d170,0x0045D170,0x0045D21C,172
FUN_0045d21c,0x0045D21C,0x0045D318,252
FUN_0045d318,0x0045D318,0x0045D3D0,184
FUN_0045d3d0,0x0045D3D0,0x0045D438,104
FUN_0045d438,0x0045D438,0x0045D4AC,116
FUN_0045d4ac,0x0045D4AC,0x0045D5DC,304
FUN_0045d5dc,0x0045D5DC,0x0045D77C,416
FUN_0045d77c,0x0045D77C,0x0045D8C8,332
FUN_0045d8c8,0x0045D8C8,0x0045D9E0,280
FUN_0045d9e0,0x0045D9E0,0x0045DB24,324
FUN_0045db28,0x0045DB28,0x0045DCDC,436
FUN_0045dce0,0x0045DCE0,0x0045DEA8,452
FUN_0045dea8,0x0045DEA8,0x0045E070,456
FUN_0045e070,0x0045E070,0x0045E124,180
FUN_0045e128,0x0045E128,0x0045E234,268
FUN_0045e238,0x0045E238,0x0045E360,296
FUN_0045e360,0x0045E360,0x0045E3B8,88
FUN_0045e3b8,0x0045E3B8,0x0045E42C,116
FUN_0045e430,0x0045E430,0x0045E50C,220
FUN_0045e510,0x0045E510,0x0045E59C,140
FUN_0045e5a0,0x0045E5A0,0x0045E67C,220
FUN_0045e680,0x0045E680,0x0045E6AC,44
FUN_0045e6b0,0x0045E6B0,0x0045E6D0,32
FUN_0045e6d0,0x0045E6D0,0x0045E6F4,36
FUN_0045e6f8,0x0045E6F8,0x0045E73C,68
FUN_0045e740,0x0045E740,0x0045E790,80
FUN_0045e790,0x0045E790,0x0045E7C0,48
FUN_0045e7c0,0x0045E7C0,0x0045E8D4,276
FUN_0045e8d8,0x0045E8D8,0x0045E91C,68
FUN_0045e920,0x0045E920,0x0045ED2C,1036
FUN_0045ed30,0x0045ED30,0x0045EE34,260
FUN_0045ee38,0x0045EE38,0x0045F1FC,960
FUN_0045f200,0x0045F200,0x0045F294,148
FUN_0045f298,0x0045F298,0x0045F320,136
FUN_0045f320,0x0045F320,0x0045F3E4,196
FUN_0045f3f0,0x0045F3F0,0x0045F454,100
FUN_0045f458,0x0045F458,0x0045F4DC,132
FUN_0045f4e0,0x0045F4E0,0x0045F508,40
FUN_0045f508,0x0045F508,0x0045F524,28
FUN_0045f528,0x0045F528,0x0045F690,360
FUN_0045f690,0x0045F690,0x0045F6D8,72
FUN_0045f6d8,0x0045F6D8,0x0045F758,128
FUN_0045f760,0x0045F760,0x0045F7F8,152
FUN_0045f7f8,0x0045F7F8,0x0045F85C,100
FUN_0045f860,0x0045F860,0x0045F8E0,128
FUN_0045f8e0,0x0045F8E0,0x0045F948,104
FUN_0045f948,0x0045F948,0x0045F968,32
FUN_0045f968,0x0045F968,0x0045FAFC,404
FUN_0045fb00,0x0045FB00,0x00460610,2832
FUN_00460610,0x00460610,0x00460700,236
FUN_00460708,0x00460708,0x0046075C,84
FUN_00460768,0x00460768,0x00460850,232
FUN_00460850,0x00460850,0x00460860,16
FUN_00460860,0x00460860,0x00460890,48
FUN_00460890,0x00460890,0x0046092C,156
FUN_00460930,0x00460930,0x0046094C,28
FUN_00460950,0x00460950,0x00460978,40
FUN_00460978,0x00460978,0x00460CB4,828
FUN_00460cb8,0x00460CB8,0x00460CC8,16
FUN_00460cc8,0x00460CC8,0x00461BC0,3828
FUN_00461bc0,0x00461BC0,0x00461BEC,44
FUN_00461bf8,0x00461BF8,0x00461E08,524
FUN_00461e08,0x00461E08,0x00461E3C,52
FUN_00461e40,0x00461E40,0x00461E5C,28
CaseInsensitiveByteStringCompare,0x00461E60,0x00461EDC,124
FUN_00461ee0,0x00461EE0,0x00461EFC,28
FUN_00461f00,0x00461F00,0x00461F6C,108
FUN_00461f70,0x00461F70,0x00462310,928
FUN_00462310,0x00462310,0x0046238C,124
FUN_00462390,0x00462390,0x00462454,196
FUN_00462458,0x00462458,0x004624D4,120
FUN_004624d8,0x004624D8,0x0046254C,116
FUN_00462550,0x00462550,0x00462574,36
FUN_00462578,0x00462578,0x00462614,156
FUN_00462618,0x00462618,0x00462694,124
FUN_00462698,0x00462698,0x004626A0,8
FUN_004626a0,0x004626A0,0x0046270C,108
FUN_00462710,0x00462710,0x00462788,120
FUN_00462788,0x00462788,0x00462824,156
FUN_00462828,0x00462828,0x00462DE4,1468
FUN_00462de8,0x00462DE8,0x00462EF0,264
FUN_00462ef0,0x00462EF0,0x00462FBC,204
FUN_00462fc0,0x00462FC0,0x00464004,4164
FUN_00464008,0x00464008,0x004641B8,432
FUN_004641b8,0x004641B8,0x004642C0,264
FUN_004642c0,0x004642C0,0x004642F0,48
FUN_004642f0,0x004642F0,0x004651F4,3844
FUN_004651f8,0x004651F8,0x00465424,556
FUN_00465428,0x00465428,0x0046545C,52
CaseFoldByteForComparison,0x00465460,0x00465480,32
FUN_00465480,0x00465480,0x004654A0,32
FUN_004654a0,0x004654A0,0x004654AC,12
FUN_004654b8,0x004654B8,0x004654DC,36
FUN_004654e0,0x004654E0,0x004656CC,492
FUN_004656d0,0x004656D0,0x00465B14,1088
FUN_00465b18,0x00465B18,0x0046612C,1552
FUN_00466130,0x00466130,0x004662D8,420
FUN_004662d8,0x004662D8,0x00466330,88
FUN_00466330,0x00466330,0x0046638C,92
FUN_00466390,0x00466390,0x004663F0,96
FUN_004663f0,0x004663F0,0x00466450,96
FUN_00466450,0x00466450,0x004664B0,96
FUN_004664b8,0x004664B8,0x00466518,96
FUN_00466518,0x00466518,0x0046655C,68
FUN_00466560,0x00466560,0x00466608,168
FUN_00466608,0x00466608,0x004666B0,168
FUN_004666b0,0x004666B0,0x004666E4,52
FUN_004666e8,0x004666E8,0x004667F0,264
FUN_004667f0,0x004667F0,0x00466924,308
FUN_00466928,0x00466928,0x004669AC,132
FUN_004669b0,0x004669B0,0x00466A70,192
FUN_00466a70,0x00466A70,0x00466AA8,56
FUN_00466aa8,0x00466AA8,0x00466CB0,520
FUN_00466cb0,0x00466CB0,0x00466DB0,252
FUN_00466db0,0x00466DB0,0x00466F04,336
FUN_00466f08,0x00466F08,0x00466F70,104
FUN_00466f70,0x00466F70,0x004670FC,396
FUN_00467100,0x00467100,0x004671C8,200
FUN_004671c8,0x004671C8,0x00467360,408
FUN_00467360,0x00467360,0x004674DC,380
FUN_004674e0,0x004674E0,0x004675A0,192
SetGsCrt,0x004675E0,0x004675F0,16
_Exit,0x00467600,0x00467610,16
AddIntcHandler,0x004676C0,0x004676D0,16
AddIntcHandler,0x004676D0,0x004676E0,16
RemoveIntcHandler,0x004676E0,0x004676F0,16
AddDmacHandler,0x004676F0,0x00467700,16
AddDmacHandler,0x00467700,0x00467710,16
RemoveDmacHandler,0x00467710,0x00467720,16
_EnableIntc,0x00467720,0x00467730,16
_DisableIntc,0x00467730,0x00467740,16
_EnableDmac,0x00467740,0x00467750,16
_DisableDmac,0x00467750,0x00467760,16
CreateThread,0x004677E0,0x004677F0,16
DeleteThread,0x004677F0,0x00467800,16
_StartThread,0x00467800,0x00467810,16
TerminateThread,0x00467830,0x00467840,16
ChangeThreadPriority,0x00467870,0x00467880,16
RotateThreadReadyQueue,0x00467890,0x004678A0,16
GetThreadId,0x004678D0,0x004678E0,16
ReferThreadStatus,0x004678E0,0x004678F0,16
SleepThread,0x00467900,0x00467910,16
WakeupThread,0x00467910,0x00467920,16
_iWakeupThread,0x00467920,0x00467930,16
SuspendThread,0x00467950,0x00467960,16
CreateSema,0x004679E0,0x004679F0,16
DeleteSema,0x004679F0,0x00467A00,16
SignalSema,0x00467A00,0x00467A10,16
iSignalSema,0x00467A10,0x00467A20,16
WaitSema,0x00467A20,0x00467A30,16
PollSema,0x00467A30,0x00467A40,16
SetOsdConfigParam,0x00467A80,0x00467A90,16
GetOsdConfigParam,0x00467A90,0x00467AA0,16
FlushCache,0x00467C60,0x00467C70,16
sceSifStopDma,0x00467CB0,0x00467CC0,16
GetOsdConfigParam2,0x00467CF0,0x00467D00,16
GsPutIMR,0x00467D20,0x00467D30,16
SetVSyncFlag,0x00467D50,0x00467D60,16
sceSifDmaStat,0x00467D80,0x00467D90,16
sceSifSetDma,0x00467DA0,0x00467DB0,16
isceSifSetDma,0x00467DB0,0x00467DC0,16
sceSifSetDChain,0x00467DC0,0x00467DD0,16
isceSifSetDChain,0x00467DD0,0x00467DE0,16
sceSifSetReg,0x00467DE0,0x00467DF0,16
sceSifGetReg,0x00467DF0,0x00467E00,16
Deci2Call,0x00467E10,0x00467E20,16
GetMemorySize,0x00467E40,0x00467E50,16
_InitTLB,0x00467E50,0x00467E60,16
FUN_00467e60,0x00467E60,0x00467E6C,12
FUN_00467e70,0x00467E70,0x00467F00,144
FUN_00467f00,0x00467F00,0x00467FA4,164
FUN_00467fa8,0x00467FA8,0x00468024,124
FUN_00468028,0x00468028,0x0046809C,116
FUN_004680a0,0x004680A0,0x004680C8,40
FUN_004680c8,0x004680C8,0x004680D0,8
FUN_004680d0,0x004680D0,0x004680D8,8
FUN_004680e0,0x004680E0,0x004680F4,20
FUN_004680f8,0x004680F8,0x0046819C,164
FUN_004681a0,0x004681A0,0x0046821C,124
FUN_00468240,0x00468240,0x00468250,16
FUN_00468250,0x00468250,0x004682B8,104
FUN_004682b8,0x004682B8,0x00468320,104
FUN_00468320,0x00468320,0x00468388,104
FUN_00468388,0x00468388,0x004683F0,104
FUN_004683f0,0x004683F0,0x004684C8,216
FUN_004684c8,0x004684C8,0x004685B4,236
FUN_004685b8,0x004685B8,0x0046864C,148
FUN_00468658,0x00468658,0x00468720,200
FUN_00468720,0x00468720,0x00468898,376
FUN_00468898,0x00468898,0x004688C0,40
FUN_004688c0,0x004688C0,0x004688E4,36
FUN_004688e8,0x004688E8,0x00468924,60
FUN_00468928,0x00468928,0x00468964,60
FUN_00468968,0x00468968,0x00468AFC,400
FUN_00468b00,0x00468B00,0x00468C74,372
FUN_00468c78,0x00468C78,0x00468D48,208
FUN_00468d48,0x00468D48,0x00468E04,188
FUN_00468e08,0x00468E08,0x00468E40,56
FUN_00468e40,0x00468E40,0x00468EF0,176
FUN_00468ef0,0x00468EF0,0x00468F24,52
FUN_00468f28,0x00468F28,0x00468FB8,144
FUN_00468fb8,0x00468FB8,0x00469190,468
FUN_00469190,0x00469190,0x00469EA4,3348
FUN_00469f00,0x00469F00,0x00469F28,40
FUN_00469f28,0x00469F28,0x00469F50,40
FUN_00469f50,0x00469F50,0x00469F9C,76
FUN_00469fa0,0x00469FA0,0x00469FE8,72
FUN_00469fe8,0x00469FE8,0x0046A068,128
FUN_0046a068,0x0046A068,0x0046A0E8,128
FUN_0046a118,0x0046A118,0x0046A130,24
FUN_0046a140,0x0046A140,0x0046A3C0,640
FUN_0046a3c0,0x0046A3C0,0x0046A3F4,52
FUN_0046a3f8,0x0046A3F8,0x0046A470,120
FUN_0046a470,0x0046A470,0x0046A4BC,76
FUN_0046a4c0,0x0046A4C0,0x0046A5F4,308
FUN_0046a5f8,0x0046A5F8,0x0046A634,60
FUN_0046a638,0x0046A638,0x0046A674,60
FUN_0046a678,0x0046A678,0x0046A7C0,328
FUN_0046a7c0,0x0046A7C0,0x0046A86C,172
FUN_0046a870,0x0046A870,0x0046AA0C,412
FUN_0046aa10,0x0046AA10,0x0046AA34,36
FUN_0046aa38,0x0046AA38,0x0046AAE0,168
FUN_0046aae0,0x0046AAE0,0x0046AAFC,28
FUN_0046ab00,0x0046AB00,0x0046AB30,48
FUN_0046ab30,0x0046AB30,0x0046AB70,64
FUN_0046ab70,0x0046AB70,0x0046AC3C,204
FUN_0046ac40,0x0046AC40,0x0046AC80,64
FUN_0046ac80,0x0046AC80,0x0046AD50,208
FUN_0046ad58,0x0046AD58,0x0046ADA4,76
FUN_0046ada8,0x0046ADA8,0x0046ADE8,64
FUN_0046ade8,0x0046ADE8,0x0046AEB4,204
FUN_0046aeb8,0x0046AEB8,0x0046B004,332
FUN_0046b098,0x0046B098,0x0046B298,512
FUN_0046b298,0x0046B298,0x0046B2D4,60
FUN_0046b2d8,0x0046B2D8,0x0046B36C,148
FUN_0046b370,0x0046B370,0x0046B440,208
FUN_0046b448,0x0046B448,0x0046B4A0,88
FUN_0046b4a0,0x0046B4A0,0x0046B664,452
FUN_0046b668,0x0046B668,0x0046B6A8,60
FUN_0046b6a8,0x0046B6A8,0x0046B718,112
FUN_0046b720,0x0046B720,0x0046B7A8,136
FUN_0046b7a8,0x0046B7A8,0x0046B894,236
FUN_0046b898,0x0046B898,0x0046B904,108
FUN_0046b908,0x0046B908,0x0046BCBC,944
GetOrCreateGlobalSema48DAC4,0x0046BCC0,0x0046BD14,84
WaitOnGlobalSema48DAC4,0x0046BD18,0x0046BD44,44
FUN_0046bd48,0x0046BD48,0x0046BD54,12
FUN_0046bda0,0x0046BDA0,0x0046BFA8,520
FUN_0046bfa8,0x0046BFA8,0x0046C034,140
FUN_0046c038,0x0046C038,0x0046C06C,52
FUN_0046c070,0x0046C070,0x0046C300,656
FUN_0046c300,0x0046C300,0x0046C478,376
FUN_0046c478,0x0046C478,0x0046C6B4,572
FUN_0046c6b8,0x0046C6B8,0x0046C924,616
FUN_0046c928,0x0046C928,0x0046CAD8,432
FUN_0046caf8,0x0046CAF8,0x0046CBC0,200
FUN_0046cbc0,0x0046CBC0,0x0046CD24,356
FUN_0046cd28,0x0046CD28,0x0046CE7C,340
FUN_0046ceb0,0x0046CEB0,0x0046CF38,136
FUN_0046cf38,0x0046CF38,0x0046CFA8,112
FUN_0046cfa8,0x0046CFA8,0x0046D020,120
FUN_0046d020,0x0046D020,0x0046D03C,28
FUN_0046d050,0x0046D050,0x0046D150,256
FUN_0046d150,0x0046D150,0x0046D1DC,140
FUN_0046d1e0,0x0046D1E0,0x0046D218,56
FUN_0046d218,0x0046D218,0x0046D2B8,160
FUN_0046d2c8,0x0046D2C8,0x0046D4EC,548
FUN_0046d4f0,0x0046D4F0,0x0046D50C,28
FUN_0046d530,0x0046D530,0x0046D684,340
FUN_0046d688,0x0046D688,0x0046D6D8,80
FUN_0046d6d8,0x0046D6D8,0x0046D7E8,272
FUN_0046d7e8,0x0046D7E8,0x0046D838,80
FUN_0046d838,0x0046D838,0x0046D850,24
FUN_0046d850,0x0046D850,0x0046D8B0,96
FUN_0046d930,0x0046D930,0x0046D940,16
FUN_0046d948,0x0046D948,0x0046DA44,252
RFU116_SetSyscall,0x0046DA48,0x0046DA58,16
FUN_0046da58,0x0046DA58,0x0046DAAC,84
RFU116_SetSyscall,0x0046DAB0,0x0046DAC0,16
FUN_0046dac0,0x0046DAC0,0x0046DAD0,16
RFU091,0x0046DB08,0x0046DB18,16
FUN_0046db18,0x0046DB18,0x0046DB80,104
FUN_0046db80,0x0046DB80,0x0046DC2C,172
thunk_FUN_0046f078,0x0046DC60,0x0046DC68,8
FUN_0046dc68,0x0046DC68,0x0046DC90,40
RFU116_SetSyscall,0x0046DC98,0x0046DCA8,16
FUN_0046dca8,0x0046DCA8,0x0046DCB8,16
RFU091,0x0046DCF0,0x0046DD00,16
FUN_0046dd00,0x0046DD00,0x0046DDD4,212
FUN_0046ddd8,0x0046DDD8,0x0046DE40,104
FUN_0046de48,0x0046DE48,0x0046DE58,16
FUN_0046de58,0x0046DE58,0x0046DE68,16
FUN_0046de68,0x0046DE68,0x0046DE78,16
FUN_0046de78,0x0046DE78,0x0046DFCC,340
FUN_0046dfd8,0x0046DFD8,0x0046E068,144
FUN_0046e070,0x0046E070,0x0046E200,400
FUN_0046e200,0x0046E200,0x0046E284,128
FUN_0046e288,0x0046E288,0x0046E2C0,56
FUN_0046e2c0,0x0046E2C0,0x0046E564,676
FUN_0046e568,0x0046E568,0x0046E5B4,76
FUN_0046e5b8,0x0046E5B8,0x0046E634,124
FUN_0046e638,0x0046E638,0x0046E6A8,112
FUN_0046e6a8,0x0046E6A8,0x0046E6F0,72
FUN_0046e700,0x0046E700,0x0046E7AC,172
FUN_0046e7b0,0x0046E7B0,0x0046E7FC,76
FUN_0046e830,0x0046E830,0x0046E924,244
FUN_0046e928,0x0046E928,0x0046E9A4,124
FUN_0046e9a8,0x0046E9A8,0x0046EA18,112
FUN_0046ea28,0x0046EA28,0x0046EA74,76
FUN_0046ea78,0x0046EA78,0x0046EAD4,92
FUN_0046ead8,0x0046EAD8,0x0046EC04,300
FUN_0046ec08,0x0046EC08,0x0046ECF8,240
FUN_0046ecf8,0x0046ECF8,0x0046ED1C,36
FUN_0046ed30,0x0046ED30,0x0046EDD8,168
FUN_0046edd8,0x0046EDD8,0x0046EE1C,68
FUN_0046ee28,0x0046EE28,0x0046EE58,48
FUN_0046ee58,0x0046EE58,0x0046EE7C,36
FUN_0046ee88,0x0046EE88,0x0046EEBC,52
FUN_0046eec0,0x0046EEC0,0x0046EEF4,52
FUN_0046ef08,0x0046EF08,0x0046EF2C,36
FUN_0046ef38,0x0046EF38,0x0046EF48,16
RFU091,0x0046EF80,0x0046EF90,16
RFU116_SetSyscall,0x0046EF90,0x0046EFA0,16
FUN_0046efa0,0x0046EFA0,0x0046F064,196
RFU086_WaitEvnetFlag,0x0046F068,0x0046F078,16
FUN_0046f078,0x0046F078,0x0046F0B8,64
FUN_0046f0b8,0x0046F0B8,0x0046F2AC,500
FUN_0046f420,0x0046F420,0x0046F47C,92
FUN_0046f480,0x0046F480,0x0046F56C,236
FUN_0046f570,0x0046F570,0x0046FBD8,1628
FUN_0046fbd8,0x0046FBD8,0x0046FBEC,20
FUN_0046fbf0,0x0046FBF0,0x0046FBFC,12
FUN_0046fc00,0x0046FC00,0x0046FC94,148
FUN_0046fc98,0x0046FC98,0x0046FD90,248
FUN_0046fd98,0x0046FD98,0x0046FF30,408
FUN_0046ff30,0x0046FF30,0x0046FFD4,164
FUN_0046ffd8,0x0046FFD8,0x0047002C,84
FUN_00470030,0x00470030,0x00470060,48
FUN_00470068,0x00470068,0x004700D0,104
FUN_004700d0,0x004700D0,0x00470138,104
FUN_00470140,0x00470140,0x00470188,72
FUN_00470188,0x00470188,0x004702A4,284
FUN_004702b0,0x004702B0,0x004702F8,72
FUN_004702f8,0x004702F8,0x0047033C,68
FUN_00470340,0x00470340,0x00470388,72
FUN_00470388,0x00470388,0x004703D0,72
FUN_004703d0,0x004703D0,0x00470400,48
FUN_00470400,0x00470400,0x00470448,72
FUN_00470448,0x00470448,0x00470490,72
FUN_00470490,0x00470490,0x004704F8,104
FUN_004704f8,0x004704F8,0x00470540,72
FUN_00470540,0x00470540,0x004706E8,424
FUN_004706e8,0x004706E8,0x00470ADC,1012
FUN_00470ae0,0x00470AE0,0x00470B1C,60
FUN_00470b20,0x00470B20,0x00470B94,116
FUN_00470bb8,0x00470BB8,0x00470BE0,40
FUN_00470c08,0x00470C08,0x00470C7C,116
FUN_00470cb0,0x00470CB0,0x00470D24,116
FUN_00470d28,0x00470D28,0x00470D7C,84
FUN_00470df8,0x00470DF8,0x00470E24,44
FUN_00470e28,0x00470E28,0x00470E54,44
FUN_00470e58,0x00470E58,0x00470EC8,112
FUN_00470f28,0x00470F28,0x00470F50,40
FUN_00470f88,0x00470F88,0x00470FDC,84
FUN_00470ff0,0x00470FF0,0x00471034,68
FUN_00471038,0x00471038,0x0047107C,68
FUN_00471080,0x00471080,0x00471180,256
FUN_00471180,0x00471180,0x00471194,20
FUN_00471198,0x00471198,0x00471234,156
FUN_00471238,0x00471238,0x00471280,72
FUN_00471280,0x00471280,0x004712B0,48
FUN_004712c8,0x004712C8,0x004712E4,28
FUN_004712e8,0x004712E8,0x0047132C,68
FUN_00471330,0x00471330,0x004713B0,128
FUN_004713b0,0x004713B0,0x00471438,136
FUN_00471438,0x00471438,0x004714B4,124
FUN_00471740,0x00471740,0x00471794,84
FUN_00471798,0x00471798,0x004717DC,68
FUN_004717e0,0x004717E0,0x00471824,68
FUN_00471828,0x00471828,0x00471890,104
FUN_00471890,0x00471890,0x004719A0,272
FUN_004719a0,0x004719A0,0x004719E8,72
FUN_004719e8,0x004719E8,0x00471A7C,148
FUN_00471a80,0x00471A80,0x00471AC8,72
FUN_00471ac8,0x00471AC8,0x00471B10,72
FUN_00471b10,0x00471B10,0x00471B58,72
FUN_00471b58,0x00471B58,0x00471BA0,72
FUN_00471ba0,0x00471BA0,0x00471BF0,80
FUN_00471bf0,0x00471BF0,0x00471C34,68
FUN_00471ca0,0x00471CA0,0x00471CE8,72
FUN_00471ce8,0x00471CE8,0x00471D20,56
FUN_00471d20,0x00471D20,0x00471D88,104
FUN_00471d88,0x00471D88,0x00471DCC,68
FUN_00471dd0,0x00471DD0,0x00472118,840
FUN_00472118,0x00472118,0x00472160,72
FUN_00472160,0x00472160,0x004721B0,80
FUN_004721b0,0x004721B0,0x00472248,152
FUN_00472248,0x00472248,0x00472278,48
FUN_00472278,0x00472278,0x004722BC,68
FUN_004722c0,0x004722C0,0x004722E8,40
FUN_004722e8,0x004722E8,0x004723B4,204
FUN_004723c0,0x004723C0,0x0047243C,124
FUN_00472440,0x00472440,0x004724C8,136
FUN_004724c8,0x004724C8,0x0047253C,116
FUN_00472540,0x00472540,0x00472588,72
FUN_00472618,0x00472618,0x00472644,44
FUN_00472648,0x00472648,0x00472674,44
FUN_00472678,0x00472678,0x00472780,264
FUN_00472790,0x00472790,0x00472804,116
FUN_00472808,0x00472808,0x00472850,72
FUN_00472860,0x00472860,0x004729C8,360
FUN_004729c8,0x004729C8,0x004729D8,16
FUN_004729d8,0x004729D8,0x004729FC,36
FUN_00472a10,0x00472A10,0x00472A20,16
FUN_00472a28,0x00472A28,0x00472A3C,20
FUN_00472a40,0x00472A40,0x00472A70,48
FUN_00472a70,0x00472A70,0x00472AD0,96
FUN_00472ad0,0x00472AD0,0x00472B30,96
FUN_00472b30,0x00472B30,0x00472B54,36
FUN_00472b58,0x00472B58,0x00472C64,268
FUN_00472c68,0x00472C68,0x00472CA4,60
FUN_00472cb0,0x00472CB0,0x00472CF8,72
FUN_00472d38,0x00472D38,0x00472D64,44
FUN_00472d68,0x00472D68,0x00472D94,44
FUN_00472d98,0x00472D98,0x00472EB0,280
FUN_00473038,0x00473038,0x0047307C,68
FUN_00473080,0x00473080,0x0047309C,28
FUN_004730a0,0x004730A0,0x004730BC,28
FUN_004730c0,0x004730C0,0x0047311C,92
FUN_00473120,0x00473120,0x00473160,64
FUN_00473160,0x00473160,0x004731A8,72
FUN_004731a8,0x004731A8,0x0047323C,148
FUN_00473240,0x00473240,0x004732BC,124
FUN_004732c0,0x004732C0,0x004732F8,56
FUN_004732f8,0x004732F8,0x00473340,72
FUN_00473340,0x00473340,0x0047335C,28
FUN_00473448,0x00473448,0x004734DC,148
FUN_004734e8,0x004734E8,0x00473530,72
FUN_00473530,0x00473530,0x00473578,72
FUN_00473578,0x00473578,0x0047358C,20
FUN_004735f8,0x004735F8,0x0047361C,36
FUN_00473638,0x00473638,0x00473658,32
FUN_00473658,0x00473658,0x00473668,16
FUN_00473668,0x00473668,0x004737C4,348
FUN_004737c8,0x004737C8,0x00473B70,936
FUN_00473b70,0x00473B70,0x00473BC8,88
FUN_00473bc8,0x00473BC8,0x00473C20,88
FUN_00473ca0,0x00473CA0,0x00473CF4,84
FUN_00473d78,0x00473D78,0x00473DA4,44
FUN_00473da8,0x00473DA8,0x00473DD4,44
FUN_00473dd8,0x00473DD8,0x00473E30,88
FUN_00473e40,0x00473E40,0x00473E94,84
FUN_00473ea8,0x00473EA8,0x00473EEC,68
FUN_00473f00,0x00473F00,0x00473F44,68
FUN_00473f48,0x00473F48,0x00473F50,8
FUN_00473f50,0x00473F50,0x00473FB8,104
FUN_00473fb8,0x00473FB8,0x00474000,72
FUN_00474000,0x00474000,0x0047401C,28
FUN_00474020,0x00474020,0x004740B4,148
FUN_004740b8,0x004740B8,0x00474100,72
FUN_00474108,0x00474108,0x00474140,56
FUN_00474140,0x00474140,0x00474170,48
FUN_00474170,0x00474170,0x004741DC,108
FUN_004741e0,0x004741E0,0x00474390,432
FUN_00474390,0x00474390,0x004743D8,72
FUN_004743d8,0x004743D8,0x004743EC,20
FUN_004743f0,0x004743F0,0x00474448,88
FUN_004744c8,0x004744C8,0x00474598,208
FUN_00474598,0x00474598,0x004745E8,80
FUN_004746e8,0x004746E8,0x00474744,92
FUN_00474748,0x00474748,0x004747D4,140
FUN_004747d8,0x004747D8,0x004748A8,208
FUN_004748a8,0x004748A8,0x004748D8,48
FUN_004748d8,0x004748D8,0x00474A58,384
FUN_00474a58,0x00474A58,0x00474AA8,80
FUN_00474aa8,0x00474AA8,0x00474BEC,324
FUN_00474bf0,0x00474BF0,0x00474D54,356
FUN_00474d58,0x00474D58,0x0047580C,2740
FUN_00475810,0x00475810,0x00475A00,496
FUN_00475a10,0x00475A10,0x00475AC4,180
FUN_00475ac8,0x00475AC8,0x00475B1C,84
FUN_00475b20,0x00475B20,0x00475C84,356
FUN_00475c88,0x00475C88,0x00475CF0,104
FUN_00475cf0,0x00475CF0,0x00475F10,544
FUN_00476018,0x00476018,0x00476060,72
FUN_00476060,0x00476060,0x0047608C,44
FUN_00476090,0x00476090,0x00476200,368
FUN_00476210,0x00476210,0x00476284,116
FUN_00476288,0x00476288,0x004762DC,84
FUN_004762e0,0x004762E0,0x00476324,68
FUN_00476378,0x00476378,0x004763A8,48
FUN_004763d8,0x004763D8,0x004763E8,16
FUN_004763e8,0x004763E8,0x00476428,64
FUN_00476428,0x00476428,0x00476454,44
FUN_00476458,0x00476458,0x00476488,48
FUN_004764c0,0x004764C0,0x00476500,64
FUN_00476500,0x00476500,0x00476534,52
FUN_00476538,0x00476538,0x004765A4,108
FUN_004765a8,0x004765A8,0x004765B8,16
FUN_004765b8,0x004765B8,0x004765E8,48
FUN_004765e8,0x004765E8,0x00476640,88
FUN_00476748,0x00476748,0x00476798,80
FUN_00476798,0x00476798,0x004767E8,80
FUN_004767e8,0x004767E8,0x00476954,364
FUN_00476958,0x00476958,0x004769DC,132
FUN_004769e8,0x004769E8,0x00476A58,112
FUN_00476ab0,0x00476AB0,0x00476AF0,64
FUN_00476af0,0x00476AF0,0x00476B84,148
FUN_00476b90,0x00476B90,0x00476BD8,72
FUN_00476bd8,0x00476BD8,0x00476BE4,12
FUN_00476be8,0x00476BE8,0x00476BF0,8
FUN_00476ca8,0x00476CA8,0x00476CE0,56
FUN_00476ce0,0x00476CE0,0x00476D28,72
FUN_00476d28,0x00476D28,0x00476E64,316
FUN_00476e68,0x00476E68,0x00476F7C,276
FUN_00476f80,0x00476F80,0x004771F4,628
FUN_004771f8,0x004771F8,0x004775B4,956
FUN_004775b8,0x004775B8,0x004775F8,64
FUN_004775f8,0x004775F8,0x00477638,64
FUN_00477640,0x00477640,0x00477684,68
FUN_00477688,0x00477688,0x004776BC,52
FUN_004776c0,0x004776C0,0x00477780,192
FUN_00477780,0x00477780,0x004777C8,72
FUN_004777d0,0x004777D0,0x004778C8,248
FUN_004778c8,0x004778C8,0x00477954,140
FUN_00477958,0x00477958,0x004779A0,72
FUN_004779a0,0x004779A0,0x004779E4,68
FUN_004779e8,0x004779E8,0x00477A30,72
FUN_00477a30,0x00477A30,0x00477A3C,12
FUN_00477a40,0x00477A40,0x00477AF4,180
FUN_00477b30,0x00477B30,0x00477B68,56
FUN_00477b68,0x00477B68,0x00477B84,28
FUN_00477b88,0x00477B88,0x00477B90,8
FUN_00477b90,0x00477B90,0x00477DA4,532
FUN_00477da8,0x00477DA8,0x00477E68,192
FUN_00477e68,0x00477E68,0x00477EE0,120
FUN_00477ee0,0x00477EE0,0x00478058,376
FUN_00478058,0x00478058,0x00478078,32
FUN_00478078,0x00478078,0x0047819C,292
FUN_004781a0,0x004781A0,0x00478454,692
FUN_00478458,0x00478458,0x00478510,184
FUN_00478510,0x00478510,0x00478650,320
FUN_00478650,0x00478650,0x004786C4,116
FUN_004786c8,0x004786C8,0x0047874C,132
FUN_00478750,0x00478750,0x00478804,180
FUN_00478808,0x00478808,0x00478868,96
FUN_00478868,0x00478868,0x00478870,8
FUN_00478870,0x00478870,0x00478968,248
FUN_00478968,0x00478968,0x00478990,40
FUN_00478990,0x00478990,0x004789D8,72
FUN_00478a70,0x00478A70,0x00478AB8,72
FUN_00478b10,0x00478B10,0x00478B3C,44
FUN_00478b40,0x00478B40,0x00478B6C,44
FUN_00478b70,0x00478B70,0x00478C30,192
FUN_00478c30,0x00478C30,0x00478C50,32
FUN_00478c68,0x00478C68,0x00478CB0,72
FUN_00478cc0,0x00478CC0,0x00478CDC,28
FUN_00478ce0,0x00478CE0,0x00478CFC,28
FUN_00478d00,0x00478D00,0x00478D1C,28
FUN_00478d20,0x00478D20,0x00478D3C,28
FUN_00478de8,0x00478DE8,0x00478E6C,132
FUN_00478e70,0x00478E70,0x00478EAC,60
FUN_00478f30,0x00478F30,0x00478FC4,148
FUN_00478fc8,0x00478FC8,0x00479010,72
FUN_004790b8,0x004790B8,0x004791D0,280
FUN_004791d0,0x004791D0,0x00479238,104
FUN_00479238,0x00479238,0x00479254,28
FUN_00479268,0x00479268,0x004792FC,148
FUN_00479300,0x00479300,0x00479394,148
FUN_00479398,0x00479398,0x0047942C,148
FUN_00479430,0x00479430,0x004794C4,148
FUN_004794c8,0x004794C8,0x0047955C,148
FUN_00479600,0x00479600,0x00479608,8
FUN_00479608,0x00479608,0x00479634,44
FUN_00479638,0x00479638,0x00479668,48
FUN_004796e0,0x004796E0,0x00479728,72
FUN_00479728,0x00479728,0x00479754,44
FUN_00479758,0x00479758,0x00479880,296
FUN_00479880,0x00479880,0x004798F4,116
FUN_004798f8,0x004798F8,0x00479940,72
FUN_004799d0,0x004799D0,0x004799FC,44
FUN_00479a00,0x00479A00,0x00479A2C,44
FUN_00479a30,0x00479A30,0x00479AF8,200
FUN_00479b08,0x00479B08,0x00479B50,72
FUN_00479b88,0x00479B88,0x00479BCC,68
FUN_00479bd0,0x00479BD0,0x00479C98,200
FUN_00479c98,0x00479C98,0x00479F50,696
FUN_00479f60,0x00479F60,0x00479F94,52
FUN_00479f98,0x00479F98,0x0047A068,208
FUN_0047a068,0x0047A068,0x0047A0A4,60
FUN_0047a0f8,0x0047A0F8,0x0047A124,44
FUN_0047a1a0,0x0047A1A0,0x0047A208,104
FUN_0047a208,0x0047A208,0x0047A2BC,180
FUN_0047a2c0,0x0047A2C0,0x0047A2C8,8
FUN_0047a2c8,0x0047A2C8,0x0047A318,80
FUN_0047a318,0x0047A318,0x0047A378,96
FUN_0047a378,0x0047A378,0x0047A5A4,556
FUN_0047a5a8,0x0047A5A8,0x0047A6C8,288
FUN_0047a6c8,0x0047A6C8,0x0047A830,360
FUN_0047a830,0x0047A830,0x0047AAEC,700
FUN_0047ab90,0x0047AB90,0x0047AC0C,124
FUN_0047ac58,0x0047AC58,0x0047ACA0,72
FUN_0047ace0,0x0047ACE0,0x0047AD0C,44
FUN_0047ad10,0x0047AD10,0x0047AD3C,44
FUN_0047ad40,0x0047AD40,0x0047ADCC,140
FUN_0047add0,0x0047ADD0,0x0047ADF0,32
FUN_0047ae08,0x0047AE08,0x0047AF54,332
FUN_0047af60,0x0047AF60,0x0047AFA8,72
FUN_0047afc8,0x0047AFC8,0x0047B030,104
FUN_0047b030,0x0047B030,0x0047B078,72
FUN_0047b078,0x0047B078,0x0047B13C,196
FUN_0047b140,0x0047B140,0x0047B188,72
FUN_0047b188,0x0047B188,0x0047B1E4,92
FUN_0047b338,0x0047B338,0x0047B380,72
FUN_0047b380,0x0047B380,0x0047B39C,28
FUN_0047b3a8,0x0047B3A8,0x0047B3E4,60
FUN_0047b3e8,0x0047B3E8,0x0047B430,72
FUN_0047b470,0x0047B470,0x0047B49C,44
FUN_0047b4a0,0x0047B4A0,0x0047B4CC,44
FUN_0047b4d0,0x0047B4D0,0x0047B5A0,208
FUN_0047b5a0,0x0047B5A0,0x0047B5C0,32
FUN_0047b680,0x0047B680,0x0047B7CC,332
FUN_0047b7d0,0x0047B7D0,0x0047B8E4,276
FUN_0047b8e8,0x0047B8E8,0x0047BB5C,628
FUN_0047bb68,0x0047BB68,0x0047BB84,28
FUN_0047bb88,0x0047BB88,0x0047BC14,140
FUN_0047bc18,0x0047BC18,0x0047BC34,28
FUN_0047bc38,0x0047BC38,0x0047BC78,64
FUN_0047bc78,0x0047BC78,0x0047BCCC,84
FUN_0047bcd0,0x0047BCD0,0x0047BD64,148
FUN_0047bd68,0x0047BD68,0x0047BDDC,116
FUN_0047bde0,0x0047BDE0,0x0047BE00,32
FUN_0047be00,0x0047BE00,0x0047BE48,72
FUN_0047be48,0x0047BE48,0x0047BE64,28
FUN_0047bef8,0x0047BEF8,0x0047BF24,44
FUN_0047bf28,0x0047BF28,0x0047BF54,44
FUN_0047bf58,0x0047BF58,0x0047C064,268
FUN_0047c078,0x0047C078,0x0047C0C0,72
FUN_0047c0d0,0x0047C0D0,0x0047C19C,204
FUN_0047c1a0,0x0047C1A0,0x0047C26C,204
FUN_0047c270,0x0047C270,0x0047C2B8,72
FUN_0047c2b8,0x0047C2B8,0x0047C2D4,28
FUN_0047c2d8,0x0047C2D8,0x0047C364,140
FUN_0047c368,0x0047C368,0x0047C384,28
FUN_0047c388,0x0047C388,0x0047C420,152
FUN_0047c420,0x0047C420,0x0047C43C,28
FUN_0047c440,0x0047C440,0x0047C480,64
FUN_0047c480,0x0047C480,0x0047C4D4,84
FUN_0047c4d8,0x0047C4D8,0x0047C4F4,28
FUN_0047c4f8,0x0047C4F8,0x0047C538,64
FUN_0047c538,0x0047C538,0x0047C58C,84
FUN_0047c590,0x0047C590,0x0047C62C,156
FUN_0047c630,0x0047C630,0x0047C6C4,148
FUN_0047c768,0x0047C768,0x0047C7C4,92
FUN_0047c810,0x0047C810,0x0047C860,80
FUN_0047c860,0x0047C860,0x0047C9A4,324
FUN_0047c9a8,0x0047C9A8,0x0047CA04,92
FUN_0047ca08,0x0047CA08,0x0047CA94,140
FUN_0047ca98,0x0047CA98,0x0047CAEC,84
FUN_0047caf0,0x0047CAF0,0x0047CC54,356
FUN_0047cc58,0x0047CC58,0x0047CE48,496
FUN_0047ce48,0x0047CE48,0x0047CEF4,172
FUN_0047cef8,0x0047CEF8,0x0047CFBC,196
FUN_0047cfc0,0x0047CFC0,0x0047D97C,2492
FUN_0047d980,0x0047D980,0x0047DA48,200
FUN_0047da48,0x0047DA48,0x0047E4FC,2740
FUN_0047e608,0x0047E608,0x0047E67C,116
FUN_0047e680,0x0047E680,0x0047E6D4,84
FUN_0047e6d8,0x0047E6D8,0x0047E700,40
FUN_0047e780,0x0047E780,0x0047E7AC,44
FUN_0047e7b0,0x0047E7B0,0x0047E7DC,44
FUN_0047e7e0,0x0047E7E0,0x0047E870,144
FUN_0047e880,0x0047E880,0x0047E8D4,84
FUN_0047ea38,0x0047EA38,0x0047EACC,148
FUN_0047eae0,0x0047EAE0,0x0047EB74,148
FUN_0047eb78,0x0047EB78,0x0047EB94,28
FUN_0047eb98,0x0047EB98,0x0047EC2C,148
FUN_0047ec30,0x0047EC30,0x0047EC78,72
FUN_0047ec78,0x0047EC78,0x0047EC94,28
FUN_0047eca0,0x0047ECA0,0x0047ECD8,56
FUN_0047ecd8,0x0047ECD8,0x0047ED00,40
FUN_0047ed00,0x0047ED00,0x0047ED58,88
FUN_0047ed58,0x0047ED58,0x0047EDB0,88
FUN_0047edb0,0x0047EDB0,0x0047EE08,88
FUN_0047ef38,0x0047EF38,0x0047EF68,48
FUN_0047ef98,0x0047EF98,0x0047F030,152
FUN_0047f040,0x0047F040,0x0047F0D4,148
FUN_0047f0e0,0x0047F0E0,0x0047F128,72
FUN_0047f128,0x0047F128,0x0047F144,28
FUN_0047f218,0x0047F218,0x0047F220,8
FUN_0047f228,0x0047F228,0x0047F25C,52
FUN_0047f3a8,0x0047F3A8,0x0047F474,204
FUN_0047f840,0x0047F840,0x0047F8B4,116
FUN_0047f8b8,0x0047F8B8,0x0047F900,72
FUN_0047f990,0x0047F990,0x0047F9BC,44
FUN_0047f9c0,0x0047F9C0,0x0047F9EC,44
FUN_0047f9f0,0x0047F9F0,0x0047FAB8,200
FUN_0047fac8,0x0047FAC8,0x0047FB10,72
FUN_0047fb10,0x0047FB10,0x0047FB50,64
FUN_0047fb50,0x0047FB50,0x0047FBD0,128
FUN_0047fbd0,0x0047FBD0,0x0047FC18,72
FUN_0047fc70,0x0047FC70,0x0047FC9C,44
FUN_0047fca0,0x0047FCA0,0x0047FCCC,44
FUN_0047fcd0,0x0047FCD0,0x0047FD0C,60
FUN_0047fd10,0x0047FD10,0x0047FD30,32
FUN_0047fd48,0x0047FD48,0x0047FD78,48
FUN_0047fdf0,0x0047FDF0,0x0047FE38,72
FUN_0047ff38,0x0047FF38,0x0047FF5C,36
FUN_0047ff70,0x0047FF70,0x0047FF9C,44
FUN_0047ffa0,0x0047FFA0,0x00480004,100
FUN_00480008,0x00480008,0x00480030,40
FUN_00480030,0x00480030,0x00480364,820
FUN_00480368,0x00480368,0x004804E8,384
FUN_004804e8,0x004804E8,0x004807F4,780
